[2025-03-27T09:41:06.880+0000] {manager.py:483} INFO - Processing files using up to 2 processes at a time 
[2025-03-27T09:41:06.881+0000] {manager.py:484} INFO - Process each file at most once every 30 seconds
[2025-03-27T09:41:06.882+0000] {manager.py:485} INFO - Checking for new files in /opt/airflow/dags every 300 seconds
[2025-03-27T09:41:06.882+0000] {manager.py:821} INFO - Searching for files in /opt/airflow/dags
[2025-03-27T09:41:06.894+0000] {manager.py:824} INFO - There are 1 files in /opt/airflow/dags
[2025-03-27T09:41:06.989+0000] {manager.py:997} INFO - 
================================================================================
DAG File Processing Stats

File Path                             PID  Runtime      # DAGs    # Errors  Last Runtime    Last Run      Last # of DB Queries
----------------------------------  -----  ---------  --------  ----------  --------------  ----------  ----------------------
/opt/airflow/dags/crawl_f1_data.py    173  0.03s             0           0                                                   0
================================================================================
[2025-03-27T09:41:37.204+0000] {manager.py:997} INFO - 
================================================================================
DAG File Processing Stats

File Path                           PID    Runtime      # DAGs    # Errors  Last Runtime    Last Run               Last # of DB Queries
----------------------------------  -----  ---------  --------  ----------  --------------  -------------------  ----------------------
/opt/airflow/dags/crawl_f1_data.py                           1           0  0.63s           2025-03-27T09:41:07                      45
================================================================================
[2025-03-27T09:42:07.211+0000] {manager.py:997} INFO - 
================================================================================
DAG File Processing Stats

File Path                           PID    Runtime      # DAGs    # Errors  Last Runtime    Last Run               Last # of DB Queries
----------------------------------  -----  ---------  --------  ----------  --------------  -------------------  ----------------------
/opt/airflow/dags/crawl_f1_data.py                           1           0  0.16s           2025-03-27T09:41:37                      12
================================================================================
[2025-03-27T09:42:37.470+0000] {manager.py:997} INFO - 
================================================================================
DAG File Processing Stats

File Path                           PID    Runtime      # DAGs    # Errors  Last Runtime    Last Run               Last # of DB Queries
----------------------------------  -----  ---------  --------  ----------  --------------  -------------------  ----------------------
/opt/airflow/dags/crawl_f1_data.py                           1           0  0.18s           2025-03-27T09:42:08                      12
================================================================================
[2025-03-27T09:43:07.762+0000] {manager.py:997} INFO - 
================================================================================
DAG File Processing Stats

File Path                           PID    Runtime      # DAGs    # Errors  Last Runtime    Last Run               Last # of DB Queries
----------------------------------  -----  ---------  --------  ----------  --------------  -------------------  ----------------------
/opt/airflow/dags/crawl_f1_data.py                           1           0  0.21s           2025-03-27T09:42:38                      12
================================================================================
[2025-03-27T09:43:38.151+0000] {manager.py:997} INFO - 
================================================================================
DAG File Processing Stats

File Path                           PID    Runtime      # DAGs    # Errors  Last Runtime    Last Run               Last # of DB Queries
----------------------------------  -----  ---------  --------  ----------  --------------  -------------------  ----------------------
/opt/airflow/dags/crawl_f1_data.py                           1           0  0.17s           2025-03-27T09:43:08                      12
================================================================================
[2025-03-27T09:44:08.387+0000] {manager.py:997} INFO - 
================================================================================
DAG File Processing Stats

File Path                           PID    Runtime      # DAGs    # Errors  Last Runtime    Last Run               Last # of DB Queries
----------------------------------  -----  ---------  --------  ----------  --------------  -------------------  ----------------------
/opt/airflow/dags/crawl_f1_data.py                           1           0  0.17s           2025-03-27T09:43:39                      12
================================================================================
[2025-03-27T09:44:38.742+0000] {manager.py:997} INFO - 
================================================================================
DAG File Processing Stats

File Path                           PID    Runtime      # DAGs    # Errors  Last Runtime    Last Run               Last # of DB Queries
----------------------------------  -----  ---------  --------  ----------  --------------  -------------------  ----------------------
/opt/airflow/dags/crawl_f1_data.py                           1           0  0.17s           2025-03-27T09:44:09                      12
================================================================================
[2025-03-27T09:45:08.982+0000] {manager.py:997} INFO - 
================================================================================
DAG File Processing Stats

File Path                           PID    Runtime      # DAGs    # Errors  Last Runtime    Last Run               Last # of DB Queries
----------------------------------  -----  ---------  --------  ----------  --------------  -------------------  ----------------------
/opt/airflow/dags/crawl_f1_data.py                           1           0  0.17s           2025-03-27T09:44:39                      12
================================================================================
[2025-03-27T09:45:39.321+0000] {manager.py:997} INFO - 
================================================================================
DAG File Processing Stats

File Path                           PID    Runtime      # DAGs    # Errors  Last Runtime    Last Run               Last # of DB Queries
----------------------------------  -----  ---------  --------  ----------  --------------  -------------------  ----------------------
/opt/airflow/dags/crawl_f1_data.py                           1           0  0.16s           2025-03-27T09:45:10                      12
================================================================================
[2025-03-27T09:46:07.569+0000] {manager.py:821} INFO - Searching for files in /opt/airflow/dags
[2025-03-27T09:46:07.590+0000] {manager.py:824} INFO - There are 1 files in /opt/airflow/dags
[2025-03-27T09:46:09.622+0000] {manager.py:997} INFO - 
================================================================================
DAG File Processing Stats

File Path                           PID    Runtime      # DAGs    # Errors  Last Runtime    Last Run               Last # of DB Queries
----------------------------------  -----  ---------  --------  ----------  --------------  -------------------  ----------------------
/opt/airflow/dags/crawl_f1_data.py                           1           0  0.15s           2025-03-27T09:45:40                      12
================================================================================
[2025-03-27T09:46:39.926+0000] {manager.py:997} INFO - 
================================================================================
DAG File Processing Stats

File Path                           PID    Runtime      # DAGs    # Errors  Last Runtime    Last Run               Last # of DB Queries
----------------------------------  -----  ---------  --------  ----------  --------------  -------------------  ----------------------
/opt/airflow/dags/crawl_f1_data.py                           1           0  0.16s           2025-03-27T09:46:10                      12
================================================================================
[2025-03-27T09:47:10.205+0000] {manager.py:997} INFO - 
================================================================================
DAG File Processing Stats

File Path                           PID    Runtime      # DAGs    # Errors  Last Runtime    Last Run               Last # of DB Queries
----------------------------------  -----  ---------  --------  ----------  --------------  -------------------  ----------------------
/opt/airflow/dags/crawl_f1_data.py                           1           0  0.19s           2025-03-27T09:46:41                      12
================================================================================
[2025-03-27T09:47:40.548+0000] {manager.py:997} INFO - 
================================================================================
DAG File Processing Stats

File Path                           PID    Runtime      # DAGs    # Errors  Last Runtime    Last Run               Last # of DB Queries
----------------------------------  -----  ---------  --------  ----------  --------------  -------------------  ----------------------
/opt/airflow/dags/crawl_f1_data.py                           1           0  0.16s           2025-03-27T09:47:11                      12
================================================================================
[2025-03-27T09:48:10.789+0000] {manager.py:997} INFO - 
================================================================================
DAG File Processing Stats

File Path                           PID    Runtime      # DAGs    # Errors  Last Runtime    Last Run               Last # of DB Queries
----------------------------------  -----  ---------  --------  ----------  --------------  -------------------  ----------------------
/opt/airflow/dags/crawl_f1_data.py                           1           0  0.15s           2025-03-27T09:47:41                      12
================================================================================
[2025-03-27T09:48:41.148+0000] {manager.py:997} INFO - 
================================================================================
DAG File Processing Stats

File Path                           PID    Runtime      # DAGs    # Errors  Last Runtime    Last Run               Last # of DB Queries
----------------------------------  -----  ---------  --------  ----------  --------------  -------------------  ----------------------
/opt/airflow/dags/crawl_f1_data.py                           1           0  0.17s           2025-03-27T09:48:11                      12
================================================================================
[2025-03-27T09:49:11.411+0000] {manager.py:997} INFO - 
================================================================================
DAG File Processing Stats

File Path                           PID    Runtime      # DAGs    # Errors  Last Runtime    Last Run               Last # of DB Queries
----------------------------------  -----  ---------  --------  ----------  --------------  -------------------  ----------------------
/opt/airflow/dags/crawl_f1_data.py                           1           0  0.17s           2025-03-27T09:48:42                      12
================================================================================
[2025-03-27T09:49:41.737+0000] {manager.py:997} INFO - 
================================================================================
DAG File Processing Stats

File Path                           PID    Runtime      # DAGs    # Errors  Last Runtime    Last Run               Last # of DB Queries
----------------------------------  -----  ---------  --------  ----------  --------------  -------------------  ----------------------
/opt/airflow/dags/crawl_f1_data.py                           1           0  0.19s           2025-03-27T09:49:12                      12
================================================================================
[2025-03-27T09:50:12.029+0000] {manager.py:997} INFO - 
================================================================================
DAG File Processing Stats

File Path                           PID    Runtime      # DAGs    # Errors  Last Runtime    Last Run               Last # of DB Queries
----------------------------------  -----  ---------  --------  ----------  --------------  -------------------  ----------------------
/opt/airflow/dags/crawl_f1_data.py                           1           0  0.12s           2025-03-27T09:49:42                      12
================================================================================
[2025-03-27T09:50:42.270+0000] {manager.py:997} INFO - 
================================================================================
DAG File Processing Stats

File Path                           PID    Runtime      # DAGs    # Errors  Last Runtime    Last Run               Last # of DB Queries
----------------------------------  -----  ---------  --------  ----------  --------------  -------------------  ----------------------
/opt/airflow/dags/crawl_f1_data.py                           1           0  0.18s           2025-03-27T09:50:13                      12
================================================================================
[2025-03-27T09:51:07.589+0000] {manager.py:821} INFO - Searching for files in /opt/airflow/dags
[2025-03-27T09:51:07.609+0000] {manager.py:824} INFO - There are 1 files in /opt/airflow/dags
[2025-03-27T09:51:12.657+0000] {manager.py:997} INFO - 
================================================================================
DAG File Processing Stats

File Path                           PID    Runtime      # DAGs    # Errors  Last Runtime    Last Run               Last # of DB Queries
----------------------------------  -----  ---------  --------  ----------  --------------  -------------------  ----------------------
/opt/airflow/dags/crawl_f1_data.py                           1           0  0.14s           2025-03-27T09:50:43                      12
================================================================================
[2025-03-27T09:51:42.885+0000] {manager.py:997} INFO - 
================================================================================
DAG File Processing Stats

File Path                           PID    Runtime      # DAGs    # Errors  Last Runtime    Last Run               Last # of DB Queries
----------------------------------  -----  ---------  --------  ----------  --------------  -------------------  ----------------------
/opt/airflow/dags/crawl_f1_data.py                           1           0  0.12s           2025-03-27T09:51:13                      12
================================================================================
[2025-03-27T09:52:13.180+0000] {manager.py:997} INFO - 
================================================================================
DAG File Processing Stats

File Path                           PID    Runtime      # DAGs    # Errors  Last Runtime    Last Run               Last # of DB Queries
----------------------------------  -----  ---------  --------  ----------  --------------  -------------------  ----------------------
/opt/airflow/dags/crawl_f1_data.py                           1           0  0.16s           2025-03-27T09:51:44                      12
================================================================================
[2025-03-27T09:52:43.501+0000] {manager.py:997} INFO - 
================================================================================
DAG File Processing Stats

File Path                           PID    Runtime      # DAGs    # Errors  Last Runtime    Last Run               Last # of DB Queries
----------------------------------  -----  ---------  --------  ----------  --------------  -------------------  ----------------------
/opt/airflow/dags/crawl_f1_data.py                           1           0  0.16s           2025-03-27T09:52:14                      12
================================================================================
[2025-03-27T09:53:13.805+0000] {manager.py:997} INFO - 
================================================================================
DAG File Processing Stats

File Path                           PID    Runtime      # DAGs    # Errors  Last Runtime    Last Run               Last # of DB Queries
----------------------------------  -----  ---------  --------  ----------  --------------  -------------------  ----------------------
/opt/airflow/dags/crawl_f1_data.py                           1           0  0.18s           2025-03-27T09:52:44                      12
================================================================================
[2025-03-27T09:53:44.110+0000] {manager.py:997} INFO - 
================================================================================
DAG File Processing Stats

File Path                           PID    Runtime      # DAGs    # Errors  Last Runtime    Last Run               Last # of DB Queries
----------------------------------  -----  ---------  --------  ----------  --------------  -------------------  ----------------------
/opt/airflow/dags/crawl_f1_data.py                           1           0  0.17s           2025-03-27T09:53:14                      12
================================================================================
[2025-03-27T09:54:14.421+0000] {manager.py:997} INFO - 
================================================================================
DAG File Processing Stats

File Path                           PID    Runtime      # DAGs    # Errors  Last Runtime    Last Run               Last # of DB Queries
----------------------------------  -----  ---------  --------  ----------  --------------  -------------------  ----------------------
/opt/airflow/dags/crawl_f1_data.py                           1           0  0.19s           2025-03-27T09:53:45                      12
================================================================================
[2025-03-27T09:54:44.801+0000] {manager.py:997} INFO - 
================================================================================
DAG File Processing Stats

File Path                           PID    Runtime      # DAGs    # Errors  Last Runtime    Last Run               Last # of DB Queries
----------------------------------  -----  ---------  --------  ----------  --------------  -------------------  ----------------------
/opt/airflow/dags/crawl_f1_data.py                           1           0  0.15s           2025-03-27T09:54:15                      12
================================================================================
[2025-03-27T09:55:15.044+0000] {manager.py:997} INFO - 
================================================================================
DAG File Processing Stats

File Path                           PID    Runtime      # DAGs    # Errors  Last Runtime    Last Run               Last # of DB Queries
----------------------------------  -----  ---------  --------  ----------  --------------  -------------------  ----------------------
/opt/airflow/dags/crawl_f1_data.py                           1           0  0.19s           2025-03-27T09:54:46                      12
================================================================================
[2025-03-27T09:55:45.435+0000] {manager.py:997} INFO - 
================================================================================
DAG File Processing Stats

File Path                           PID    Runtime      # DAGs    # Errors  Last Runtime    Last Run               Last # of DB Queries
----------------------------------  -----  ---------  --------  ----------  --------------  -------------------  ----------------------
/opt/airflow/dags/crawl_f1_data.py                           1           0  0.16s           2025-03-27T09:55:16                      12
================================================================================
[2025-03-27T09:56:07.611+0000] {manager.py:821} INFO - Searching for files in /opt/airflow/dags
[2025-03-27T09:56:07.631+0000] {manager.py:824} INFO - There are 1 files in /opt/airflow/dags
[2025-03-27T09:56:15.711+0000] {manager.py:997} INFO - 
================================================================================
DAG File Processing Stats

File Path                           PID    Runtime      # DAGs    # Errors  Last Runtime    Last Run               Last # of DB Queries
----------------------------------  -----  ---------  --------  ----------  --------------  -------------------  ----------------------
/opt/airflow/dags/crawl_f1_data.py                           1           0  0.16s           2025-03-27T09:55:46                      12
================================================================================
[2025-03-27T09:56:46.023+0000] {manager.py:997} INFO - 
================================================================================
DAG File Processing Stats

File Path                           PID    Runtime      # DAGs    # Errors  Last Runtime    Last Run               Last # of DB Queries
----------------------------------  -----  ---------  --------  ----------  --------------  -------------------  ----------------------
/opt/airflow/dags/crawl_f1_data.py                           1           0  0.21s           2025-03-27T09:56:16                      12
================================================================================
[2025-03-27T09:57:16.348+0000] {manager.py:997} INFO - 
================================================================================
DAG File Processing Stats

File Path                           PID    Runtime      # DAGs    # Errors  Last Runtime    Last Run               Last # of DB Queries
----------------------------------  -----  ---------  --------  ----------  --------------  -------------------  ----------------------
/opt/airflow/dags/crawl_f1_data.py                           1           0  0.18s           2025-03-27T09:56:47                      12
================================================================================
[2025-03-27T09:57:46.653+0000] {manager.py:997} INFO - 
================================================================================
DAG File Processing Stats

File Path                           PID    Runtime      # DAGs    # Errors  Last Runtime    Last Run               Last # of DB Queries
----------------------------------  -----  ---------  --------  ----------  --------------  -------------------  ----------------------
/opt/airflow/dags/crawl_f1_data.py                           1           0  0.16s           2025-03-27T09:57:17                      12
================================================================================
[2025-03-27T09:58:16.948+0000] {manager.py:997} INFO - 
================================================================================
DAG File Processing Stats

File Path                           PID    Runtime      # DAGs    # Errors  Last Runtime    Last Run               Last # of DB Queries
----------------------------------  -----  ---------  --------  ----------  --------------  -------------------  ----------------------
/opt/airflow/dags/crawl_f1_data.py                           1           0  0.17s           2025-03-27T09:57:47                      12
================================================================================
[2025-03-27T09:58:47.266+0000] {manager.py:997} INFO - 
================================================================================
DAG File Processing Stats

File Path                           PID    Runtime      # DAGs    # Errors  Last Runtime    Last Run               Last # of DB Queries
----------------------------------  -----  ---------  --------  ----------  --------------  -------------------  ----------------------
/opt/airflow/dags/crawl_f1_data.py                           1           0  0.17s           2025-03-27T09:58:18                      12
================================================================================
[2025-03-27T09:59:17.538+0000] {manager.py:997} INFO - 
================================================================================
DAG File Processing Stats

File Path                           PID    Runtime      # DAGs    # Errors  Last Runtime    Last Run               Last # of DB Queries
----------------------------------  -----  ---------  --------  ----------  --------------  -------------------  ----------------------
/opt/airflow/dags/crawl_f1_data.py                           1           0  0.15s           2025-03-27T09:58:48                      12
================================================================================
[2025-03-27T09:59:47.838+0000] {manager.py:997} INFO - 
================================================================================
DAG File Processing Stats

File Path                           PID    Runtime      # DAGs    # Errors  Last Runtime    Last Run               Last # of DB Queries
----------------------------------  -----  ---------  --------  ----------  --------------  -------------------  ----------------------
/opt/airflow/dags/crawl_f1_data.py                           1           0  0.22s           2025-03-27T09:59:18                      12
================================================================================
[2025-03-27T10:00:18.200+0000] {manager.py:997} INFO - 
================================================================================
DAG File Processing Stats

File Path                           PID    Runtime      # DAGs    # Errors  Last Runtime    Last Run               Last # of DB Queries
----------------------------------  -----  ---------  --------  ----------  --------------  -------------------  ----------------------
/opt/airflow/dags/crawl_f1_data.py                           1           0  0.14s           2025-03-27T09:59:48                      12
================================================================================
[2025-03-27T10:00:48.446+0000] {manager.py:997} INFO - 
================================================================================
DAG File Processing Stats

File Path                           PID    Runtime      # DAGs    # Errors  Last Runtime    Last Run               Last # of DB Queries
----------------------------------  -----  ---------  --------  ----------  --------------  -------------------  ----------------------
/opt/airflow/dags/crawl_f1_data.py                           1           0  0.15s           2025-03-27T10:00:19                      12
================================================================================
[2025-03-27T10:01:07.705+0000] {manager.py:821} INFO - Searching for files in /opt/airflow/dags
[2025-03-27T10:01:07.727+0000] {manager.py:824} INFO - There are 1 files in /opt/airflow/dags
[2025-03-27T10:01:18.821+0000] {manager.py:997} INFO - 
================================================================================
DAG File Processing Stats

File Path                           PID    Runtime      # DAGs    # Errors  Last Runtime    Last Run               Last # of DB Queries
----------------------------------  -----  ---------  --------  ----------  --------------  -------------------  ----------------------
/opt/airflow/dags/crawl_f1_data.py                           1           0  0.20s           2025-03-27T10:00:49                      12
================================================================================
[2025-03-27T10:01:49.083+0000] {manager.py:997} INFO - 
================================================================================
DAG File Processing Stats

File Path                           PID    Runtime      # DAGs    # Errors  Last Runtime    Last Run               Last # of DB Queries
----------------------------------  -----  ---------  --------  ----------  --------------  -------------------  ----------------------
/opt/airflow/dags/crawl_f1_data.py                           1           0  0.18s           2025-03-27T10:01:20                      12
================================================================================
[2025-03-27T10:02:19.456+0000] {manager.py:997} INFO - 
================================================================================
DAG File Processing Stats

File Path                           PID    Runtime      # DAGs    # Errors  Last Runtime    Last Run               Last # of DB Queries
----------------------------------  -----  ---------  --------  ----------  --------------  -------------------  ----------------------
/opt/airflow/dags/crawl_f1_data.py                           1           0  0.40s           2025-03-27T10:01:50                      12
================================================================================
[2025-03-27T10:02:49.975+0000] {manager.py:997} INFO - 
================================================================================
DAG File Processing Stats

File Path                           PID    Runtime      # DAGs    # Errors  Last Runtime    Last Run               Last # of DB Queries
----------------------------------  -----  ---------  --------  ----------  --------------  -------------------  ----------------------
/opt/airflow/dags/crawl_f1_data.py                           1           0  0.21s           2025-03-27T10:02:20                      12
================================================================================
[2025-03-27T10:03:20.211+0000] {manager.py:997} INFO - 
================================================================================
DAG File Processing Stats

File Path                           PID    Runtime      # DAGs    # Errors  Last Runtime    Last Run               Last # of DB Queries
----------------------------------  -----  ---------  --------  ----------  --------------  -------------------  ----------------------
/opt/airflow/dags/crawl_f1_data.py                           1           0  0.18s           2025-03-27T10:02:51                      12
================================================================================
[2025-03-27T10:03:50.591+0000] {manager.py:997} INFO - 
================================================================================
DAG File Processing Stats

File Path                           PID    Runtime      # DAGs    # Errors  Last Runtime    Last Run               Last # of DB Queries
----------------------------------  -----  ---------  --------  ----------  --------------  -------------------  ----------------------
/opt/airflow/dags/crawl_f1_data.py                           1           0  0.16s           2025-03-27T10:03:21                      12
================================================================================
[2025-03-27T10:04:20.849+0000] {manager.py:997} INFO - 
================================================================================
DAG File Processing Stats

File Path                           PID    Runtime      # DAGs    # Errors  Last Runtime    Last Run               Last # of DB Queries
----------------------------------  -----  ---------  --------  ----------  --------------  -------------------  ----------------------
/opt/airflow/dags/crawl_f1_data.py                           1           0  0.25s           2025-03-27T10:03:51                      12
================================================================================
[2025-03-27T10:04:51.291+0000] {manager.py:997} INFO - 
================================================================================
DAG File Processing Stats

File Path                           PID    Runtime      # DAGs    # Errors  Last Runtime    Last Run               Last # of DB Queries
----------------------------------  -----  ---------  --------  ----------  --------------  -------------------  ----------------------
/opt/airflow/dags/crawl_f1_data.py                           1           0  0.16s           2025-03-27T10:04:22                      12
================================================================================
[2025-03-27T10:05:21.654+0000] {manager.py:997} INFO - 
================================================================================
DAG File Processing Stats

File Path                           PID    Runtime      # DAGs    # Errors  Last Runtime    Last Run               Last # of DB Queries
----------------------------------  -----  ---------  --------  ----------  --------------  -------------------  ----------------------
/opt/airflow/dags/crawl_f1_data.py                           1           0  0.15s           2025-03-27T10:04:52                      12
================================================================================
[2025-03-27T10:05:51.884+0000] {manager.py:997} INFO - 
================================================================================
DAG File Processing Stats

File Path                           PID    Runtime      # DAGs    # Errors  Last Runtime    Last Run               Last # of DB Queries
----------------------------------  -----  ---------  --------  ----------  --------------  -------------------  ----------------------
/opt/airflow/dags/crawl_f1_data.py                           1           0  0.14s           2025-03-27T10:05:22                      12
================================================================================
[2025-03-27T10:06:08.102+0000] {manager.py:821} INFO - Searching for files in /opt/airflow/dags
[2025-03-27T10:06:08.124+0000] {manager.py:824} INFO - There are 1 files in /opt/airflow/dags
[2025-03-27T10:06:22.241+0000] {manager.py:997} INFO - 
================================================================================
DAG File Processing Stats

File Path                           PID    Runtime      # DAGs    # Errors  Last Runtime    Last Run               Last # of DB Queries
----------------------------------  -----  ---------  --------  ----------  --------------  -------------------  ----------------------
/opt/airflow/dags/crawl_f1_data.py                           1           0  0.16s           2025-03-27T10:05:53                      12
================================================================================
[2025-03-27T10:06:52.493+0000] {manager.py:997} INFO - 
================================================================================
DAG File Processing Stats

File Path                           PID    Runtime      # DAGs    # Errors  Last Runtime    Last Run               Last # of DB Queries
----------------------------------  -----  ---------  --------  ----------  --------------  -------------------  ----------------------
/opt/airflow/dags/crawl_f1_data.py                           1           0  0.15s           2025-03-27T10:06:23                      12
================================================================================
[2025-03-27T10:07:22.821+0000] {manager.py:997} INFO - 
================================================================================
DAG File Processing Stats

File Path                           PID    Runtime      # DAGs    # Errors  Last Runtime    Last Run               Last # of DB Queries
----------------------------------  -----  ---------  --------  ----------  --------------  -------------------  ----------------------
/opt/airflow/dags/crawl_f1_data.py                           1           0  0.20s           2025-03-27T10:06:53                      12
================================================================================
[2025-03-27T10:07:53.121+0000] {manager.py:997} INFO - 
================================================================================
DAG File Processing Stats

File Path                           PID    Runtime      # DAGs    # Errors  Last Runtime    Last Run               Last # of DB Queries
----------------------------------  -----  ---------  --------  ----------  --------------  -------------------  ----------------------
/opt/airflow/dags/crawl_f1_data.py                           1           0  0.16s           2025-03-27T10:07:23                      12
================================================================================
[2025-03-27T10:08:23.422+0000] {manager.py:997} INFO - 
================================================================================
DAG File Processing Stats

File Path                           PID    Runtime      # DAGs    # Errors  Last Runtime    Last Run               Last # of DB Queries
----------------------------------  -----  ---------  --------  ----------  --------------  -------------------  ----------------------
/opt/airflow/dags/crawl_f1_data.py                           1           0  0.18s           2025-03-27T10:07:54                      12
================================================================================
[2025-03-27T10:08:53.765+0000] {manager.py:997} INFO - 
================================================================================
DAG File Processing Stats

File Path                           PID    Runtime      # DAGs    # Errors  Last Runtime    Last Run               Last # of DB Queries
----------------------------------  -----  ---------  --------  ----------  --------------  -------------------  ----------------------
/opt/airflow/dags/crawl_f1_data.py                           1           0  0.26s           2025-03-27T10:08:24                      12
================================================================================
[2025-03-27T10:09:24.143+0000] {manager.py:997} INFO - 
================================================================================
DAG File Processing Stats

File Path                           PID    Runtime      # DAGs    # Errors  Last Runtime    Last Run               Last # of DB Queries
----------------------------------  -----  ---------  --------  ----------  --------------  -------------------  ----------------------
/opt/airflow/dags/crawl_f1_data.py                           1           0  0.20s           2025-03-27T10:08:54                      12
================================================================================
[2025-03-27T10:09:54.384+0000] {manager.py:997} INFO - 
================================================================================
DAG File Processing Stats

File Path                           PID    Runtime      # DAGs    # Errors  Last Runtime    Last Run               Last # of DB Queries
----------------------------------  -----  ---------  --------  ----------  --------------  -------------------  ----------------------
/opt/airflow/dags/crawl_f1_data.py                           1           0  0.19s           2025-03-27T10:09:25                      12
================================================================================
[2025-03-27T10:10:24.759+0000] {manager.py:997} INFO - 
================================================================================
DAG File Processing Stats

File Path                           PID    Runtime      # DAGs    # Errors  Last Runtime    Last Run               Last # of DB Queries
----------------------------------  -----  ---------  --------  ----------  --------------  -------------------  ----------------------
/opt/airflow/dags/crawl_f1_data.py                           1           0  0.15s           2025-03-27T10:09:55                      12
================================================================================
[2025-03-27T10:10:55.002+0000] {manager.py:997} INFO - 
================================================================================
DAG File Processing Stats

File Path                           PID    Runtime      # DAGs    # Errors  Last Runtime    Last Run               Last # of DB Queries
----------------------------------  -----  ---------  --------  ----------  --------------  -------------------  ----------------------
/opt/airflow/dags/crawl_f1_data.py                           1           0  0.16s           2025-03-27T10:10:25                      12
================================================================================
[2025-03-27T10:11:08.247+0000] {manager.py:821} INFO - Searching for files in /opt/airflow/dags
[2025-03-27T10:11:08.270+0000] {manager.py:824} INFO - There are 1 files in /opt/airflow/dags
[2025-03-27T10:11:25.426+0000] {manager.py:997} INFO - 
================================================================================
DAG File Processing Stats

File Path                           PID    Runtime      # DAGs    # Errors  Last Runtime    Last Run               Last # of DB Queries
----------------------------------  -----  ---------  --------  ----------  --------------  -------------------  ----------------------
/opt/airflow/dags/crawl_f1_data.py                           1           0  0.17s           2025-03-27T10:10:56                      12
================================================================================
[2025-03-27T10:11:55.665+0000] {manager.py:997} INFO - 
================================================================================
DAG File Processing Stats

File Path                           PID    Runtime      # DAGs    # Errors  Last Runtime    Last Run               Last # of DB Queries
----------------------------------  -----  ---------  --------  ----------  --------------  -------------------  ----------------------
/opt/airflow/dags/crawl_f1_data.py                           1           0  0.17s           2025-03-27T10:11:26                      12
================================================================================
[2025-03-27T10:12:26.021+0000] {manager.py:997} INFO - 
================================================================================
DAG File Processing Stats

File Path                           PID    Runtime      # DAGs    # Errors  Last Runtime    Last Run               Last # of DB Queries
----------------------------------  -----  ---------  --------  ----------  --------------  -------------------  ----------------------
/opt/airflow/dags/crawl_f1_data.py                           1           0  0.15s           2025-03-27T10:11:56                      12
================================================================================
[2025-03-27T10:12:56.275+0000] {manager.py:997} INFO - 
================================================================================
DAG File Processing Stats

File Path                           PID    Runtime      # DAGs    # Errors  Last Runtime    Last Run               Last # of DB Queries
----------------------------------  -----  ---------  --------  ----------  --------------  -------------------  ----------------------
/opt/airflow/dags/crawl_f1_data.py                           1           0  0.21s           2025-03-27T10:12:27                      12
================================================================================
[2025-03-27T10:13:26.499+0000] {manager.py:997} INFO - 
================================================================================
DAG File Processing Stats

File Path                           PID    Runtime      # DAGs    # Errors  Last Runtime    Last Run               Last # of DB Queries
----------------------------------  -----  ---------  --------  ----------  --------------  -------------------  ----------------------
/opt/airflow/dags/crawl_f1_data.py                           1           0  0.15s           2025-03-27T10:12:57                      12
================================================================================
[2025-03-27T10:13:56.846+0000] {manager.py:997} INFO - 
================================================================================
DAG File Processing Stats

File Path                           PID    Runtime      # DAGs    # Errors  Last Runtime    Last Run               Last # of DB Queries
----------------------------------  -----  ---------  --------  ----------  --------------  -------------------  ----------------------
/opt/airflow/dags/crawl_f1_data.py                           1           0  0.17s           2025-03-27T10:13:27                      12
================================================================================
[2025-03-27T10:14:27.084+0000] {manager.py:997} INFO - 
================================================================================
DAG File Processing Stats

File Path                           PID    Runtime      # DAGs    # Errors  Last Runtime    Last Run               Last # of DB Queries
----------------------------------  -----  ---------  --------  ----------  --------------  -------------------  ----------------------
/opt/airflow/dags/crawl_f1_data.py                           1           0  0.18s           2025-03-27T10:13:58                      12
================================================================================
[2025-03-27T10:14:57.438+0000] {manager.py:997} INFO - 
================================================================================
DAG File Processing Stats

File Path                           PID    Runtime      # DAGs    # Errors  Last Runtime    Last Run               Last # of DB Queries
----------------------------------  -----  ---------  --------  ----------  --------------  -------------------  ----------------------
/opt/airflow/dags/crawl_f1_data.py                           1           0  0.17s           2025-03-27T10:14:28                      12
================================================================================
[2025-03-27T10:15:27.679+0000] {manager.py:997} INFO - 
================================================================================
DAG File Processing Stats

File Path                           PID    Runtime      # DAGs    # Errors  Last Runtime    Last Run               Last # of DB Queries
----------------------------------  -----  ---------  --------  ----------  --------------  -------------------  ----------------------
/opt/airflow/dags/crawl_f1_data.py                           1           0  0.18s           2025-03-27T10:14:58                      12
================================================================================
[2025-03-27T10:15:58.023+0000] {manager.py:997} INFO - 
================================================================================
DAG File Processing Stats

File Path                           PID    Runtime      # DAGs    # Errors  Last Runtime    Last Run               Last # of DB Queries
----------------------------------  -----  ---------  --------  ----------  --------------  -------------------  ----------------------
/opt/airflow/dags/crawl_f1_data.py                           1           0  0.17s           2025-03-27T10:15:28                      12
================================================================================
[2025-03-27T10:16:08.273+0000] {manager.py:821} INFO - Searching for files in /opt/airflow/dags
[2025-03-27T10:16:08.293+0000] {manager.py:824} INFO - There are 1 files in /opt/airflow/dags
[2025-03-27T10:16:28.264+0000] {manager.py:997} INFO - 
================================================================================
DAG File Processing Stats

File Path                           PID    Runtime      # DAGs    # Errors  Last Runtime    Last Run               Last # of DB Queries
----------------------------------  -----  ---------  --------  ----------  --------------  -------------------  ----------------------
/opt/airflow/dags/crawl_f1_data.py                           1           0  0.17s           2025-03-27T10:15:59                      12
================================================================================
[2025-03-27T10:16:58.658+0000] {manager.py:997} INFO - 
================================================================================
DAG File Processing Stats

File Path                           PID    Runtime      # DAGs    # Errors  Last Runtime    Last Run               Last # of DB Queries
----------------------------------  -----  ---------  --------  ----------  --------------  -------------------  ----------------------
/opt/airflow/dags/crawl_f1_data.py                           1           0  0.16s           2025-03-27T10:16:29                      12
================================================================================
[2025-03-27T10:17:28.893+0000] {manager.py:997} INFO - 
================================================================================
DAG File Processing Stats

File Path                           PID    Runtime      # DAGs    # Errors  Last Runtime    Last Run               Last # of DB Queries
----------------------------------  -----  ---------  --------  ----------  --------------  -------------------  ----------------------
/opt/airflow/dags/crawl_f1_data.py                           1           0  0.16s           2025-03-27T10:16:59                      12
================================================================================
[2025-03-27T10:17:59.244+0000] {manager.py:997} INFO - 
================================================================================
DAG File Processing Stats

File Path                           PID    Runtime      # DAGs    # Errors  Last Runtime    Last Run               Last # of DB Queries
----------------------------------  -----  ---------  --------  ----------  --------------  -------------------  ----------------------
/opt/airflow/dags/crawl_f1_data.py                           1           0  0.19s           2025-03-27T10:17:30                      12
================================================================================
[2025-03-27T10:18:29.503+0000] {manager.py:997} INFO - 
================================================================================
DAG File Processing Stats

File Path                           PID    Runtime      # DAGs    # Errors  Last Runtime    Last Run               Last # of DB Queries
----------------------------------  -----  ---------  --------  ----------  --------------  -------------------  ----------------------
/opt/airflow/dags/crawl_f1_data.py                           1           0  0.21s           2025-03-27T10:18:00                      12
================================================================================
[2025-03-27T10:18:59.876+0000] {manager.py:997} INFO - 
================================================================================
DAG File Processing Stats

File Path                           PID    Runtime      # DAGs    # Errors  Last Runtime    Last Run               Last # of DB Queries
----------------------------------  -----  ---------  --------  ----------  --------------  -------------------  ----------------------
/opt/airflow/dags/crawl_f1_data.py                           1           0  0.16s           2025-03-27T10:18:30                      12
================================================================================
[2025-03-27T10:19:30.110+0000] {manager.py:997} INFO - 
================================================================================
DAG File Processing Stats

File Path                           PID    Runtime      # DAGs    # Errors  Last Runtime    Last Run               Last # of DB Queries
----------------------------------  -----  ---------  --------  ----------  --------------  -------------------  ----------------------
/opt/airflow/dags/crawl_f1_data.py                           1           0  0.20s           2025-03-27T10:19:01                      12
================================================================================
[2025-03-27T10:20:00.340+0000] {manager.py:997} INFO - 
================================================================================
DAG File Processing Stats

File Path                           PID    Runtime      # DAGs    # Errors  Last Runtime    Last Run               Last # of DB Queries
----------------------------------  -----  ---------  --------  ----------  --------------  -------------------  ----------------------
/opt/airflow/dags/crawl_f1_data.py                           1           0  0.17s           2025-03-27T10:19:31                      12
================================================================================
[2025-03-27T10:20:30.718+0000] {manager.py:997} INFO - 
================================================================================
DAG File Processing Stats

File Path                           PID    Runtime      # DAGs    # Errors  Last Runtime    Last Run               Last # of DB Queries
----------------------------------  -----  ---------  --------  ----------  --------------  -------------------  ----------------------
/opt/airflow/dags/crawl_f1_data.py                           1           0  0.16s           2025-03-27T10:20:01                      12
================================================================================
[2025-03-27T10:21:00.969+0000] {manager.py:997} INFO - 
================================================================================
DAG File Processing Stats

File Path                           PID    Runtime      # DAGs    # Errors  Last Runtime    Last Run               Last # of DB Queries
----------------------------------  -----  ---------  --------  ----------  --------------  -------------------  ----------------------
/opt/airflow/dags/crawl_f1_data.py                           1           0  0.16s           2025-03-27T10:20:31                      12
================================================================================
[2025-03-27T10:21:09.141+0000] {manager.py:821} INFO - Searching for files in /opt/airflow/dags
[2025-03-27T10:21:09.157+0000] {manager.py:824} INFO - There are 1 files in /opt/airflow/dags
[2025-03-27T10:21:31.333+0000] {manager.py:997} INFO - 
================================================================================
DAG File Processing Stats

File Path                           PID    Runtime      # DAGs    # Errors  Last Runtime    Last Run               Last # of DB Queries
----------------------------------  -----  ---------  --------  ----------  --------------  -------------------  ----------------------
/opt/airflow/dags/crawl_f1_data.py                           1           0  0.18s           2025-03-27T10:21:02                      12
================================================================================
[2025-03-27T10:22:01.578+0000] {manager.py:997} INFO - 
================================================================================
DAG File Processing Stats

File Path                           PID    Runtime      # DAGs    # Errors  Last Runtime    Last Run               Last # of DB Queries
----------------------------------  -----  ---------  --------  ----------  --------------  -------------------  ----------------------
/opt/airflow/dags/crawl_f1_data.py                           1           0  0.18s           2025-03-27T10:21:32                      12
================================================================================
[2025-03-27T10:22:32.000+0000] {manager.py:997} INFO - 
================================================================================
DAG File Processing Stats

File Path                           PID    Runtime      # DAGs    # Errors  Last Runtime    Last Run               Last # of DB Queries
----------------------------------  -----  ---------  --------  ----------  --------------  -------------------  ----------------------
/opt/airflow/dags/crawl_f1_data.py                           1           0  0.20s           2025-03-27T10:22:02                      12
================================================================================
[2025-03-27T10:23:02.241+0000] {manager.py:997} INFO - 
================================================================================
DAG File Processing Stats

File Path                           PID    Runtime      # DAGs    # Errors  Last Runtime    Last Run               Last # of DB Queries
----------------------------------  -----  ---------  --------  ----------  --------------  -------------------  ----------------------
/opt/airflow/dags/crawl_f1_data.py                           1           0  0.17s           2025-03-27T10:22:33                      12
================================================================================
[2025-03-27T10:23:32.603+0000] {manager.py:997} INFO - 
================================================================================
DAG File Processing Stats

File Path                           PID    Runtime      # DAGs    # Errors  Last Runtime    Last Run               Last # of DB Queries
----------------------------------  -----  ---------  --------  ----------  --------------  -------------------  ----------------------
/opt/airflow/dags/crawl_f1_data.py                           1           0  0.19s           2025-03-27T10:23:03                      12
================================================================================
[2025-03-27T10:24:02.865+0000] {manager.py:997} INFO - 
================================================================================
DAG File Processing Stats

File Path                           PID    Runtime      # DAGs    # Errors  Last Runtime    Last Run               Last # of DB Queries
----------------------------------  -----  ---------  --------  ----------  --------------  -------------------  ----------------------
/opt/airflow/dags/crawl_f1_data.py                           1           0  0.20s           2025-03-27T10:23:33                      12
================================================================================
[2025-03-27T10:24:33.266+0000] {manager.py:997} INFO - 
================================================================================
DAG File Processing Stats

File Path                           PID    Runtime      # DAGs    # Errors  Last Runtime    Last Run               Last # of DB Queries
----------------------------------  -----  ---------  --------  ----------  --------------  -------------------  ----------------------
/opt/airflow/dags/crawl_f1_data.py                           1           0  0.20s           2025-03-27T10:24:04                      12
================================================================================
[2025-03-27T10:25:03.516+0000] {manager.py:997} INFO - 
================================================================================
DAG File Processing Stats

File Path                           PID    Runtime      # DAGs    # Errors  Last Runtime    Last Run               Last # of DB Queries
----------------------------------  -----  ---------  --------  ----------  --------------  -------------------  ----------------------
/opt/airflow/dags/crawl_f1_data.py                           1           0  0.18s           2025-03-27T10:24:34                      12
================================================================================
[2025-03-27T10:25:33.871+0000] {manager.py:997} INFO - 
================================================================================
DAG File Processing Stats

File Path                           PID    Runtime      # DAGs    # Errors  Last Runtime    Last Run               Last # of DB Queries
----------------------------------  -----  ---------  --------  ----------  --------------  -------------------  ----------------------
/opt/airflow/dags/crawl_f1_data.py                           1           0  0.17s           2025-03-27T10:25:04                      12
================================================================================
[2025-03-27T10:26:04.110+0000] {manager.py:997} INFO - 
================================================================================
DAG File Processing Stats

File Path                           PID    Runtime      # DAGs    # Errors  Last Runtime    Last Run               Last # of DB Queries
----------------------------------  -----  ---------  --------  ----------  --------------  -------------------  ----------------------
/opt/airflow/dags/crawl_f1_data.py                           1           0  0.20s           2025-03-27T10:25:35                      12
================================================================================
[2025-03-27T10:26:09.324+0000] {manager.py:821} INFO - Searching for files in /opt/airflow/dags
[2025-03-27T10:26:09.344+0000] {manager.py:824} INFO - There are 1 files in /opt/airflow/dags
[2025-03-27T10:26:34.565+0000] {manager.py:997} INFO - 
================================================================================
DAG File Processing Stats

File Path                           PID    Runtime      # DAGs    # Errors  Last Runtime    Last Run               Last # of DB Queries
----------------------------------  -----  ---------  --------  ----------  --------------  -------------------  ----------------------
/opt/airflow/dags/crawl_f1_data.py                           1           0  0.22s           2025-03-27T10:26:05                      12
================================================================================
[2025-03-27T10:27:04.818+0000] {manager.py:997} INFO - 
================================================================================
DAG File Processing Stats

File Path                           PID    Runtime      # DAGs    # Errors  Last Runtime    Last Run               Last # of DB Queries
----------------------------------  -----  ---------  --------  ----------  --------------  -------------------  ----------------------
/opt/airflow/dags/crawl_f1_data.py                           1           0  0.21s           2025-03-27T10:26:35                      12
================================================================================
[2025-03-27T10:27:35.219+0000] {manager.py:997} INFO - 
================================================================================
DAG File Processing Stats

File Path                           PID    Runtime      # DAGs    # Errors  Last Runtime    Last Run               Last # of DB Queries
----------------------------------  -----  ---------  --------  ----------  --------------  -------------------  ----------------------
/opt/airflow/dags/crawl_f1_data.py                           1           0  0.17s           2025-03-27T10:27:06                      12
================================================================================
[2025-03-27T10:28:05.484+0000] {manager.py:997} INFO - 
================================================================================
DAG File Processing Stats

File Path                           PID    Runtime      # DAGs    # Errors  Last Runtime    Last Run               Last # of DB Queries
----------------------------------  -----  ---------  --------  ----------  --------------  -------------------  ----------------------
/opt/airflow/dags/crawl_f1_data.py                           1           0  0.19s           2025-03-27T10:27:36                      12
================================================================================
[2025-03-27T10:28:35.896+0000] {manager.py:997} INFO - 
================================================================================
DAG File Processing Stats

File Path                           PID    Runtime      # DAGs    # Errors  Last Runtime    Last Run               Last # of DB Queries
----------------------------------  -----  ---------  --------  ----------  --------------  -------------------  ----------------------
/opt/airflow/dags/crawl_f1_data.py                           1           0  0.19s           2025-03-27T10:28:06                      12
================================================================================
[2025-03-27T10:29:06.159+0000] {manager.py:997} INFO - 
================================================================================
DAG File Processing Stats

File Path                           PID    Runtime      # DAGs    # Errors  Last Runtime    Last Run               Last # of DB Queries
----------------------------------  -----  ---------  --------  ----------  --------------  -------------------  ----------------------
/opt/airflow/dags/crawl_f1_data.py                           1           0  0.23s           2025-03-27T10:28:37                      12
================================================================================
[2025-03-27T10:29:36.625+0000] {manager.py:997} INFO - 
================================================================================
DAG File Processing Stats

File Path                           PID    Runtime      # DAGs    # Errors  Last Runtime    Last Run               Last # of DB Queries
----------------------------------  -----  ---------  --------  ----------  --------------  -------------------  ----------------------
/opt/airflow/dags/crawl_f1_data.py                           1           0  0.20s           2025-03-27T10:29:07                      12
================================================================================
[2025-03-27T10:30:06.949+0000] {manager.py:997} INFO - 
================================================================================
DAG File Processing Stats

File Path                           PID    Runtime      # DAGs    # Errors  Last Runtime    Last Run               Last # of DB Queries
----------------------------------  -----  ---------  --------  ----------  --------------  -------------------  ----------------------
/opt/airflow/dags/crawl_f1_data.py                           1           0  0.21s           2025-03-27T10:29:37                      12
================================================================================
[2025-03-27T10:30:37.382+0000] {manager.py:997} INFO - 
================================================================================
DAG File Processing Stats

File Path                           PID    Runtime      # DAGs    # Errors  Last Runtime    Last Run               Last # of DB Queries
----------------------------------  -----  ---------  --------  ----------  --------------  -------------------  ----------------------
/opt/airflow/dags/crawl_f1_data.py                           1           0  0.23s           2025-03-27T10:30:08                      12
================================================================================
[2025-03-27T10:31:07.760+0000] {manager.py:997} INFO - 
================================================================================
DAG File Processing Stats

File Path                           PID    Runtime      # DAGs    # Errors  Last Runtime    Last Run               Last # of DB Queries
----------------------------------  -----  ---------  --------  ----------  --------------  -------------------  ----------------------
/opt/airflow/dags/crawl_f1_data.py                           1           0  0.19s           2025-03-27T10:30:38                      12
================================================================================
[2025-03-27T10:31:09.811+0000] {manager.py:821} INFO - Searching for files in /opt/airflow/dags
[2025-03-27T10:31:09.828+0000] {manager.py:824} INFO - There are 1 files in /opt/airflow/dags
[2025-03-27T10:31:38.043+0000] {manager.py:997} INFO - 
================================================================================
DAG File Processing Stats

File Path                           PID    Runtime      # DAGs    # Errors  Last Runtime    Last Run               Last # of DB Queries
----------------------------------  -----  ---------  --------  ----------  --------------  -------------------  ----------------------
/opt/airflow/dags/crawl_f1_data.py                           1           0  0.22s           2025-03-27T10:31:08                      12
================================================================================
[2025-03-27T10:32:08.408+0000] {manager.py:997} INFO - 
================================================================================
DAG File Processing Stats

File Path                           PID    Runtime      # DAGs    # Errors  Last Runtime    Last Run               Last # of DB Queries
----------------------------------  -----  ---------  --------  ----------  --------------  -------------------  ----------------------
/opt/airflow/dags/crawl_f1_data.py                           1           0  0.18s           2025-03-27T10:31:39                      12
================================================================================
[2025-03-27T10:32:38.660+0000] {manager.py:997} INFO - 
================================================================================
DAG File Processing Stats

File Path                           PID    Runtime      # DAGs    # Errors  Last Runtime    Last Run               Last # of DB Queries
----------------------------------  -----  ---------  --------  ----------  --------------  -------------------  ----------------------
/opt/airflow/dags/crawl_f1_data.py                           1           0  0.16s           2025-03-27T10:32:09                      12
================================================================================
[2025-03-27T10:33:09.021+0000] {manager.py:997} INFO - 
================================================================================
DAG File Processing Stats

File Path                           PID    Runtime      # DAGs    # Errors  Last Runtime    Last Run               Last # of DB Queries
----------------------------------  -----  ---------  --------  ----------  --------------  -------------------  ----------------------
/opt/airflow/dags/crawl_f1_data.py                           1           0  0.16s           2025-03-27T10:32:39                      12
================================================================================
[2025-03-27T10:33:39.258+0000] {manager.py:997} INFO - 
================================================================================
DAG File Processing Stats

File Path                           PID    Runtime      # DAGs    # Errors  Last Runtime    Last Run               Last # of DB Queries
----------------------------------  -----  ---------  --------  ----------  --------------  -------------------  ----------------------
/opt/airflow/dags/crawl_f1_data.py                           1           0  0.19s           2025-03-27T10:33:10                      12
================================================================================
[2025-03-27T10:34:09.648+0000] {manager.py:997} INFO - 
================================================================================
DAG File Processing Stats

File Path                           PID    Runtime      # DAGs    # Errors  Last Runtime    Last Run               Last # of DB Queries
----------------------------------  -----  ---------  --------  ----------  --------------  -------------------  ----------------------
/opt/airflow/dags/crawl_f1_data.py                           1           0  0.18s           2025-03-27T10:33:40                      12
================================================================================
[2025-03-27T10:34:39.890+0000] {manager.py:997} INFO - 
================================================================================
DAG File Processing Stats

File Path                           PID    Runtime      # DAGs    # Errors  Last Runtime    Last Run               Last # of DB Queries
----------------------------------  -----  ---------  --------  ----------  --------------  -------------------  ----------------------
/opt/airflow/dags/crawl_f1_data.py                           1           0  0.16s           2025-03-27T10:34:10                      12
================================================================================
[2025-03-27T10:35:10.240+0000] {manager.py:997} INFO - 
================================================================================
DAG File Processing Stats

File Path                           PID    Runtime      # DAGs    # Errors  Last Runtime    Last Run               Last # of DB Queries
----------------------------------  -----  ---------  --------  ----------  --------------  -------------------  ----------------------
/opt/airflow/dags/crawl_f1_data.py                           1           0  0.19s           2025-03-27T10:34:41                      12
================================================================================
[2025-03-27T10:35:40.511+0000] {manager.py:997} INFO - 
================================================================================
DAG File Processing Stats

File Path                           PID    Runtime      # DAGs    # Errors  Last Runtime    Last Run               Last # of DB Queries
----------------------------------  -----  ---------  --------  ----------  --------------  -------------------  ----------------------
/opt/airflow/dags/crawl_f1_data.py                           1           0  0.18s           2025-03-27T10:35:11                      12
================================================================================
[2025-03-27T10:36:09.843+0000] {manager.py:821} INFO - Searching for files in /opt/airflow/dags
[2025-03-27T10:36:09.864+0000] {manager.py:824} INFO - There are 1 files in /opt/airflow/dags
[2025-03-27T10:36:10.885+0000] {manager.py:997} INFO - 
================================================================================
DAG File Processing Stats

File Path                           PID    Runtime      # DAGs    # Errors  Last Runtime    Last Run               Last # of DB Queries
----------------------------------  -----  ---------  --------  ----------  --------------  -------------------  ----------------------
/opt/airflow/dags/crawl_f1_data.py                           1           0  0.15s           2025-03-27T10:35:41                      12
================================================================================
[2025-03-27T10:36:41.121+0000] {manager.py:997} INFO - 
================================================================================
DAG File Processing Stats

File Path                           PID    Runtime      # DAGs    # Errors  Last Runtime    Last Run               Last # of DB Queries
----------------------------------  -----  ---------  --------  ----------  --------------  -------------------  ----------------------
/opt/airflow/dags/crawl_f1_data.py                           1           0  0.17s           2025-03-27T10:36:12                      12
================================================================================
[2025-03-27T10:37:11.472+0000] {manager.py:997} INFO - 
================================================================================
DAG File Processing Stats

File Path                           PID    Runtime      # DAGs    # Errors  Last Runtime    Last Run               Last # of DB Queries
----------------------------------  -----  ---------  --------  ----------  --------------  -------------------  ----------------------
/opt/airflow/dags/crawl_f1_data.py                           1           0  0.15s           2025-03-27T10:36:42                      12
================================================================================
[2025-03-27T10:37:41.715+0000] {manager.py:997} INFO - 
================================================================================
DAG File Processing Stats

File Path                           PID    Runtime      # DAGs    # Errors  Last Runtime    Last Run               Last # of DB Queries
----------------------------------  -----  ---------  --------  ----------  --------------  -------------------  ----------------------
/opt/airflow/dags/crawl_f1_data.py                           1           0  0.15s           2025-03-27T10:37:12                      12
================================================================================
[2025-03-27T10:38:12.054+0000] {manager.py:997} INFO - 
================================================================================
DAG File Processing Stats

File Path                           PID    Runtime      # DAGs    # Errors  Last Runtime    Last Run               Last # of DB Queries
----------------------------------  -----  ---------  --------  ----------  --------------  -------------------  ----------------------
/opt/airflow/dags/crawl_f1_data.py                           1           0  0.17s           2025-03-27T10:37:42                      12
================================================================================
[2025-03-27T10:38:42.342+0000] {manager.py:997} INFO - 
================================================================================
DAG File Processing Stats

File Path                           PID    Runtime      # DAGs    # Errors  Last Runtime    Last Run               Last # of DB Queries
----------------------------------  -----  ---------  --------  ----------  --------------  -------------------  ----------------------
/opt/airflow/dags/crawl_f1_data.py                           1           0  0.20s           2025-03-27T10:38:13                      12
================================================================================
[2025-03-27T10:39:12.753+0000] {manager.py:997} INFO - 
================================================================================
DAG File Processing Stats

File Path                           PID    Runtime      # DAGs    # Errors  Last Runtime    Last Run               Last # of DB Queries
----------------------------------  -----  ---------  --------  ----------  --------------  -------------------  ----------------------
/opt/airflow/dags/crawl_f1_data.py                           1           0  0.21s           2025-03-27T10:38:43                      12
================================================================================
[2025-03-27T10:39:43.020+0000] {manager.py:997} INFO - 
================================================================================
DAG File Processing Stats

File Path                           PID    Runtime      # DAGs    # Errors  Last Runtime    Last Run               Last # of DB Queries
----------------------------------  -----  ---------  --------  ----------  --------------  -------------------  ----------------------
/opt/airflow/dags/crawl_f1_data.py                           1           0  0.23s           2025-03-27T10:39:14                      12
================================================================================
[2025-03-27T10:40:13.256+0000] {manager.py:997} INFO - 
================================================================================
DAG File Processing Stats

File Path                           PID    Runtime      # DAGs    # Errors  Last Runtime    Last Run               Last # of DB Queries
----------------------------------  -----  ---------  --------  ----------  --------------  -------------------  ----------------------
/opt/airflow/dags/crawl_f1_data.py                           1           0  0.15s           2025-03-27T10:39:44                      12
================================================================================
[2025-03-27T10:40:43.624+0000] {manager.py:997} INFO - 
================================================================================
DAG File Processing Stats

File Path                           PID    Runtime      # DAGs    # Errors  Last Runtime    Last Run               Last # of DB Queries
----------------------------------  -----  ---------  --------  ----------  --------------  -------------------  ----------------------
/opt/airflow/dags/crawl_f1_data.py                           1           0  0.17s           2025-03-27T10:40:14                      12
================================================================================
[2025-03-27T10:41:09.862+0000] {manager.py:821} INFO - Searching for files in /opt/airflow/dags
[2025-03-27T10:41:09.883+0000] {manager.py:824} INFO - There are 1 files in /opt/airflow/dags
[2025-03-27T10:41:13.927+0000] {manager.py:997} INFO - 
================================================================================
DAG File Processing Stats

File Path                           PID    Runtime      # DAGs    # Errors  Last Runtime    Last Run               Last # of DB Queries
----------------------------------  -----  ---------  --------  ----------  --------------  -------------------  ----------------------
/opt/airflow/dags/crawl_f1_data.py                           1           0  0.17s           2025-03-27T10:40:44                      12
================================================================================
[2025-03-27T10:41:44.177+0000] {manager.py:997} INFO - 
================================================================================
DAG File Processing Stats

File Path                           PID    Runtime      # DAGs    # Errors  Last Runtime    Last Run               Last # of DB Queries
----------------------------------  -----  ---------  --------  ----------  --------------  -------------------  ----------------------
/opt/airflow/dags/crawl_f1_data.py                           1           0  1.06s           2025-03-27T10:41:16                      12
================================================================================
[2025-03-27T10:42:14.429+0000] {manager.py:997} INFO - 
================================================================================
DAG File Processing Stats

File Path                           PID    Runtime      # DAGs    # Errors  Last Runtime    Last Run               Last # of DB Queries
----------------------------------  -----  ---------  --------  ----------  --------------  -------------------  ----------------------
/opt/airflow/dags/crawl_f1_data.py                           1           0  0.22s           2025-03-27T10:41:46                      12
================================================================================
[2025-03-27T10:42:44.867+0000] {manager.py:997} INFO - 
================================================================================
DAG File Processing Stats

File Path                           PID    Runtime      # DAGs    # Errors  Last Runtime    Last Run               Last # of DB Queries
----------------------------------  -----  ---------  --------  ----------  --------------  -------------------  ----------------------
/opt/airflow/dags/crawl_f1_data.py                           1           0  0.21s           2025-03-27T10:42:16                      12
================================================================================
[2025-03-27T10:43:15.120+0000] {manager.py:997} INFO - 
================================================================================
DAG File Processing Stats

File Path                           PID    Runtime      # DAGs    # Errors  Last Runtime    Last Run               Last # of DB Queries
----------------------------------  -----  ---------  --------  ----------  --------------  -------------------  ----------------------
/opt/airflow/dags/crawl_f1_data.py                           1           0  0.21s           2025-03-27T10:42:47                      12
================================================================================
[2025-03-27T10:43:45.352+0000] {manager.py:997} INFO - 
================================================================================
DAG File Processing Stats

File Path                           PID    Runtime      # DAGs    # Errors  Last Runtime    Last Run               Last # of DB Queries
----------------------------------  -----  ---------  --------  ----------  --------------  -------------------  ----------------------
/opt/airflow/dags/crawl_f1_data.py                           1           0  0.15s           2025-03-27T10:43:17                      12
================================================================================
[2025-03-27T10:44:15.728+0000] {manager.py:997} INFO - 
================================================================================
DAG File Processing Stats

File Path                           PID    Runtime      # DAGs    # Errors  Last Runtime    Last Run               Last # of DB Queries
----------------------------------  -----  ---------  --------  ----------  --------------  -------------------  ----------------------
/opt/airflow/dags/crawl_f1_data.py                           1           0  0.16s           2025-03-27T10:43:47                      12
================================================================================
[2025-03-27T10:44:45.979+0000] {manager.py:997} INFO - 
================================================================================
DAG File Processing Stats

File Path                           PID    Runtime      # DAGs    # Errors  Last Runtime    Last Run               Last # of DB Queries
----------------------------------  -----  ---------  --------  ----------  --------------  -------------------  ----------------------
/opt/airflow/dags/crawl_f1_data.py                           1           0  0.19s           2025-03-27T10:44:17                      12
================================================================================
[2025-03-27T10:45:16.371+0000] {manager.py:997} INFO - 
================================================================================
DAG File Processing Stats

File Path                           PID    Runtime      # DAGs    # Errors  Last Runtime    Last Run               Last # of DB Queries
----------------------------------  -----  ---------  --------  ----------  --------------  -------------------  ----------------------
/opt/airflow/dags/crawl_f1_data.py                           1           0  0.22s           2025-03-27T10:44:48                      12
================================================================================
[2025-03-27T10:45:46.627+0000] {manager.py:997} INFO - 
================================================================================
DAG File Processing Stats

File Path                           PID    Runtime      # DAGs    # Errors  Last Runtime    Last Run               Last # of DB Queries
----------------------------------  -----  ---------  --------  ----------  --------------  -------------------  ----------------------
/opt/airflow/dags/crawl_f1_data.py                           1           0  0.19s           2025-03-27T10:45:18                      12
================================================================================
[2025-03-27T10:46:09.926+0000] {manager.py:821} INFO - Searching for files in /opt/airflow/dags
[2025-03-27T10:46:09.949+0000] {manager.py:824} INFO - There are 1 files in /opt/airflow/dags
[2025-03-27T10:46:17.019+0000] {manager.py:997} INFO - 
================================================================================
DAG File Processing Stats

File Path                           PID    Runtime      # DAGs    # Errors  Last Runtime    Last Run               Last # of DB Queries
----------------------------------  -----  ---------  --------  ----------  --------------  -------------------  ----------------------
/opt/airflow/dags/crawl_f1_data.py                           1           0  0.18s           2025-03-27T10:45:48                      12
================================================================================
[2025-03-27T10:46:47.251+0000] {manager.py:997} INFO - 
================================================================================
DAG File Processing Stats

File Path                           PID    Runtime      # DAGs    # Errors  Last Runtime    Last Run               Last # of DB Queries
----------------------------------  -----  ---------  --------  ----------  --------------  -------------------  ----------------------
/opt/airflow/dags/crawl_f1_data.py                           1           0  0.18s           2025-03-27T10:46:19                      12
================================================================================
[2025-03-27T10:47:17.623+0000] {manager.py:997} INFO - 
================================================================================
DAG File Processing Stats

File Path                           PID    Runtime      # DAGs    # Errors  Last Runtime    Last Run               Last # of DB Queries
----------------------------------  -----  ---------  --------  ----------  --------------  -------------------  ----------------------
/opt/airflow/dags/crawl_f1_data.py                           1           0  0.16s           2025-03-27T10:46:49                      12
================================================================================
[2025-03-27T10:47:47.855+0000] {manager.py:997} INFO - 
================================================================================
DAG File Processing Stats

File Path                           PID    Runtime      # DAGs    # Errors  Last Runtime    Last Run               Last # of DB Queries
----------------------------------  -----  ---------  --------  ----------  --------------  -------------------  ----------------------
/opt/airflow/dags/crawl_f1_data.py                           1           0  0.15s           2025-03-27T10:47:19                      12
================================================================================
[2025-03-27T10:48:18.203+0000] {manager.py:997} INFO - 
================================================================================
DAG File Processing Stats

File Path                           PID    Runtime      # DAGs    # Errors  Last Runtime    Last Run               Last # of DB Queries
----------------------------------  -----  ---------  --------  ----------  --------------  -------------------  ----------------------
/opt/airflow/dags/crawl_f1_data.py                           1           0  0.16s           2025-03-27T10:47:50                      12
================================================================================
[2025-03-27T10:48:48.447+0000] {manager.py:997} INFO - 
================================================================================
DAG File Processing Stats

File Path                           PID    Runtime      # DAGs    # Errors  Last Runtime    Last Run               Last # of DB Queries
----------------------------------  -----  ---------  --------  ----------  --------------  -------------------  ----------------------
/opt/airflow/dags/crawl_f1_data.py                           1           0  0.15s           2025-03-27T10:48:20                      12
================================================================================
[2025-03-27T10:49:18.772+0000] {manager.py:997} INFO - 
================================================================================
DAG File Processing Stats

File Path                           PID    Runtime      # DAGs    # Errors  Last Runtime    Last Run               Last # of DB Queries
----------------------------------  -----  ---------  --------  ----------  --------------  -------------------  ----------------------
/opt/airflow/dags/crawl_f1_data.py                           1           0  0.15s           2025-03-27T10:48:50                      12
================================================================================
[2025-03-27T10:49:49.018+0000] {manager.py:997} INFO - 
================================================================================
DAG File Processing Stats

File Path                           PID    Runtime      # DAGs    # Errors  Last Runtime    Last Run               Last # of DB Queries
----------------------------------  -----  ---------  --------  ----------  --------------  -------------------  ----------------------
/opt/airflow/dags/crawl_f1_data.py                           1           0  0.16s           2025-03-27T10:49:20                      12
================================================================================
[2025-03-27T10:50:19.347+0000] {manager.py:997} INFO - 
================================================================================
DAG File Processing Stats

File Path                           PID    Runtime      # DAGs    # Errors  Last Runtime    Last Run               Last # of DB Queries
----------------------------------  -----  ---------  --------  ----------  --------------  -------------------  ----------------------
/opt/airflow/dags/crawl_f1_data.py                           1           0  0.41s           2025-03-27T10:49:51                      12
================================================================================
[2025-03-27T10:50:49.871+0000] {manager.py:997} INFO - 
================================================================================
DAG File Processing Stats

File Path                           PID    Runtime      # DAGs    # Errors  Last Runtime    Last Run               Last # of DB Queries
----------------------------------  -----  ---------  --------  ----------  --------------  -------------------  ----------------------
/opt/airflow/dags/crawl_f1_data.py                           1           0  0.14s           2025-03-27T10:50:21                      12
================================================================================
[2025-03-27T10:51:10.132+0000] {manager.py:821} INFO - Searching for files in /opt/airflow/dags
[2025-03-27T10:51:10.153+0000] {manager.py:824} INFO - There are 1 files in /opt/airflow/dags
[2025-03-27T10:51:20.230+0000] {manager.py:997} INFO - 
================================================================================
DAG File Processing Stats

File Path                           PID    Runtime      # DAGs    # Errors  Last Runtime    Last Run               Last # of DB Queries
----------------------------------  -----  ---------  --------  ----------  --------------  -------------------  ----------------------
/opt/airflow/dags/crawl_f1_data.py                           1           0  0.17s           2025-03-27T10:50:52                      12
================================================================================
[2025-03-27T10:51:50.443+0000] {manager.py:997} INFO - 
================================================================================
DAG File Processing Stats

File Path                           PID    Runtime      # DAGs    # Errors  Last Runtime    Last Run               Last # of DB Queries
----------------------------------  -----  ---------  --------  ----------  --------------  -------------------  ----------------------
/opt/airflow/dags/crawl_f1_data.py                           1           0  0.13s           2025-03-27T10:51:22                      12
================================================================================
[2025-03-27T10:52:20.744+0000] {manager.py:997} INFO - 
================================================================================
DAG File Processing Stats

File Path                           PID    Runtime      # DAGs    # Errors  Last Runtime    Last Run               Last # of DB Queries
----------------------------------  -----  ---------  --------  ----------  --------------  -------------------  ----------------------
/opt/airflow/dags/crawl_f1_data.py                           1           0  0.12s           2025-03-27T10:51:52                      12
================================================================================
[2025-03-27T10:52:50.956+0000] {manager.py:997} INFO - 
================================================================================
DAG File Processing Stats

File Path                           PID    Runtime      # DAGs    # Errors  Last Runtime    Last Run               Last # of DB Queries
----------------------------------  -----  ---------  --------  ----------  --------------  -------------------  ----------------------
/opt/airflow/dags/crawl_f1_data.py                           1           0  0.14s           2025-03-27T10:52:22                      12
================================================================================
[2025-03-27T10:53:21.286+0000] {manager.py:997} INFO - 
================================================================================
DAG File Processing Stats

File Path                           PID    Runtime      # DAGs    # Errors  Last Runtime    Last Run               Last # of DB Queries
----------------------------------  -----  ---------  --------  ----------  --------------  -------------------  ----------------------
/opt/airflow/dags/crawl_f1_data.py                           1           0  0.13s           2025-03-27T10:52:53                      12
================================================================================
[2025-03-27T10:53:51.541+0000] {manager.py:997} INFO - 
================================================================================
DAG File Processing Stats

File Path                           PID    Runtime      # DAGs    # Errors  Last Runtime    Last Run               Last # of DB Queries
----------------------------------  -----  ---------  --------  ----------  --------------  -------------------  ----------------------
/opt/airflow/dags/crawl_f1_data.py                           1           0  0.19s           2025-03-27T10:53:23                      12
================================================================================
[2025-03-27T10:54:21.904+0000] {manager.py:997} INFO - 
================================================================================
DAG File Processing Stats

File Path                           PID    Runtime      # DAGs    # Errors  Last Runtime    Last Run               Last # of DB Queries
----------------------------------  -----  ---------  --------  ----------  --------------  -------------------  ----------------------
/opt/airflow/dags/crawl_f1_data.py                           1           0  0.17s           2025-03-27T10:53:53                      12
================================================================================
[2025-03-27T10:54:52.139+0000] {manager.py:997} INFO - 
================================================================================
DAG File Processing Stats

File Path                           PID    Runtime      # DAGs    # Errors  Last Runtime    Last Run               Last # of DB Queries
----------------------------------  -----  ---------  --------  ----------  --------------  -------------------  ----------------------
/opt/airflow/dags/crawl_f1_data.py                           1           0  0.15s           2025-03-27T10:54:24                      12
================================================================================
[2025-03-27T10:55:22.466+0000] {manager.py:997} INFO - 
================================================================================
DAG File Processing Stats

File Path                           PID    Runtime      # DAGs    # Errors  Last Runtime    Last Run               Last # of DB Queries
----------------------------------  -----  ---------  --------  ----------  --------------  -------------------  ----------------------
/opt/airflow/dags/crawl_f1_data.py                           1           0  0.18s           2025-03-27T10:54:54                      12
================================================================================
[2025-03-27T10:55:52.733+0000] {manager.py:997} INFO - 
================================================================================
DAG File Processing Stats

File Path                           PID    Runtime      # DAGs    # Errors  Last Runtime    Last Run               Last # of DB Queries
----------------------------------  -----  ---------  --------  ----------  --------------  -------------------  ----------------------
/opt/airflow/dags/crawl_f1_data.py                           1           0  0.17s           2025-03-27T10:55:24                      12
================================================================================
[2025-03-27T10:56:10.971+0000] {manager.py:821} INFO - Searching for files in /opt/airflow/dags
[2025-03-27T10:56:10.994+0000] {manager.py:824} INFO - There are 1 files in /opt/airflow/dags
[2025-03-27T10:56:23.100+0000] {manager.py:997} INFO - 
================================================================================
DAG File Processing Stats

File Path                           PID    Runtime      # DAGs    # Errors  Last Runtime    Last Run               Last # of DB Queries
----------------------------------  -----  ---------  --------  ----------  --------------  -------------------  ----------------------
/opt/airflow/dags/crawl_f1_data.py                           1           0  0.15s           2025-03-27T10:55:54                      12
================================================================================
[2025-03-27T10:56:53.338+0000] {manager.py:997} INFO - 
================================================================================
DAG File Processing Stats

File Path                           PID    Runtime      # DAGs    # Errors  Last Runtime    Last Run               Last # of DB Queries
----------------------------------  -----  ---------  --------  ----------  --------------  -------------------  ----------------------
/opt/airflow/dags/crawl_f1_data.py                           1           0  0.19s           2025-03-27T10:56:25                      12
================================================================================
[2025-03-27T10:57:23.719+0000] {manager.py:997} INFO - 
================================================================================
DAG File Processing Stats

File Path                           PID    Runtime      # DAGs    # Errors  Last Runtime    Last Run               Last # of DB Queries
----------------------------------  -----  ---------  --------  ----------  --------------  -------------------  ----------------------
/opt/airflow/dags/crawl_f1_data.py                           1           0  0.16s           2025-03-27T10:56:55                      12
================================================================================
[2025-03-27T10:57:53.949+0000] {manager.py:997} INFO - 
================================================================================
DAG File Processing Stats

File Path                           PID    Runtime      # DAGs    # Errors  Last Runtime    Last Run               Last # of DB Queries
----------------------------------  -----  ---------  --------  ----------  --------------  -------------------  ----------------------
/opt/airflow/dags/crawl_f1_data.py                           1           0  0.16s           2025-03-27T10:57:25                      12
================================================================================
[2025-03-27T10:58:24.286+0000] {manager.py:997} INFO - 
================================================================================
DAG File Processing Stats

File Path                           PID    Runtime      # DAGs    # Errors  Last Runtime    Last Run               Last # of DB Queries
----------------------------------  -----  ---------  --------  ----------  --------------  -------------------  ----------------------
/opt/airflow/dags/crawl_f1_data.py                           1           0  0.15s           2025-03-27T10:57:56                      12
================================================================================
[2025-03-27T10:58:54.516+0000] {manager.py:997} INFO - 
================================================================================
DAG File Processing Stats

File Path                           PID    Runtime      # DAGs    # Errors  Last Runtime    Last Run               Last # of DB Queries
----------------------------------  -----  ---------  --------  ----------  --------------  -------------------  ----------------------
/opt/airflow/dags/crawl_f1_data.py                           1           0  0.35s           2025-03-27T10:58:26                      12
================================================================================
[2025-03-27T10:59:25.074+0000] {manager.py:997} INFO - 
================================================================================
DAG File Processing Stats

File Path                           PID    Runtime      # DAGs    # Errors  Last Runtime    Last Run               Last # of DB Queries
----------------------------------  -----  ---------  --------  ----------  --------------  -------------------  ----------------------
/opt/airflow/dags/crawl_f1_data.py                           1           0  0.15s           2025-03-27T10:58:57                      12
================================================================================
[2025-03-27T10:59:55.394+0000] {manager.py:997} INFO - 
================================================================================
DAG File Processing Stats

File Path                           PID    Runtime      # DAGs    # Errors  Last Runtime    Last Run               Last # of DB Queries
----------------------------------  -----  ---------  --------  ----------  --------------  -------------------  ----------------------
/opt/airflow/dags/crawl_f1_data.py                           1           0  0.16s           2025-03-27T10:59:27                      12
================================================================================
[2025-04-15T14:16:56.418+0000] {manager.py:483} INFO - Processing files using up to 2 processes at a time 
[2025-04-15T14:16:56.421+0000] {manager.py:484} INFO - Process each file at most once every 30 seconds
[2025-04-15T14:16:56.422+0000] {manager.py:485} INFO - Checking for new files in /opt/airflow/dags every 300 seconds
[2025-04-15T14:16:56.422+0000] {manager.py:821} INFO - Searching for files in /opt/airflow/dags
[2025-04-15T14:16:56.476+0000] {manager.py:824} INFO - There are 1 files in /opt/airflow/dags
[2025-04-15T14:16:56.593+0000] {manager.py:997} INFO - 
================================================================================
DAG File Processing Stats

File Path                             PID  Runtime      # DAGs    # Errors  Last Runtime    Last Run      Last # of DB Queries
----------------------------------  -----  ---------  --------  ----------  --------------  ----------  ----------------------
/opt/airflow/dags/crawl_f1_data.py    173  0.05s             0           0                                                   0
================================================================================
[2025-04-15T14:17:26.902+0000] {manager.py:997} INFO - 
================================================================================
DAG File Processing Stats

File Path                             PID  Runtime      # DAGs    # Errors  Last Runtime    Last Run               Last # of DB Queries
----------------------------------  -----  ---------  --------  ----------  --------------  -------------------  ----------------------
/opt/airflow/dags/crawl_f1_data.py    183  0.00s             1           0  0.30s           2025-04-15T14:16:56                      12
================================================================================
[2025-04-15T14:17:57.099+0000] {manager.py:997} INFO - 
================================================================================
DAG File Processing Stats

File Path                             PID  Runtime      # DAGs    # Errors  Last Runtime    Last Run               Last # of DB Queries
----------------------------------  -----  ---------  --------  ----------  --------------  -------------------  ----------------------
/opt/airflow/dags/crawl_f1_data.py    188  0.00s             1           0  0.11s           2025-04-15T14:17:27                      12
================================================================================
[2025-04-15T14:18:27.370+0000] {manager.py:997} INFO - 
================================================================================
DAG File Processing Stats

File Path                             PID  Runtime      # DAGs    # Errors  Last Runtime    Last Run               Last # of DB Queries
----------------------------------  -----  ---------  --------  ----------  --------------  -------------------  ----------------------
/opt/airflow/dags/crawl_f1_data.py    193  0.00s             1           0  0.11s           2025-04-15T14:17:57                      12
================================================================================
[2025-04-15T14:18:57.577+0000] {manager.py:997} INFO - 
================================================================================
DAG File Processing Stats

File Path                             PID  Runtime      # DAGs    # Errors  Last Runtime    Last Run               Last # of DB Queries
----------------------------------  -----  ---------  --------  ----------  --------------  -------------------  ----------------------
/opt/airflow/dags/crawl_f1_data.py    198  0.01s             1           0  0.11s           2025-04-15T14:18:27                      12
================================================================================
[2025-04-15T14:19:27.866+0000] {manager.py:997} INFO - 
================================================================================
DAG File Processing Stats

File Path                             PID  Runtime      # DAGs    # Errors  Last Runtime    Last Run               Last # of DB Queries
----------------------------------  -----  ---------  --------  ----------  --------------  -------------------  ----------------------
/opt/airflow/dags/crawl_f1_data.py    203  0.00s             1           0  0.17s           2025-04-15T14:18:57                      12
================================================================================
[2025-04-15T14:19:58.068+0000] {manager.py:997} INFO - 
================================================================================
DAG File Processing Stats

File Path                             PID  Runtime      # DAGs    # Errors  Last Runtime    Last Run               Last # of DB Queries
----------------------------------  -----  ---------  --------  ----------  --------------  -------------------  ----------------------
/opt/airflow/dags/crawl_f1_data.py    208  0.00s             1           0  0.12s           2025-04-15T14:19:27                      12
================================================================================
[2025-04-15T14:20:28.323+0000] {manager.py:997} INFO - 
================================================================================
DAG File Processing Stats

File Path                             PID  Runtime      # DAGs    # Errors  Last Runtime    Last Run               Last # of DB Queries
----------------------------------  -----  ---------  --------  ----------  --------------  -------------------  ----------------------
/opt/airflow/dags/crawl_f1_data.py    213  0.00s             1           0  0.12s           2025-04-15T14:19:58                      12
================================================================================
[2025-04-15T14:20:58.532+0000] {manager.py:997} INFO - 
================================================================================
DAG File Processing Stats

File Path                             PID  Runtime      # DAGs    # Errors  Last Runtime    Last Run               Last # of DB Queries
----------------------------------  -----  ---------  --------  ----------  --------------  -------------------  ----------------------
/opt/airflow/dags/crawl_f1_data.py    218  0.00s             1           0  0.12s           2025-04-15T14:20:28                      12
================================================================================
[2025-04-15T14:21:28.795+0000] {manager.py:997} INFO - 
================================================================================
DAG File Processing Stats

File Path                             PID  Runtime      # DAGs    # Errors  Last Runtime    Last Run               Last # of DB Queries
----------------------------------  -----  ---------  --------  ----------  --------------  -------------------  ----------------------
/opt/airflow/dags/crawl_f1_data.py    223  0.00s             1           0  0.12s           2025-04-15T14:20:58                      12
================================================================================
[2025-04-15T14:21:56.972+0000] {manager.py:821} INFO - Searching for files in /opt/airflow/dags
[2025-04-15T14:21:56.991+0000] {manager.py:824} INFO - There are 1 files in /opt/airflow/dags
[2025-04-15T14:21:59.028+0000] {manager.py:997} INFO - 
================================================================================
DAG File Processing Stats

File Path                             PID  Runtime      # DAGs    # Errors  Last Runtime    Last Run               Last # of DB Queries
----------------------------------  -----  ---------  --------  ----------  --------------  -------------------  ----------------------
/opt/airflow/dags/crawl_f1_data.py    232  0.00s             1           0  0.11s           2025-04-15T14:21:28                      12
================================================================================
[2025-04-15T14:22:29.271+0000] {manager.py:997} INFO - 
================================================================================
DAG File Processing Stats

File Path                             PID  Runtime      # DAGs    # Errors  Last Runtime    Last Run               Last # of DB Queries
----------------------------------  -----  ---------  --------  ----------  --------------  -------------------  ----------------------
/opt/airflow/dags/crawl_f1_data.py    237  0.00s             1           0  0.11s           2025-04-15T14:21:59                      12
================================================================================
[2025-04-15T14:22:59.500+0000] {manager.py:997} INFO - 
================================================================================
DAG File Processing Stats

File Path                             PID  Runtime      # DAGs    # Errors  Last Runtime    Last Run               Last # of DB Queries
----------------------------------  -----  ---------  --------  ----------  --------------  -------------------  ----------------------
/opt/airflow/dags/crawl_f1_data.py    242  0.00s             1           0  0.13s           2025-04-15T14:22:29                      12
================================================================================
[2025-04-15T14:23:29.761+0000] {manager.py:997} INFO - 
================================================================================
DAG File Processing Stats

File Path                             PID  Runtime      # DAGs    # Errors  Last Runtime    Last Run               Last # of DB Queries
----------------------------------  -----  ---------  --------  ----------  --------------  -------------------  ----------------------
/opt/airflow/dags/crawl_f1_data.py    247  0.00s             1           0  0.12s           2025-04-15T14:22:59                      12
================================================================================
[2025-04-15T14:23:59.977+0000] {manager.py:997} INFO - 
================================================================================
DAG File Processing Stats

File Path                             PID  Runtime      # DAGs    # Errors  Last Runtime    Last Run               Last # of DB Queries
----------------------------------  -----  ---------  --------  ----------  --------------  -------------------  ----------------------
/opt/airflow/dags/crawl_f1_data.py    252  0.00s             1           0  0.12s           2025-04-15T14:23:29                      12
================================================================================
[2025-04-15T14:24:30.226+0000] {manager.py:997} INFO - 
================================================================================
DAG File Processing Stats

File Path                             PID  Runtime      # DAGs    # Errors  Last Runtime    Last Run               Last # of DB Queries
----------------------------------  -----  ---------  --------  ----------  --------------  -------------------  ----------------------
/opt/airflow/dags/crawl_f1_data.py    257  0.00s             1           0  0.13s           2025-04-15T14:24:00                      12
================================================================================
[2025-04-15T14:25:00.456+0000] {manager.py:997} INFO - 
================================================================================
DAG File Processing Stats

File Path                             PID  Runtime      # DAGs    # Errors  Last Runtime    Last Run               Last # of DB Queries
----------------------------------  -----  ---------  --------  ----------  --------------  -------------------  ----------------------
/opt/airflow/dags/crawl_f1_data.py    262  0.00s             1           0  0.14s           2025-04-15T14:24:30                      12
================================================================================
[2025-04-15T14:25:30.727+0000] {manager.py:997} INFO - 
================================================================================
DAG File Processing Stats

File Path                             PID  Runtime      # DAGs    # Errors  Last Runtime    Last Run               Last # of DB Queries
----------------------------------  -----  ---------  --------  ----------  --------------  -------------------  ----------------------
/opt/airflow/dags/crawl_f1_data.py    267  0.00s             1           0  0.12s           2025-04-15T14:25:00                      12
================================================================================
[2025-04-15T14:26:00.932+0000] {manager.py:997} INFO - 
================================================================================
DAG File Processing Stats

File Path                             PID  Runtime      # DAGs    # Errors  Last Runtime    Last Run               Last # of DB Queries
----------------------------------  -----  ---------  --------  ----------  --------------  -------------------  ----------------------
/opt/airflow/dags/crawl_f1_data.py    272  0.00s             1           0  0.12s           2025-04-15T14:25:30                      12
================================================================================
[2025-04-15T14:26:31.205+0000] {manager.py:997} INFO - 
================================================================================
DAG File Processing Stats

File Path                             PID  Runtime      # DAGs    # Errors  Last Runtime    Last Run               Last # of DB Queries
----------------------------------  -----  ---------  --------  ----------  --------------  -------------------  ----------------------
/opt/airflow/dags/crawl_f1_data.py    277  0.00s             1           0  0.12s           2025-04-15T14:26:01                      12
================================================================================
[2025-04-15T14:26:57.383+0000] {manager.py:821} INFO - Searching for files in /opt/airflow/dags
[2025-04-15T14:26:57.403+0000] {manager.py:824} INFO - There are 1 files in /opt/airflow/dags
[2025-04-15T14:27:01.454+0000] {manager.py:997} INFO - 
================================================================================
DAG File Processing Stats

File Path                             PID  Runtime      # DAGs    # Errors  Last Runtime    Last Run               Last # of DB Queries
----------------------------------  -----  ---------  --------  ----------  --------------  -------------------  ----------------------
/opt/airflow/dags/crawl_f1_data.py    282  0.00s             1           0  0.18s           2025-04-15T14:26:31                      12
================================================================================
[2025-04-15T14:27:31.756+0000] {manager.py:997} INFO - 
================================================================================
DAG File Processing Stats

File Path                             PID  Runtime      # DAGs    # Errors  Last Runtime    Last Run               Last # of DB Queries
----------------------------------  -----  ---------  --------  ----------  --------------  -------------------  ----------------------
/opt/airflow/dags/crawl_f1_data.py    287  0.00s             1           0  0.13s           2025-04-15T14:27:01                      12
================================================================================
[2025-04-15T14:28:01.956+0000] {manager.py:997} INFO - 
================================================================================
DAG File Processing Stats

File Path                             PID  Runtime      # DAGs    # Errors  Last Runtime    Last Run               Last # of DB Queries
----------------------------------  -----  ---------  --------  ----------  --------------  -------------------  ----------------------
/opt/airflow/dags/crawl_f1_data.py    292  0.00s             1           0  0.15s           2025-04-15T14:27:31                      12
================================================================================
[2025-04-15T14:28:32.265+0000] {manager.py:997} INFO - 
================================================================================
DAG File Processing Stats

File Path                             PID  Runtime      # DAGs    # Errors  Last Runtime    Last Run               Last # of DB Queries
----------------------------------  -----  ---------  --------  ----------  --------------  -------------------  ----------------------
/opt/airflow/dags/crawl_f1_data.py    297  0.00s             1           0  0.12s           2025-04-15T14:28:02                      12
================================================================================
[2025-04-15T14:29:02.466+0000] {manager.py:997} INFO - 
================================================================================
DAG File Processing Stats

File Path                             PID  Runtime      # DAGs    # Errors  Last Runtime    Last Run               Last # of DB Queries
----------------------------------  -----  ---------  --------  ----------  --------------  -------------------  ----------------------
/opt/airflow/dags/crawl_f1_data.py    302  0.00s             1           0  0.13s           2025-04-15T14:28:32                      12
================================================================================
[2025-04-15T14:29:32.751+0000] {manager.py:997} INFO - 
================================================================================
DAG File Processing Stats

File Path                             PID  Runtime      # DAGs    # Errors  Last Runtime    Last Run               Last # of DB Queries
----------------------------------  -----  ---------  --------  ----------  --------------  -------------------  ----------------------
/opt/airflow/dags/crawl_f1_data.py    307  0.00s             1           0  0.12s           2025-04-15T14:29:02                      12
================================================================================
[2025-04-15T14:30:02.958+0000] {manager.py:997} INFO - 
================================================================================
DAG File Processing Stats

File Path                             PID  Runtime      # DAGs    # Errors  Last Runtime    Last Run               Last # of DB Queries
----------------------------------  -----  ---------  --------  ----------  --------------  -------------------  ----------------------
/opt/airflow/dags/crawl_f1_data.py    312  0.00s             1           0  0.12s           2025-04-15T14:29:32                      12
================================================================================
[2025-04-15T14:30:33.230+0000] {manager.py:997} INFO - 
================================================================================
DAG File Processing Stats

File Path                             PID  Runtime      # DAGs    # Errors  Last Runtime    Last Run               Last # of DB Queries
----------------------------------  -----  ---------  --------  ----------  --------------  -------------------  ----------------------
/opt/airflow/dags/crawl_f1_data.py    317  0.00s             1           0  0.13s           2025-04-15T14:30:03                      12
================================================================================
[2025-04-15T14:31:03.463+0000] {manager.py:997} INFO - 
================================================================================
DAG File Processing Stats

File Path                             PID  Runtime      # DAGs    # Errors  Last Runtime    Last Run               Last # of DB Queries
----------------------------------  -----  ---------  --------  ----------  --------------  -------------------  ----------------------
/opt/airflow/dags/crawl_f1_data.py    322  0.00s             1           0  0.13s           2025-04-15T14:30:33                      12
================================================================================
[2025-04-15T14:31:33.717+0000] {manager.py:997} INFO - 
================================================================================
DAG File Processing Stats

File Path                             PID  Runtime      # DAGs    # Errors  Last Runtime    Last Run               Last # of DB Queries
----------------------------------  -----  ---------  --------  ----------  --------------  -------------------  ----------------------
/opt/airflow/dags/crawl_f1_data.py    327  0.00s             1           0  0.13s           2025-04-15T14:31:03                      12
================================================================================
[2025-04-15T14:31:57.896+0000] {manager.py:821} INFO - Searching for files in /opt/airflow/dags
[2025-04-15T14:31:57.917+0000] {manager.py:824} INFO - There are 1 files in /opt/airflow/dags
[2025-04-15T14:32:03.982+0000] {manager.py:997} INFO - 
================================================================================
DAG File Processing Stats

File Path                             PID  Runtime      # DAGs    # Errors  Last Runtime    Last Run               Last # of DB Queries
----------------------------------  -----  ---------  --------  ----------  --------------  -------------------  ----------------------
/opt/airflow/dags/crawl_f1_data.py    332  0.00s             1           0  0.16s           2025-04-15T14:31:33                      12
================================================================================
[2025-04-15T14:32:34.254+0000] {manager.py:997} INFO - 
================================================================================
DAG File Processing Stats

File Path                             PID  Runtime      # DAGs    # Errors  Last Runtime    Last Run               Last # of DB Queries
----------------------------------  -----  ---------  --------  ----------  --------------  -------------------  ----------------------
/opt/airflow/dags/crawl_f1_data.py    337  0.00s             1           0  0.15s           2025-04-15T14:32:04                      12
================================================================================
[2025-04-24T06:23:29.390+0000] {manager.py:483} INFO - Processing files using up to 2 processes at a time 
[2025-04-24T06:23:29.391+0000] {manager.py:484} INFO - Process each file at most once every 30 seconds
[2025-04-24T06:23:29.392+0000] {manager.py:485} INFO - Checking for new files in /opt/airflow/dags every 300 seconds
[2025-04-24T06:23:29.393+0000] {manager.py:821} INFO - Searching for files in /opt/airflow/dags
[2025-04-24T06:23:29.446+0000] {manager.py:824} INFO - There are 1 files in /opt/airflow/dags
[2025-04-24T06:23:29.617+0000] {manager.py:997} INFO - 
================================================================================
DAG File Processing Stats

File Path                             PID  Runtime      # DAGs    # Errors  Last Runtime    Last Run      Last # of DB Queries
----------------------------------  -----  ---------  --------  ----------  --------------  ----------  ----------------------
/opt/airflow/dags/crawl_f1_data.py    173  0.05s             0           0                                                   0
================================================================================
[2025-04-24T06:23:59.869+0000] {manager.py:997} INFO - 
================================================================================
DAG File Processing Stats

File Path                           PID    Runtime      # DAGs    # Errors  Last Runtime    Last Run               Last # of DB Queries
----------------------------------  -----  ---------  --------  ----------  --------------  -------------------  ----------------------
/opt/airflow/dags/crawl_f1_data.py                           1           0  0.37s           2025-04-24T06:23:29                      12
================================================================================
[2025-04-24T06:24:30.396+0000] {manager.py:997} INFO - 
================================================================================
DAG File Processing Stats

File Path                             PID  Runtime      # DAGs    # Errors  Last Runtime    Last Run               Last # of DB Queries
----------------------------------  -----  ---------  --------  ----------  --------------  -------------------  ----------------------
/opt/airflow/dags/crawl_f1_data.py    183  0.00s             1           0  0.18s           2025-04-24T06:24:00                      12
================================================================================
[2025-04-24T06:25:00.589+0000] {manager.py:997} INFO - 
================================================================================
DAG File Processing Stats

File Path                             PID  Runtime      # DAGs    # Errors  Last Runtime    Last Run               Last # of DB Queries
----------------------------------  -----  ---------  --------  ----------  --------------  -------------------  ----------------------
/opt/airflow/dags/crawl_f1_data.py    188  0.00s             1           0  0.13s           2025-04-24T06:24:30                      12
================================================================================
[2025-04-24T06:25:30.874+0000] {manager.py:997} INFO - 
================================================================================
DAG File Processing Stats

File Path                             PID  Runtime      # DAGs    # Errors  Last Runtime    Last Run               Last # of DB Queries
----------------------------------  -----  ---------  --------  ----------  --------------  -------------------  ----------------------
/opt/airflow/dags/crawl_f1_data.py    193  0.00s             1           0  0.16s           2025-04-24T06:25:00                      12
================================================================================
[2025-04-24T06:26:01.099+0000] {manager.py:997} INFO - 
================================================================================
DAG File Processing Stats

File Path                             PID  Runtime      # DAGs    # Errors  Last Runtime    Last Run               Last # of DB Queries
----------------------------------  -----  ---------  --------  ----------  --------------  -------------------  ----------------------
/opt/airflow/dags/crawl_f1_data.py    198  0.00s             1           0  0.15s           2025-04-24T06:25:31                      12
================================================================================
[2025-04-24T06:26:31.380+0000] {manager.py:997} INFO - 
================================================================================
DAG File Processing Stats

File Path                             PID  Runtime      # DAGs    # Errors  Last Runtime    Last Run               Last # of DB Queries
----------------------------------  -----  ---------  --------  ----------  --------------  -------------------  ----------------------
/opt/airflow/dags/crawl_f1_data.py    203  0.00s             1           0  0.11s           2025-04-24T06:26:01                      12
================================================================================
[2025-04-24T06:27:01.587+0000] {manager.py:997} INFO - 
================================================================================
DAG File Processing Stats

File Path                             PID  Runtime      # DAGs    # Errors  Last Runtime    Last Run               Last # of DB Queries
----------------------------------  -----  ---------  --------  ----------  --------------  -------------------  ----------------------
/opt/airflow/dags/crawl_f1_data.py    208  0.00s             1           0  0.12s           2025-04-24T06:26:31                      12
================================================================================
[2025-04-24T06:27:31.869+0000] {manager.py:997} INFO - 
================================================================================
DAG File Processing Stats

File Path                             PID  Runtime      # DAGs    # Errors  Last Runtime    Last Run               Last # of DB Queries
----------------------------------  -----  ---------  --------  ----------  --------------  -------------------  ----------------------
/opt/airflow/dags/crawl_f1_data.py    213  0.00s             1           0  0.13s           2025-04-24T06:27:01                      12
================================================================================
[2025-04-24T06:28:02.118+0000] {manager.py:997} INFO - 
================================================================================
DAG File Processing Stats

File Path                             PID  Runtime      # DAGs    # Errors  Last Runtime    Last Run               Last # of DB Queries
----------------------------------  -----  ---------  --------  ----------  --------------  -------------------  ----------------------
/opt/airflow/dags/crawl_f1_data.py    218  0.00s             1           0  0.15s           2025-04-24T06:27:32                      12
================================================================================
[2025-04-24T06:28:30.380+0000] {manager.py:821} INFO - Searching for files in /opt/airflow/dags
[2025-04-24T06:28:30.399+0000] {manager.py:824} INFO - There are 1 files in /opt/airflow/dags
[2025-04-24T06:28:32.434+0000] {manager.py:997} INFO - 
================================================================================
DAG File Processing Stats

File Path                             PID  Runtime      # DAGs    # Errors  Last Runtime    Last Run               Last # of DB Queries
----------------------------------  -----  ---------  --------  ----------  --------------  -------------------  ----------------------
/opt/airflow/dags/crawl_f1_data.py    223  0.00s             1           0  0.13s           2025-04-24T06:28:02                      12
================================================================================
[2025-04-24T06:29:02.638+0000] {manager.py:997} INFO - 
================================================================================
DAG File Processing Stats

File Path                             PID  Runtime      # DAGs    # Errors  Last Runtime    Last Run               Last # of DB Queries
----------------------------------  -----  ---------  --------  ----------  --------------  -------------------  ----------------------
/opt/airflow/dags/crawl_f1_data.py    228  0.00s             1           0  0.11s           2025-04-24T06:28:32                      12
================================================================================
[2025-04-24T06:29:32.899+0000] {manager.py:997} INFO - 
================================================================================
DAG File Processing Stats

File Path                             PID  Runtime      # DAGs    # Errors  Last Runtime    Last Run               Last # of DB Queries
----------------------------------  -----  ---------  --------  ----------  --------------  -------------------  ----------------------
/opt/airflow/dags/crawl_f1_data.py    233  0.00s             1           0  0.19s           2025-04-24T06:29:02                      12
================================================================================
[2025-04-24T06:30:03.186+0000] {manager.py:997} INFO - 
================================================================================
DAG File Processing Stats

File Path                             PID  Runtime      # DAGs    # Errors  Last Runtime    Last Run               Last # of DB Queries
----------------------------------  -----  ---------  --------  ----------  --------------  -------------------  ----------------------
/opt/airflow/dags/crawl_f1_data.py    238  0.00s             1           0  0.12s           2025-04-24T06:29:33                      12
================================================================================
[2025-04-24T06:30:33.390+0000] {manager.py:997} INFO - 
================================================================================
DAG File Processing Stats

File Path                             PID  Runtime      # DAGs    # Errors  Last Runtime    Last Run               Last # of DB Queries
----------------------------------  -----  ---------  --------  ----------  --------------  -------------------  ----------------------
/opt/airflow/dags/crawl_f1_data.py    243  0.00s             1           0  0.12s           2025-04-24T06:30:03                      12
================================================================================
[2025-04-24T06:31:03.669+0000] {manager.py:997} INFO - 
================================================================================
DAG File Processing Stats

File Path                             PID  Runtime      # DAGs    # Errors  Last Runtime    Last Run               Last # of DB Queries
----------------------------------  -----  ---------  --------  ----------  --------------  -------------------  ----------------------
/opt/airflow/dags/crawl_f1_data.py    248  0.00s             1           0  0.13s           2025-04-24T06:30:33                      12
================================================================================
[2025-04-24T06:31:33.872+0000] {manager.py:997} INFO - 
================================================================================
DAG File Processing Stats

File Path                             PID  Runtime      # DAGs    # Errors  Last Runtime    Last Run               Last # of DB Queries
----------------------------------  -----  ---------  --------  ----------  --------------  -------------------  ----------------------
/opt/airflow/dags/crawl_f1_data.py    253  0.00s             1           0  0.11s           2025-04-24T06:31:03                      12
================================================================================
[2025-04-24T06:32:04.144+0000] {manager.py:997} INFO - 
================================================================================
DAG File Processing Stats

File Path                             PID  Runtime      # DAGs    # Errors  Last Runtime    Last Run               Last # of DB Queries
----------------------------------  -----  ---------  --------  ----------  --------------  -------------------  ----------------------
/opt/airflow/dags/crawl_f1_data.py    258  0.00s             1           0  0.12s           2025-04-24T06:31:33                      12
================================================================================
[2025-04-24T06:32:34.354+0000] {manager.py:997} INFO - 
================================================================================
DAG File Processing Stats

File Path                             PID  Runtime      # DAGs    # Errors  Last Runtime    Last Run               Last # of DB Queries
----------------------------------  -----  ---------  --------  ----------  --------------  -------------------  ----------------------
/opt/airflow/dags/crawl_f1_data.py    263  0.00s             1           0  0.12s           2025-04-24T06:32:04                      12
================================================================================
[2025-04-24T06:33:04.631+0000] {manager.py:997} INFO - 
================================================================================
DAG File Processing Stats

File Path                             PID  Runtime      # DAGs    # Errors  Last Runtime    Last Run               Last # of DB Queries
----------------------------------  -----  ---------  --------  ----------  --------------  -------------------  ----------------------
/opt/airflow/dags/crawl_f1_data.py    268  0.00s             1           0  0.13s           2025-04-24T06:32:34                      12
================================================================================
[2025-04-24T06:33:30.798+0000] {manager.py:821} INFO - Searching for files in /opt/airflow/dags
[2025-04-24T06:33:30.817+0000] {manager.py:824} INFO - There are 1 files in /opt/airflow/dags
[2025-04-24T06:33:34.867+0000] {manager.py:997} INFO - 
================================================================================
DAG File Processing Stats

File Path                             PID  Runtime      # DAGs    # Errors  Last Runtime    Last Run               Last # of DB Queries
----------------------------------  -----  ---------  --------  ----------  --------------  -------------------  ----------------------
/opt/airflow/dags/crawl_f1_data.py    273  0.00s             1           0  0.23s           2025-04-24T06:33:04                      12
================================================================================
[2025-04-24T06:34:05.062+0000] {manager.py:997} INFO - 
================================================================================
DAG File Processing Stats

File Path                             PID  Runtime      # DAGs    # Errors  Last Runtime    Last Run               Last # of DB Queries
----------------------------------  -----  ---------  --------  ----------  --------------  -------------------  ----------------------
/opt/airflow/dags/crawl_f1_data.py    278  0.00s             1           0  0.14s           2025-04-24T06:33:34                      12
================================================================================
[2025-04-24T06:34:35.359+0000] {manager.py:997} INFO - 
================================================================================
DAG File Processing Stats

File Path                             PID  Runtime      # DAGs    # Errors  Last Runtime    Last Run               Last # of DB Queries
----------------------------------  -----  ---------  --------  ----------  --------------  -------------------  ----------------------
/opt/airflow/dags/crawl_f1_data.py    283  0.00s             1           0  0.15s           2025-04-24T06:34:05                      12
================================================================================
[2025-04-24T06:35:05.558+0000] {manager.py:997} INFO - 
================================================================================
DAG File Processing Stats

File Path                             PID  Runtime      # DAGs    # Errors  Last Runtime    Last Run               Last # of DB Queries
----------------------------------  -----  ---------  --------  ----------  --------------  -------------------  ----------------------
/opt/airflow/dags/crawl_f1_data.py    288  0.00s             1           0  0.12s           2025-04-24T06:34:35                      12
================================================================================
[2025-04-24T06:35:35.829+0000] {manager.py:997} INFO - 
================================================================================
DAG File Processing Stats

File Path                             PID  Runtime      # DAGs    # Errors  Last Runtime    Last Run               Last # of DB Queries
----------------------------------  -----  ---------  --------  ----------  --------------  -------------------  ----------------------
/opt/airflow/dags/crawl_f1_data.py    293  0.00s             1           0  0.13s           2025-04-24T06:35:05                      12
================================================================================
[2025-04-24T06:36:06.036+0000] {manager.py:997} INFO - 
================================================================================
DAG File Processing Stats

File Path                             PID  Runtime      # DAGs    # Errors  Last Runtime    Last Run               Last # of DB Queries
----------------------------------  -----  ---------  --------  ----------  --------------  -------------------  ----------------------
/opt/airflow/dags/crawl_f1_data.py    298  0.00s             1           0  0.11s           2025-04-24T06:35:35                      12
================================================================================
[2025-04-24T06:36:36.293+0000] {manager.py:997} INFO - 
================================================================================
DAG File Processing Stats

File Path                             PID  Runtime      # DAGs    # Errors  Last Runtime    Last Run               Last # of DB Queries
----------------------------------  -----  ---------  --------  ----------  --------------  -------------------  ----------------------
/opt/airflow/dags/crawl_f1_data.py    303  0.00s             1           0  0.12s           2025-04-24T06:36:06                      12
================================================================================
[2025-04-24T06:37:06.492+0000] {manager.py:997} INFO - 
================================================================================
DAG File Processing Stats

File Path                             PID  Runtime      # DAGs    # Errors  Last Runtime    Last Run               Last # of DB Queries
----------------------------------  -----  ---------  --------  ----------  --------------  -------------------  ----------------------
/opt/airflow/dags/crawl_f1_data.py    308  0.00s             1           0  0.12s           2025-04-24T06:36:36                      12
================================================================================
[2025-04-24T06:37:36.762+0000] {manager.py:997} INFO - 
================================================================================
DAG File Processing Stats

File Path                             PID  Runtime      # DAGs    # Errors  Last Runtime    Last Run               Last # of DB Queries
----------------------------------  -----  ---------  --------  ----------  --------------  -------------------  ----------------------
/opt/airflow/dags/crawl_f1_data.py    313  0.00s             1           0  0.13s           2025-04-24T06:37:06                      12
================================================================================
[2025-04-24T06:38:06.965+0000] {manager.py:997} INFO - 
================================================================================
DAG File Processing Stats

File Path                             PID  Runtime      # DAGs    # Errors  Last Runtime    Last Run               Last # of DB Queries
----------------------------------  -----  ---------  --------  ----------  --------------  -------------------  ----------------------
/opt/airflow/dags/crawl_f1_data.py    318  0.00s             1           0  0.12s           2025-04-24T06:37:36                      12
================================================================================
[2025-04-24T06:38:31.180+0000] {manager.py:821} INFO - Searching for files in /opt/airflow/dags
[2025-04-24T06:38:31.200+0000] {manager.py:824} INFO - There are 1 files in /opt/airflow/dags
[2025-04-24T06:38:37.260+0000] {manager.py:997} INFO - 
================================================================================
DAG File Processing Stats

File Path                             PID  Runtime      # DAGs    # Errors  Last Runtime    Last Run               Last # of DB Queries
----------------------------------  -----  ---------  --------  ----------  --------------  -------------------  ----------------------
/opt/airflow/dags/crawl_f1_data.py    323  0.00s             1           0  0.14s           2025-04-24T06:38:07                      12
================================================================================
[2025-04-24T06:39:07.460+0000] {manager.py:997} INFO - 
================================================================================
DAG File Processing Stats

File Path                             PID  Runtime      # DAGs    # Errors  Last Runtime    Last Run               Last # of DB Queries
----------------------------------  -----  ---------  --------  ----------  --------------  -------------------  ----------------------
/opt/airflow/dags/crawl_f1_data.py    328  0.00s             1           0  0.14s           2025-04-24T06:38:37                      12
================================================================================
[2025-04-24T06:39:37.752+0000] {manager.py:997} INFO - 
================================================================================
DAG File Processing Stats

File Path                             PID  Runtime      # DAGs    # Errors  Last Runtime    Last Run               Last # of DB Queries
----------------------------------  -----  ---------  --------  ----------  --------------  -------------------  ----------------------
/opt/airflow/dags/crawl_f1_data.py    333  0.00s             1           0  0.16s           2025-04-24T06:39:07                      12
================================================================================
[2025-04-24T06:40:07.966+0000] {manager.py:997} INFO - 
================================================================================
DAG File Processing Stats

File Path                             PID  Runtime      # DAGs    # Errors  Last Runtime    Last Run               Last # of DB Queries
----------------------------------  -----  ---------  --------  ----------  --------------  -------------------  ----------------------
/opt/airflow/dags/crawl_f1_data.py    338  0.00s             1           0  0.12s           2025-04-24T06:39:37                      12
================================================================================
[2025-04-24T06:40:38.215+0000] {manager.py:997} INFO - 
================================================================================
DAG File Processing Stats

File Path                             PID  Runtime      # DAGs    # Errors  Last Runtime    Last Run               Last # of DB Queries
----------------------------------  -----  ---------  --------  ----------  --------------  -------------------  ----------------------
/opt/airflow/dags/crawl_f1_data.py    343  0.00s             1           0  0.12s           2025-04-24T06:40:08                      12
================================================================================
[2025-04-24T06:41:08.419+0000] {manager.py:997} INFO - 
================================================================================
DAG File Processing Stats

File Path                             PID  Runtime      # DAGs    # Errors  Last Runtime    Last Run               Last # of DB Queries
----------------------------------  -----  ---------  --------  ----------  --------------  -------------------  ----------------------
/opt/airflow/dags/crawl_f1_data.py    348  0.00s             1           0  0.12s           2025-04-24T06:40:38                      12
================================================================================
[2025-04-24T06:41:38.685+0000] {manager.py:997} INFO - 
================================================================================
DAG File Processing Stats

File Path                             PID  Runtime      # DAGs    # Errors  Last Runtime    Last Run               Last # of DB Queries
----------------------------------  -----  ---------  --------  ----------  --------------  -------------------  ----------------------
/opt/airflow/dags/crawl_f1_data.py    353  0.00s             1           0  0.12s           2025-04-24T06:41:08                      12
================================================================================
[2025-04-24T06:42:08.886+0000] {manager.py:997} INFO - 
================================================================================
DAG File Processing Stats

File Path                             PID  Runtime      # DAGs    # Errors  Last Runtime    Last Run               Last # of DB Queries
----------------------------------  -----  ---------  --------  ----------  --------------  -------------------  ----------------------
/opt/airflow/dags/crawl_f1_data.py    358  0.00s             1           0  0.12s           2025-04-24T06:41:38                      12
================================================================================
[2025-04-24T06:42:39.151+0000] {manager.py:997} INFO - 
================================================================================
DAG File Processing Stats

File Path                             PID  Runtime      # DAGs    # Errors  Last Runtime    Last Run               Last # of DB Queries
----------------------------------  -----  ---------  --------  ----------  --------------  -------------------  ----------------------
/opt/airflow/dags/crawl_f1_data.py    363  0.00s             1           0  0.11s           2025-04-24T06:42:08                      12
================================================================================
[2025-04-24T06:43:09.356+0000] {manager.py:997} INFO - 
================================================================================
DAG File Processing Stats

File Path                             PID  Runtime      # DAGs    # Errors  Last Runtime    Last Run               Last # of DB Queries
----------------------------------  -----  ---------  --------  ----------  --------------  -------------------  ----------------------
/opt/airflow/dags/crawl_f1_data.py    368  0.00s             1           0  0.13s           2025-04-24T06:42:39                      12
================================================================================
[2025-04-24T06:43:31.578+0000] {manager.py:821} INFO - Searching for files in /opt/airflow/dags
[2025-04-24T06:43:31.597+0000] {manager.py:824} INFO - There are 1 files in /opt/airflow/dags
[2025-04-24T06:43:39.669+0000] {manager.py:997} INFO - 
================================================================================
DAG File Processing Stats

File Path                             PID  Runtime      # DAGs    # Errors  Last Runtime    Last Run               Last # of DB Queries
----------------------------------  -----  ---------  --------  ----------  --------------  -------------------  ----------------------
/opt/airflow/dags/crawl_f1_data.py    373  0.00s             1           0  0.13s           2025-04-24T06:43:09                      12
================================================================================
[2025-04-24T06:44:09.864+0000] {manager.py:997} INFO - 
================================================================================
DAG File Processing Stats

File Path                             PID  Runtime      # DAGs    # Errors  Last Runtime    Last Run               Last # of DB Queries
----------------------------------  -----  ---------  --------  ----------  --------------  -------------------  ----------------------
/opt/airflow/dags/crawl_f1_data.py    378  0.00s             1           0  0.13s           2025-04-24T06:43:39                      12
================================================================================
[2025-04-24T06:44:40.139+0000] {manager.py:997} INFO - 
================================================================================
DAG File Processing Stats

File Path                             PID  Runtime      # DAGs    # Errors  Last Runtime    Last Run               Last # of DB Queries
----------------------------------  -----  ---------  --------  ----------  --------------  -------------------  ----------------------
/opt/airflow/dags/crawl_f1_data.py    383  0.00s             1           0  0.12s           2025-04-24T06:44:09                      12
================================================================================
[2025-04-24T06:45:10.338+0000] {manager.py:997} INFO - 
================================================================================
DAG File Processing Stats

File Path                             PID  Runtime      # DAGs    # Errors  Last Runtime    Last Run               Last # of DB Queries
----------------------------------  -----  ---------  --------  ----------  --------------  -------------------  ----------------------
/opt/airflow/dags/crawl_f1_data.py    388  0.00s             1           0  0.12s           2025-04-24T06:44:40                      12
================================================================================
[2025-04-24T06:45:40.614+0000] {manager.py:997} INFO - 
================================================================================
DAG File Processing Stats

File Path                             PID  Runtime      # DAGs    # Errors  Last Runtime    Last Run               Last # of DB Queries
----------------------------------  -----  ---------  --------  ----------  --------------  -------------------  ----------------------
/opt/airflow/dags/crawl_f1_data.py    393  0.00s             1           0  0.11s           2025-04-24T06:45:10                      12
================================================================================
[2025-04-24T06:46:10.821+0000] {manager.py:997} INFO - 
================================================================================
DAG File Processing Stats

File Path                             PID  Runtime      # DAGs    # Errors  Last Runtime    Last Run               Last # of DB Queries
----------------------------------  -----  ---------  --------  ----------  --------------  -------------------  ----------------------
/opt/airflow/dags/crawl_f1_data.py    398  0.01s             1           0  0.11s           2025-04-24T06:45:40                      12
================================================================================
[2025-04-24T06:46:41.092+0000] {manager.py:997} INFO - 
================================================================================
DAG File Processing Stats

File Path                             PID  Runtime      # DAGs    # Errors  Last Runtime    Last Run               Last # of DB Queries
----------------------------------  -----  ---------  --------  ----------  --------------  -------------------  ----------------------
/opt/airflow/dags/crawl_f1_data.py    403  0.00s             1           0  0.21s           2025-04-24T06:46:11                      12
================================================================================
[2025-04-24T06:47:11.389+0000] {manager.py:997} INFO - 
================================================================================
DAG File Processing Stats

File Path                             PID  Runtime      # DAGs    # Errors  Last Runtime    Last Run               Last # of DB Queries
----------------------------------  -----  ---------  --------  ----------  --------------  -------------------  ----------------------
/opt/airflow/dags/crawl_f1_data.py    408  0.00s             1           0  0.13s           2025-04-24T06:46:41                      12
================================================================================
[2025-04-24T06:47:41.592+0000] {manager.py:997} INFO - 
================================================================================
DAG File Processing Stats

File Path                             PID  Runtime      # DAGs    # Errors  Last Runtime    Last Run               Last # of DB Queries
----------------------------------  -----  ---------  --------  ----------  --------------  -------------------  ----------------------
/opt/airflow/dags/crawl_f1_data.py    413  0.00s             1           0  0.11s           2025-04-24T06:47:11                      12
================================================================================
[2025-04-24T06:48:11.848+0000] {manager.py:997} INFO - 
================================================================================
DAG File Processing Stats

File Path                             PID  Runtime      # DAGs    # Errors  Last Runtime    Last Run               Last # of DB Queries
----------------------------------  -----  ---------  --------  ----------  --------------  -------------------  ----------------------
/opt/airflow/dags/crawl_f1_data.py    418  0.00s             1           0  0.11s           2025-04-24T06:47:41                      12
================================================================================
[2025-04-24T06:48:31.992+0000] {manager.py:821} INFO - Searching for files in /opt/airflow/dags
[2025-04-24T06:48:32.012+0000] {manager.py:824} INFO - There are 1 files in /opt/airflow/dags
[2025-04-24T06:48:42.095+0000] {manager.py:997} INFO - 
================================================================================
DAG File Processing Stats

File Path                             PID  Runtime      # DAGs    # Errors  Last Runtime    Last Run               Last # of DB Queries
----------------------------------  -----  ---------  --------  ----------  --------------  -------------------  ----------------------
/opt/airflow/dags/crawl_f1_data.py    423  0.00s             1           0  0.14s           2025-04-24T06:48:11                      12
================================================================================
[2025-04-24T06:49:12.347+0000] {manager.py:997} INFO - 
================================================================================
DAG File Processing Stats

File Path                             PID  Runtime      # DAGs    # Errors  Last Runtime    Last Run               Last # of DB Queries
----------------------------------  -----  ---------  --------  ----------  --------------  -------------------  ----------------------
/opt/airflow/dags/crawl_f1_data.py    428  0.00s             1           0  0.12s           2025-04-24T06:48:42                      12
================================================================================
[2025-04-24T06:49:42.581+0000] {manager.py:997} INFO - 
================================================================================
DAG File Processing Stats

File Path                             PID  Runtime      # DAGs    # Errors  Last Runtime    Last Run               Last # of DB Queries
----------------------------------  -----  ---------  --------  ----------  --------------  -------------------  ----------------------
/opt/airflow/dags/crawl_f1_data.py    433  0.00s             1           0  0.14s           2025-04-24T06:49:12                      12
================================================================================
[2025-04-24T06:50:12.843+0000] {manager.py:997} INFO - 
================================================================================
DAG File Processing Stats

File Path                             PID  Runtime      # DAGs    # Errors  Last Runtime    Last Run               Last # of DB Queries
----------------------------------  -----  ---------  --------  ----------  --------------  -------------------  ----------------------
/opt/airflow/dags/crawl_f1_data.py    438  0.00s             1           0  0.13s           2025-04-24T06:49:42                      12
================================================================================
[2025-04-24T06:50:43.072+0000] {manager.py:997} INFO - 
================================================================================
DAG File Processing Stats

File Path                             PID  Runtime      # DAGs    # Errors  Last Runtime    Last Run               Last # of DB Queries
----------------------------------  -----  ---------  --------  ----------  --------------  -------------------  ----------------------
/opt/airflow/dags/crawl_f1_data.py    443  0.00s             1           0  0.12s           2025-04-24T06:50:12                      12
================================================================================
[2025-04-24T06:51:13.317+0000] {manager.py:997} INFO - 
================================================================================
DAG File Processing Stats

File Path                             PID  Runtime      # DAGs    # Errors  Last Runtime    Last Run               Last # of DB Queries
----------------------------------  -----  ---------  --------  ----------  --------------  -------------------  ----------------------
/opt/airflow/dags/crawl_f1_data.py    448  0.00s             1           0  0.14s           2025-04-24T06:50:43                      12
================================================================================
[2025-04-24T06:51:43.566+0000] {manager.py:997} INFO - 
================================================================================
DAG File Processing Stats

File Path                             PID  Runtime      # DAGs    # Errors  Last Runtime    Last Run               Last # of DB Queries
----------------------------------  -----  ---------  --------  ----------  --------------  -------------------  ----------------------
/opt/airflow/dags/crawl_f1_data.py    453  0.00s             1           0  0.12s           2025-04-24T06:51:13                      12
================================================================================
[2025-04-24T06:52:13.792+0000] {manager.py:997} INFO - 
================================================================================
DAG File Processing Stats

File Path                             PID  Runtime      # DAGs    # Errors  Last Runtime    Last Run               Last # of DB Queries
----------------------------------  -----  ---------  --------  ----------  --------------  -------------------  ----------------------
/opt/airflow/dags/crawl_f1_data.py    458  0.00s             1           0  0.13s           2025-04-24T06:51:43                      12
================================================================================
[2025-04-24T06:52:44.052+0000] {manager.py:997} INFO - 
================================================================================
DAG File Processing Stats

File Path                             PID  Runtime      # DAGs    # Errors  Last Runtime    Last Run               Last # of DB Queries
----------------------------------  -----  ---------  --------  ----------  --------------  -------------------  ----------------------
/opt/airflow/dags/crawl_f1_data.py    463  0.00s             1           0  0.13s           2025-04-24T06:52:13                      12
================================================================================
[2025-04-24T06:53:14.277+0000] {manager.py:997} INFO - 
================================================================================
DAG File Processing Stats

File Path                             PID  Runtime      # DAGs    # Errors  Last Runtime    Last Run               Last # of DB Queries
----------------------------------  -----  ---------  --------  ----------  --------------  -------------------  ----------------------
/opt/airflow/dags/crawl_f1_data.py    468  0.00s             1           0  0.13s           2025-04-24T06:52:44                      12
================================================================================
[2025-04-24T06:53:32.449+0000] {manager.py:821} INFO - Searching for files in /opt/airflow/dags
[2025-04-24T06:53:32.467+0000] {manager.py:824} INFO - There are 1 files in /opt/airflow/dags
[2025-04-24T06:53:44.566+0000] {manager.py:997} INFO - 
================================================================================
DAG File Processing Stats

File Path                             PID  Runtime      # DAGs    # Errors  Last Runtime    Last Run               Last # of DB Queries
----------------------------------  -----  ---------  --------  ----------  --------------  -------------------  ----------------------
/opt/airflow/dags/crawl_f1_data.py    473  0.00s             1           0  0.12s           2025-04-24T06:53:14                      12
================================================================================
[2025-04-24T06:54:14.778+0000] {manager.py:997} INFO - 
================================================================================
DAG File Processing Stats

File Path                             PID  Runtime      # DAGs    # Errors  Last Runtime    Last Run               Last # of DB Queries
----------------------------------  -----  ---------  --------  ----------  --------------  -------------------  ----------------------
/opt/airflow/dags/crawl_f1_data.py    478  0.01s             1           0  0.15s           2025-04-24T06:53:44                      12
================================================================================
[2025-04-24T06:54:45.074+0000] {manager.py:997} INFO - 
================================================================================
DAG File Processing Stats

File Path                             PID  Runtime      # DAGs    # Errors  Last Runtime    Last Run               Last # of DB Queries
----------------------------------  -----  ---------  --------  ----------  --------------  -------------------  ----------------------
/opt/airflow/dags/crawl_f1_data.py    483  0.00s             1           0  0.12s           2025-04-24T06:54:14                      12
================================================================================
[2025-04-24T06:55:15.277+0000] {manager.py:997} INFO - 
================================================================================
DAG File Processing Stats

File Path                             PID  Runtime      # DAGs    # Errors  Last Runtime    Last Run               Last # of DB Queries
----------------------------------  -----  ---------  --------  ----------  --------------  -------------------  ----------------------
/opt/airflow/dags/crawl_f1_data.py    488  0.01s             1           0  0.12s           2025-04-24T06:54:45                      12
================================================================================
[2025-04-24T06:55:45.566+0000] {manager.py:997} INFO - 
================================================================================
DAG File Processing Stats

File Path                             PID  Runtime      # DAGs    # Errors  Last Runtime    Last Run               Last # of DB Queries
----------------------------------  -----  ---------  --------  ----------  --------------  -------------------  ----------------------
/opt/airflow/dags/crawl_f1_data.py    493  0.00s             1           0  0.13s           2025-04-24T06:55:15                      12
================================================================================
[2025-04-24T06:56:15.777+0000] {manager.py:997} INFO - 
================================================================================
DAG File Processing Stats

File Path                             PID  Runtime      # DAGs    # Errors  Last Runtime    Last Run               Last # of DB Queries
----------------------------------  -----  ---------  --------  ----------  --------------  -------------------  ----------------------
/opt/airflow/dags/crawl_f1_data.py    498  0.01s             1           0  0.12s           2025-04-24T06:55:45                      12
================================================================================
[2025-04-24T06:56:46.046+0000] {manager.py:997} INFO - 
================================================================================
DAG File Processing Stats

File Path                             PID  Runtime      # DAGs    # Errors  Last Runtime    Last Run               Last # of DB Queries
----------------------------------  -----  ---------  --------  ----------  --------------  -------------------  ----------------------
/opt/airflow/dags/crawl_f1_data.py    503  0.00s             1           0  0.14s           2025-04-24T06:56:15                      12
================================================================================
[2025-04-24T06:57:16.254+0000] {manager.py:997} INFO - 
================================================================================
DAG File Processing Stats

File Path                             PID  Runtime      # DAGs    # Errors  Last Runtime    Last Run               Last # of DB Queries
----------------------------------  -----  ---------  --------  ----------  --------------  -------------------  ----------------------
/opt/airflow/dags/crawl_f1_data.py    508  0.00s             1           0  0.14s           2025-04-24T06:56:46                      12
================================================================================
[2025-04-24T06:57:46.535+0000] {manager.py:997} INFO - 
================================================================================
DAG File Processing Stats

File Path                             PID  Runtime      # DAGs    # Errors  Last Runtime    Last Run               Last # of DB Queries
----------------------------------  -----  ---------  --------  ----------  --------------  -------------------  ----------------------
/opt/airflow/dags/crawl_f1_data.py    513  0.00s             1           0  0.12s           2025-04-24T06:57:16                      12
================================================================================
[2025-04-24T06:58:16.737+0000] {manager.py:997} INFO - 
================================================================================
DAG File Processing Stats

File Path                             PID  Runtime      # DAGs    # Errors  Last Runtime    Last Run               Last # of DB Queries
----------------------------------  -----  ---------  --------  ----------  --------------  -------------------  ----------------------
/opt/airflow/dags/crawl_f1_data.py    518  0.00s             1           0  0.13s           2025-04-24T06:57:46                      12
================================================================================
[2025-04-24T06:58:32.925+0000] {manager.py:821} INFO - Searching for files in /opt/airflow/dags
[2025-04-24T06:58:32.940+0000] {manager.py:824} INFO - There are 1 files in /opt/airflow/dags
[2025-04-24T06:58:47.043+0000] {manager.py:997} INFO - 
================================================================================
DAG File Processing Stats

File Path                             PID  Runtime      # DAGs    # Errors  Last Runtime    Last Run               Last # of DB Queries
----------------------------------  -----  ---------  --------  ----------  --------------  -------------------  ----------------------
/opt/airflow/dags/crawl_f1_data.py    523  0.00s             1           0  0.12s           2025-04-24T06:58:16                      12
================================================================================
[2025-04-24T06:59:17.249+0000] {manager.py:997} INFO - 
================================================================================
DAG File Processing Stats

File Path                             PID  Runtime      # DAGs    # Errors  Last Runtime    Last Run               Last # of DB Queries
----------------------------------  -----  ---------  --------  ----------  --------------  -------------------  ----------------------
/opt/airflow/dags/crawl_f1_data.py    528  0.00s             1           0  0.12s           2025-04-24T06:58:47                      12
================================================================================
[2025-04-24T06:59:47.526+0000] {manager.py:997} INFO - 
================================================================================
DAG File Processing Stats

File Path                             PID  Runtime      # DAGs    # Errors  Last Runtime    Last Run               Last # of DB Queries
----------------------------------  -----  ---------  --------  ----------  --------------  -------------------  ----------------------
/opt/airflow/dags/crawl_f1_data.py    533  0.01s             1           0  0.12s           2025-04-24T06:59:17                      12
================================================================================
[2025-04-24T07:00:17.728+0000] {manager.py:997} INFO - 
================================================================================
DAG File Processing Stats

File Path                             PID  Runtime      # DAGs    # Errors  Last Runtime    Last Run               Last # of DB Queries
----------------------------------  -----  ---------  --------  ----------  --------------  -------------------  ----------------------
/opt/airflow/dags/crawl_f1_data.py    538  0.00s             1           0  0.14s           2025-04-24T06:59:47                      12
================================================================================
[2025-04-24T07:00:48.014+0000] {manager.py:997} INFO - 
================================================================================
DAG File Processing Stats

File Path                             PID  Runtime      # DAGs    # Errors  Last Runtime    Last Run               Last # of DB Queries
----------------------------------  -----  ---------  --------  ----------  --------------  -------------------  ----------------------
/opt/airflow/dags/crawl_f1_data.py    543  0.00s             1           0  0.12s           2025-04-24T07:00:17                      12
================================================================================
[2025-04-24T07:01:18.216+0000] {manager.py:997} INFO - 
================================================================================
DAG File Processing Stats

File Path                             PID  Runtime      # DAGs    # Errors  Last Runtime    Last Run               Last # of DB Queries
----------------------------------  -----  ---------  --------  ----------  --------------  -------------------  ----------------------
/opt/airflow/dags/crawl_f1_data.py    548  0.00s             1           0  0.11s           2025-04-24T07:00:48                      12
================================================================================
[2025-04-24T07:01:48.481+0000] {manager.py:997} INFO - 
================================================================================
DAG File Processing Stats

File Path                             PID  Runtime      # DAGs    # Errors  Last Runtime    Last Run               Last # of DB Queries
----------------------------------  -----  ---------  --------  ----------  --------------  -------------------  ----------------------
/opt/airflow/dags/crawl_f1_data.py    553  0.00s             1           0  0.12s           2025-04-24T07:01:18                      12
================================================================================
[2025-04-24T07:02:18.682+0000] {manager.py:997} INFO - 
================================================================================
DAG File Processing Stats

File Path                             PID  Runtime      # DAGs    # Errors  Last Runtime    Last Run               Last # of DB Queries
----------------------------------  -----  ---------  --------  ----------  --------------  -------------------  ----------------------
/opt/airflow/dags/crawl_f1_data.py    558  0.00s             1           0  0.13s           2025-04-24T07:01:48                      12
================================================================================
[2025-04-24T07:02:48.976+0000] {manager.py:997} INFO - 
================================================================================
DAG File Processing Stats

File Path                             PID  Runtime      # DAGs    # Errors  Last Runtime    Last Run               Last # of DB Queries
----------------------------------  -----  ---------  --------  ----------  --------------  -------------------  ----------------------
/opt/airflow/dags/crawl_f1_data.py    563  0.00s             1           0  0.13s           2025-04-24T07:02:18                      12
================================================================================
[2025-04-24T07:03:19.184+0000] {manager.py:997} INFO - 
================================================================================
DAG File Processing Stats

File Path                             PID  Runtime      # DAGs    # Errors  Last Runtime    Last Run               Last # of DB Queries
----------------------------------  -----  ---------  --------  ----------  --------------  -------------------  ----------------------
/opt/airflow/dags/crawl_f1_data.py    568  0.00s             1           0  0.11s           2025-04-24T07:02:49                      12
================================================================================
[2025-04-24T07:03:33.333+0000] {manager.py:821} INFO - Searching for files in /opt/airflow/dags
[2025-04-24T07:03:33.352+0000] {manager.py:824} INFO - There are 1 files in /opt/airflow/dags
[2025-04-24T07:03:49.473+0000] {manager.py:997} INFO - 
================================================================================
DAG File Processing Stats

File Path                             PID  Runtime      # DAGs    # Errors  Last Runtime    Last Run               Last # of DB Queries
----------------------------------  -----  ---------  --------  ----------  --------------  -------------------  ----------------------
/opt/airflow/dags/crawl_f1_data.py    573  0.00s             1           0  0.12s           2025-04-24T07:03:19                      12
================================================================================
[2025-04-24T07:04:19.672+0000] {manager.py:997} INFO - 
================================================================================
DAG File Processing Stats

File Path                             PID  Runtime      # DAGs    # Errors  Last Runtime    Last Run               Last # of DB Queries
----------------------------------  -----  ---------  --------  ----------  --------------  -------------------  ----------------------
/opt/airflow/dags/crawl_f1_data.py    578  0.00s             1           0  0.11s           2025-04-24T07:03:49                      12
================================================================================
[2025-04-24T07:04:49.940+0000] {manager.py:997} INFO - 
================================================================================
DAG File Processing Stats

File Path                             PID  Runtime      # DAGs    # Errors  Last Runtime    Last Run               Last # of DB Queries
----------------------------------  -----  ---------  --------  ----------  --------------  -------------------  ----------------------
/opt/airflow/dags/crawl_f1_data.py    583  0.00s             1           0  0.12s           2025-04-24T07:04:19                      12
================================================================================
[2025-04-24T07:05:20.148+0000] {manager.py:997} INFO - 
================================================================================
DAG File Processing Stats

File Path                             PID  Runtime      # DAGs    # Errors  Last Runtime    Last Run               Last # of DB Queries
----------------------------------  -----  ---------  --------  ----------  --------------  -------------------  ----------------------
/opt/airflow/dags/crawl_f1_data.py    588  0.00s             1           0  0.13s           2025-04-24T07:04:50                      12
================================================================================
[2025-04-24T07:05:50.434+0000] {manager.py:997} INFO - 
================================================================================
DAG File Processing Stats

File Path                             PID  Runtime      # DAGs    # Errors  Last Runtime    Last Run               Last # of DB Queries
----------------------------------  -----  ---------  --------  ----------  --------------  -------------------  ----------------------
/opt/airflow/dags/crawl_f1_data.py    593  0.00s             1           0  0.13s           2025-04-24T07:05:20                      12
================================================================================
[2025-04-24T07:06:20.632+0000] {manager.py:997} INFO - 
================================================================================
DAG File Processing Stats

File Path                             PID  Runtime      # DAGs    # Errors  Last Runtime    Last Run               Last # of DB Queries
----------------------------------  -----  ---------  --------  ----------  --------------  -------------------  ----------------------
/opt/airflow/dags/crawl_f1_data.py    598  0.00s             1           0  0.12s           2025-04-24T07:05:50                      12
================================================================================
[2025-04-24T07:06:50.913+0000] {manager.py:997} INFO - 
================================================================================
DAG File Processing Stats

File Path                             PID  Runtime      # DAGs    # Errors  Last Runtime    Last Run               Last # of DB Queries
----------------------------------  -----  ---------  --------  ----------  --------------  -------------------  ----------------------
/opt/airflow/dags/crawl_f1_data.py    603  0.00s             1           0  0.14s           2025-04-24T07:06:20                      12
================================================================================
[2025-04-24T07:07:21.118+0000] {manager.py:997} INFO - 
================================================================================
DAG File Processing Stats

File Path                             PID  Runtime      # DAGs    # Errors  Last Runtime    Last Run               Last # of DB Queries
----------------------------------  -----  ---------  --------  ----------  --------------  -------------------  ----------------------
/opt/airflow/dags/crawl_f1_data.py    608  0.00s             1           0  0.11s           2025-04-24T07:06:51                      12
================================================================================
[2025-04-24T07:07:51.380+0000] {manager.py:997} INFO - 
================================================================================
DAG File Processing Stats

File Path                             PID  Runtime      # DAGs    # Errors  Last Runtime    Last Run               Last # of DB Queries
----------------------------------  -----  ---------  --------  ----------  --------------  -------------------  ----------------------
/opt/airflow/dags/crawl_f1_data.py    613  0.00s             1           0  0.11s           2025-04-24T07:07:21                      12
================================================================================
[2025-04-24T07:08:21.581+0000] {manager.py:997} INFO - 
================================================================================
DAG File Processing Stats

File Path                             PID  Runtime      # DAGs    # Errors  Last Runtime    Last Run               Last # of DB Queries
----------------------------------  -----  ---------  --------  ----------  --------------  -------------------  ----------------------
/opt/airflow/dags/crawl_f1_data.py    618  0.00s             1           0  0.11s           2025-04-24T07:07:51                      12
================================================================================
[2025-04-24T07:08:33.719+0000] {manager.py:821} INFO - Searching for files in /opt/airflow/dags
[2025-04-24T07:08:33.741+0000] {manager.py:824} INFO - There are 1 files in /opt/airflow/dags
[2025-04-24T07:08:51.878+0000] {manager.py:997} INFO - 
================================================================================
DAG File Processing Stats

File Path                             PID  Runtime      # DAGs    # Errors  Last Runtime    Last Run               Last # of DB Queries
----------------------------------  -----  ---------  --------  ----------  --------------  -------------------  ----------------------
/opt/airflow/dags/crawl_f1_data.py    623  0.00s             1           0  0.11s           2025-04-24T07:08:21                      12
================================================================================
[2025-04-24T07:09:22.088+0000] {manager.py:997} INFO - 
================================================================================
DAG File Processing Stats

File Path                             PID  Runtime      # DAGs    # Errors  Last Runtime    Last Run               Last # of DB Queries
----------------------------------  -----  ---------  --------  ----------  --------------  -------------------  ----------------------
/opt/airflow/dags/crawl_f1_data.py    628  0.00s             1           0  0.12s           2025-04-24T07:08:51                      12
================================================================================
[2025-04-24T07:09:52.367+0000] {manager.py:997} INFO - 
================================================================================
DAG File Processing Stats

File Path                             PID  Runtime      # DAGs    # Errors  Last Runtime    Last Run               Last # of DB Queries
----------------------------------  -----  ---------  --------  ----------  --------------  -------------------  ----------------------
/opt/airflow/dags/crawl_f1_data.py    633  0.01s             1           0  0.13s           2025-04-24T07:09:22                      12
================================================================================
[2025-04-24T07:10:22.604+0000] {manager.py:997} INFO - 
================================================================================
DAG File Processing Stats

File Path                             PID  Runtime      # DAGs    # Errors  Last Runtime    Last Run               Last # of DB Queries
----------------------------------  -----  ---------  --------  ----------  --------------  -------------------  ----------------------
/opt/airflow/dags/crawl_f1_data.py    638  0.01s             1           0  0.16s           2025-04-24T07:09:52                      12
================================================================================
[2025-04-24T07:10:53.093+0000] {manager.py:997} INFO - 
================================================================================
DAG File Processing Stats

File Path                             PID  Runtime      # DAGs    # Errors  Last Runtime    Last Run               Last # of DB Queries
----------------------------------  -----  ---------  --------  ----------  --------------  -------------------  ----------------------
/opt/airflow/dags/crawl_f1_data.py    643  0.01s             1           0  0.16s           2025-04-24T07:10:22                      12
================================================================================
[2025-04-24T07:11:23.388+0000] {manager.py:997} INFO - 
================================================================================
DAG File Processing Stats

File Path                           PID    Runtime      # DAGs    # Errors  Last Runtime    Last Run               Last # of DB Queries
----------------------------------  -----  ---------  --------  ----------  --------------  -------------------  ----------------------
/opt/airflow/dags/crawl_f1_data.py                           1           0  0.44s           2025-04-24T07:10:53                      12
================================================================================
[2025-04-24T07:11:54.206+0000] {manager.py:997} INFO - 
================================================================================
DAG File Processing Stats

File Path                             PID  Runtime      # DAGs    # Errors  Last Runtime    Last Run               Last # of DB Queries
----------------------------------  -----  ---------  --------  ----------  --------------  -------------------  ----------------------
/opt/airflow/dags/crawl_f1_data.py    653  0.01s             1           0  0.19s           2025-04-24T07:11:24                      12
================================================================================
[2025-04-24T07:12:24.555+0000] {manager.py:997} INFO - 
================================================================================
DAG File Processing Stats

File Path                             PID  Runtime      # DAGs    # Errors  Last Runtime    Last Run               Last # of DB Queries
----------------------------------  -----  ---------  --------  ----------  --------------  -------------------  ----------------------
/opt/airflow/dags/crawl_f1_data.py    658  0.01s             1           0  0.29s           2025-04-24T07:11:54                      12
================================================================================
[2025-04-24T07:12:54.981+0000] {manager.py:997} INFO - 
================================================================================
DAG File Processing Stats

File Path                             PID  Runtime      # DAGs    # Errors  Last Runtime    Last Run               Last # of DB Queries
----------------------------------  -----  ---------  --------  ----------  --------------  -------------------  ----------------------
/opt/airflow/dags/crawl_f1_data.py    663  0.01s             1           0  0.18s           2025-04-24T07:12:24                      12
================================================================================
[2025-04-24T07:13:25.305+0000] {manager.py:997} INFO - 
================================================================================
DAG File Processing Stats

File Path                             PID  Runtime      # DAGs    # Errors  Last Runtime    Last Run               Last # of DB Queries
----------------------------------  -----  ---------  --------  ----------  --------------  -------------------  ----------------------
/opt/airflow/dags/crawl_f1_data.py    668  0.01s             1           0  0.28s           2025-04-24T07:12:55                      12
================================================================================
[2025-04-24T07:13:34.392+0000] {manager.py:821} INFO - Searching for files in /opt/airflow/dags
[2025-04-24T07:13:34.424+0000] {manager.py:824} INFO - There are 1 files in /opt/airflow/dags
[2025-04-24T07:13:55.649+0000] {manager.py:997} INFO - 
================================================================================
DAG File Processing Stats

File Path                             PID  Runtime      # DAGs    # Errors  Last Runtime    Last Run               Last # of DB Queries
----------------------------------  -----  ---------  --------  ----------  --------------  -------------------  ----------------------
/opt/airflow/dags/crawl_f1_data.py    673  0.00s             1           0  0.24s           2025-04-24T07:13:25                      12
================================================================================
[2025-04-24T07:14:26.154+0000] {manager.py:997} INFO - 
================================================================================
DAG File Processing Stats

File Path                             PID  Runtime      # DAGs    # Errors  Last Runtime    Last Run               Last # of DB Queries
----------------------------------  -----  ---------  --------  ----------  --------------  -------------------  ----------------------
/opt/airflow/dags/crawl_f1_data.py    678  0.01s             1           0  0.25s           2025-04-24T07:13:55                      12
================================================================================
[2025-04-24T07:14:56.429+0000] {manager.py:997} INFO - 
================================================================================
DAG File Processing Stats

File Path                             PID  Runtime      # DAGs    # Errors  Last Runtime    Last Run               Last # of DB Queries
----------------------------------  -----  ---------  --------  ----------  --------------  -------------------  ----------------------
/opt/airflow/dags/crawl_f1_data.py    683  0.01s             1           0  0.15s           2025-04-24T07:14:26                      12
================================================================================
[2025-04-24T07:15:26.859+0000] {manager.py:997} INFO - 
================================================================================
DAG File Processing Stats

File Path                             PID  Runtime      # DAGs    # Errors  Last Runtime    Last Run               Last # of DB Queries
----------------------------------  -----  ---------  --------  ----------  --------------  -------------------  ----------------------
/opt/airflow/dags/crawl_f1_data.py    688  0.01s             1           0  0.18s           2025-04-24T07:14:56                      12
================================================================================
[2025-04-24T07:15:57.198+0000] {manager.py:997} INFO - 
================================================================================
DAG File Processing Stats

File Path                             PID  Runtime      # DAGs    # Errors  Last Runtime    Last Run               Last # of DB Queries
----------------------------------  -----  ---------  --------  ----------  --------------  -------------------  ----------------------
/opt/airflow/dags/crawl_f1_data.py    693  0.01s             1           0  0.17s           2025-04-24T07:15:27                      12
================================================================================
[2025-04-24T07:16:27.625+0000] {manager.py:997} INFO - 
================================================================================
DAG File Processing Stats

File Path                             PID  Runtime      # DAGs    # Errors  Last Runtime    Last Run               Last # of DB Queries
----------------------------------  -----  ---------  --------  ----------  --------------  -------------------  ----------------------
/opt/airflow/dags/crawl_f1_data.py    698  0.01s             1           0  0.31s           2025-04-24T07:15:57                      12
================================================================================
[2025-04-24T07:16:58.196+0000] {manager.py:997} INFO - 
================================================================================
DAG File Processing Stats

File Path                             PID  Runtime      # DAGs    # Errors  Last Runtime    Last Run               Last # of DB Queries
----------------------------------  -----  ---------  --------  ----------  --------------  -------------------  ----------------------
/opt/airflow/dags/crawl_f1_data.py    703  0.02s             1           0  0.28s           2025-04-24T07:16:27                      12
================================================================================
[2025-04-24T07:17:28.519+0000] {manager.py:997} INFO - 
================================================================================
DAG File Processing Stats

File Path                           PID    Runtime      # DAGs    # Errors  Last Runtime    Last Run               Last # of DB Queries
----------------------------------  -----  ---------  --------  ----------  --------------  -------------------  ----------------------
/opt/airflow/dags/crawl_f1_data.py                           1           0  0.37s           2025-04-24T07:16:58                      12
================================================================================
[2025-04-24T07:17:59.109+0000] {manager.py:997} INFO - 
================================================================================
DAG File Processing Stats

File Path                           PID    Runtime      # DAGs    # Errors  Last Runtime    Last Run               Last # of DB Queries
----------------------------------  -----  ---------  --------  ----------  --------------  -------------------  ----------------------
/opt/airflow/dags/crawl_f1_data.py                           1           0  0.29s           2025-04-24T07:17:29                      12
================================================================================
[2025-04-24T07:18:29.678+0000] {manager.py:997} INFO - 
================================================================================
DAG File Processing Stats

File Path                           PID    Runtime      # DAGs    # Errors  Last Runtime    Last Run               Last # of DB Queries
----------------------------------  -----  ---------  --------  ----------  --------------  -------------------  ----------------------
/opt/airflow/dags/crawl_f1_data.py                           1           0  0.29s           2025-04-24T07:17:59                      12
================================================================================
[2025-04-24T07:18:35.015+0000] {manager.py:821} INFO - Searching for files in /opt/airflow/dags
[2025-04-24T07:18:35.040+0000] {manager.py:824} INFO - There are 1 files in /opt/airflow/dags
[2025-04-24T07:19:00.312+0000] {manager.py:997} INFO - 
================================================================================
DAG File Processing Stats

File Path                             PID  Runtime      # DAGs    # Errors  Last Runtime    Last Run               Last # of DB Queries
----------------------------------  -----  ---------  --------  ----------  --------------  -------------------  ----------------------
/opt/airflow/dags/crawl_f1_data.py    723  0.01s             1           0  0.19s           2025-04-24T07:18:30                      12
================================================================================
[2025-04-24T07:19:30.658+0000] {manager.py:997} INFO - 
================================================================================
DAG File Processing Stats

File Path                             PID  Runtime      # DAGs    # Errors  Last Runtime    Last Run               Last # of DB Queries
----------------------------------  -----  ---------  --------  ----------  --------------  -------------------  ----------------------
/opt/airflow/dags/crawl_f1_data.py    728  0.01s             1           0  0.20s           2025-04-24T07:19:00                      12
================================================================================
[2025-04-24T07:20:00.976+0000] {manager.py:997} INFO - 
================================================================================
DAG File Processing Stats

File Path                             PID  Runtime      # DAGs    # Errors  Last Runtime    Last Run               Last # of DB Queries
----------------------------------  -----  ---------  --------  ----------  --------------  -------------------  ----------------------
/opt/airflow/dags/crawl_f1_data.py    733  0.00s             1           0  0.19s           2025-04-24T07:19:30                      12
================================================================================
[2025-04-24T07:20:31.292+0000] {manager.py:997} INFO - 
================================================================================
DAG File Processing Stats

File Path                           PID    Runtime      # DAGs    # Errors  Last Runtime    Last Run               Last # of DB Queries
----------------------------------  -----  ---------  --------  ----------  --------------  -------------------  ----------------------
/opt/airflow/dags/crawl_f1_data.py                           1           0  0.43s           2025-04-24T07:20:01                      12
================================================================================
[2025-04-24T07:21:01.859+0000] {manager.py:997} INFO - 
================================================================================
DAG File Processing Stats

File Path                             PID  Runtime      # DAGs    # Errors  Last Runtime    Last Run               Last # of DB Queries
----------------------------------  -----  ---------  --------  ----------  --------------  -------------------  ----------------------
/opt/airflow/dags/crawl_f1_data.py    743  0.01s             1           0  0.16s           2025-04-24T07:20:31                      12
================================================================================
[2025-04-24T07:21:32.233+0000] {manager.py:997} INFO - 
================================================================================
DAG File Processing Stats

File Path                             PID  Runtime      # DAGs    # Errors  Last Runtime    Last Run               Last # of DB Queries
----------------------------------  -----  ---------  --------  ----------  --------------  -------------------  ----------------------
/opt/airflow/dags/crawl_f1_data.py    748  0.01s             1           0  0.23s           2025-04-24T07:21:02                      12
================================================================================
[2025-04-24T07:22:02.510+0000] {manager.py:997} INFO - 
================================================================================
DAG File Processing Stats

File Path                             PID  Runtime      # DAGs    # Errors  Last Runtime    Last Run               Last # of DB Queries
----------------------------------  -----  ---------  --------  ----------  --------------  -------------------  ----------------------
/opt/airflow/dags/crawl_f1_data.py    753  0.01s             1           0  0.17s           2025-04-24T07:21:32                      12
================================================================================
[2025-04-24T07:22:32.800+0000] {manager.py:997} INFO - 
================================================================================
DAG File Processing Stats

File Path                             PID  Runtime      # DAGs    # Errors  Last Runtime    Last Run               Last # of DB Queries
----------------------------------  -----  ---------  --------  ----------  --------------  -------------------  ----------------------
/opt/airflow/dags/crawl_f1_data.py    758  0.00s             1           0  0.17s           2025-04-24T07:22:02                      12
================================================================================
[2025-04-24T07:23:03.089+0000] {manager.py:997} INFO - 
================================================================================
DAG File Processing Stats

File Path                             PID  Runtime      # DAGs    # Errors  Last Runtime    Last Run               Last # of DB Queries
----------------------------------  -----  ---------  --------  ----------  --------------  -------------------  ----------------------
/opt/airflow/dags/crawl_f1_data.py    763  0.00s             1           0  0.16s           2025-04-24T07:22:32                      12
================================================================================
[2025-04-24T07:23:33.332+0000] {manager.py:997} INFO - 
================================================================================
DAG File Processing Stats

File Path                             PID  Runtime      # DAGs    # Errors  Last Runtime    Last Run               Last # of DB Queries
----------------------------------  -----  ---------  --------  ----------  --------------  -------------------  ----------------------
/opt/airflow/dags/crawl_f1_data.py    768  0.00s             1           0  0.12s           2025-04-24T07:23:03                      12
================================================================================
[2025-04-24T07:23:35.377+0000] {manager.py:821} INFO - Searching for files in /opt/airflow/dags
[2025-04-24T07:23:35.396+0000] {manager.py:824} INFO - There are 1 files in /opt/airflow/dags
[2025-04-24T07:24:03.594+0000] {manager.py:997} INFO - 
================================================================================
DAG File Processing Stats

File Path                             PID  Runtime      # DAGs    # Errors  Last Runtime    Last Run               Last # of DB Queries
----------------------------------  -----  ---------  --------  ----------  --------------  -------------------  ----------------------
/opt/airflow/dags/crawl_f1_data.py    773  0.00s             1           0  0.13s           2025-04-24T07:23:33                      12
================================================================================
[2025-04-24T07:24:33.811+0000] {manager.py:997} INFO - 
================================================================================
DAG File Processing Stats

File Path                             PID  Runtime      # DAGs    # Errors  Last Runtime    Last Run               Last # of DB Queries
----------------------------------  -----  ---------  --------  ----------  --------------  -------------------  ----------------------
/opt/airflow/dags/crawl_f1_data.py    778  0.00s             1           0  0.13s           2025-04-24T07:24:03                      12
================================================================================
[2025-04-24T07:25:04.070+0000] {manager.py:997} INFO - 
================================================================================
DAG File Processing Stats

File Path                             PID  Runtime      # DAGs    # Errors  Last Runtime    Last Run               Last # of DB Queries
----------------------------------  -----  ---------  --------  ----------  --------------  -------------------  ----------------------
/opt/airflow/dags/crawl_f1_data.py    783  0.00s             1           0  0.12s           2025-04-24T07:24:33                      12
================================================================================
[2025-04-24T07:25:34.275+0000] {manager.py:997} INFO - 
================================================================================
DAG File Processing Stats

File Path                             PID  Runtime      # DAGs    # Errors  Last Runtime    Last Run               Last # of DB Queries
----------------------------------  -----  ---------  --------  ----------  --------------  -------------------  ----------------------
/opt/airflow/dags/crawl_f1_data.py    788  0.00s             1           0  0.12s           2025-04-24T07:25:04                      12
================================================================================
[2025-04-24T07:26:04.546+0000] {manager.py:997} INFO - 
================================================================================
DAG File Processing Stats

File Path                             PID  Runtime      # DAGs    # Errors  Last Runtime    Last Run               Last # of DB Queries
----------------------------------  -----  ---------  --------  ----------  --------------  -------------------  ----------------------
/opt/airflow/dags/crawl_f1_data.py    793  0.00s             1           0  0.16s           2025-04-24T07:25:34                      12
================================================================================
[2025-04-24T07:26:34.786+0000] {manager.py:997} INFO - 
================================================================================
DAG File Processing Stats

File Path                             PID  Runtime      # DAGs    # Errors  Last Runtime    Last Run               Last # of DB Queries
----------------------------------  -----  ---------  --------  ----------  --------------  -------------------  ----------------------
/opt/airflow/dags/crawl_f1_data.py    798  0.00s             1           0  0.17s           2025-04-24T07:26:04                      12
================================================================================
[2025-04-24T07:27:05.073+0000] {manager.py:997} INFO - 
================================================================================
DAG File Processing Stats

File Path                             PID  Runtime      # DAGs    # Errors  Last Runtime    Last Run               Last # of DB Queries
----------------------------------  -----  ---------  --------  ----------  --------------  -------------------  ----------------------
/opt/airflow/dags/crawl_f1_data.py    803  0.00s             1           0  0.15s           2025-04-24T07:26:34                      12
================================================================================
[2025-04-24T07:27:35.284+0000] {manager.py:997} INFO - 
================================================================================
DAG File Processing Stats

File Path                             PID  Runtime      # DAGs    # Errors  Last Runtime    Last Run               Last # of DB Queries
----------------------------------  -----  ---------  --------  ----------  --------------  -------------------  ----------------------
/opt/airflow/dags/crawl_f1_data.py    808  0.00s             1           0  0.12s           2025-04-24T07:27:05                      12
================================================================================
[2025-04-24T07:28:05.547+0000] {manager.py:997} INFO - 
================================================================================
DAG File Processing Stats

File Path                             PID  Runtime      # DAGs    # Errors  Last Runtime    Last Run               Last # of DB Queries
----------------------------------  -----  ---------  --------  ----------  --------------  -------------------  ----------------------
/opt/airflow/dags/crawl_f1_data.py    813  0.00s             1           0  0.12s           2025-04-24T07:27:35                      12
================================================================================
[2025-04-24T07:28:35.740+0000] {manager.py:821} INFO - Searching for files in /opt/airflow/dags
[2025-04-24T07:28:35.758+0000] {manager.py:824} INFO - There are 1 files in /opt/airflow/dags
[2025-04-24T07:28:35.779+0000] {manager.py:997} INFO - 
================================================================================
DAG File Processing Stats

File Path                             PID  Runtime      # DAGs    # Errors  Last Runtime    Last Run               Last # of DB Queries
----------------------------------  -----  ---------  --------  ----------  --------------  -------------------  ----------------------
/opt/airflow/dags/crawl_f1_data.py    818  0.00s             1           0  0.12s           2025-04-24T07:28:05                      12
================================================================================
[2025-04-24T07:29:06.014+0000] {manager.py:997} INFO - 
================================================================================
DAG File Processing Stats

File Path                           PID    Runtime      # DAGs    # Errors  Last Runtime    Last Run               Last # of DB Queries
----------------------------------  -----  ---------  --------  ----------  --------------  -------------------  ----------------------
/opt/airflow/dags/crawl_f1_data.py                           1           0  0.28s           2025-04-24T07:28:36                      12
================================================================================
[2025-04-24T07:29:36.418+0000] {manager.py:997} INFO - 
================================================================================
DAG File Processing Stats

File Path                             PID  Runtime      # DAGs    # Errors  Last Runtime    Last Run               Last # of DB Queries
----------------------------------  -----  ---------  --------  ----------  --------------  -------------------  ----------------------
/opt/airflow/dags/crawl_f1_data.py    828  0.00s             1           0  0.13s           2025-04-24T07:29:06                      12
================================================================================
[2025-04-24T07:30:06.720+0000] {manager.py:997} INFO - 
================================================================================
DAG File Processing Stats

File Path                             PID  Runtime      # DAGs    # Errors  Last Runtime    Last Run               Last # of DB Queries
----------------------------------  -----  ---------  --------  ----------  --------------  -------------------  ----------------------
/opt/airflow/dags/crawl_f1_data.py    833  0.00s             1           0  0.14s           2025-04-24T07:29:36                      12
================================================================================
[2025-04-24T07:30:36.918+0000] {manager.py:997} INFO - 
================================================================================
DAG File Processing Stats

File Path                             PID  Runtime      # DAGs    # Errors  Last Runtime    Last Run               Last # of DB Queries
----------------------------------  -----  ---------  --------  ----------  --------------  -------------------  ----------------------
/opt/airflow/dags/crawl_f1_data.py    838  0.00s             1           0  0.12s           2025-04-24T07:30:06                      12
================================================================================
[2025-04-24T07:31:07.185+0000] {manager.py:997} INFO - 
================================================================================
DAG File Processing Stats

File Path                             PID  Runtime      # DAGs    # Errors  Last Runtime    Last Run               Last # of DB Queries
----------------------------------  -----  ---------  --------  ----------  --------------  -------------------  ----------------------
/opt/airflow/dags/crawl_f1_data.py    843  0.00s             1           0  0.12s           2025-04-24T07:30:37                      12
================================================================================
[2025-04-24T07:31:37.384+0000] {manager.py:997} INFO - 
================================================================================
DAG File Processing Stats

File Path                             PID  Runtime      # DAGs    # Errors  Last Runtime    Last Run               Last # of DB Queries
----------------------------------  -----  ---------  --------  ----------  --------------  -------------------  ----------------------
/opt/airflow/dags/crawl_f1_data.py    848  0.00s             1           0  0.12s           2025-04-24T07:31:07                      12
================================================================================
[2025-04-24T07:32:07.657+0000] {manager.py:997} INFO - 
================================================================================
DAG File Processing Stats

File Path                             PID  Runtime      # DAGs    # Errors  Last Runtime    Last Run               Last # of DB Queries
----------------------------------  -----  ---------  --------  ----------  --------------  -------------------  ----------------------
/opt/airflow/dags/crawl_f1_data.py    853  0.00s             1           0  0.26s           2025-04-24T07:31:37                      12
================================================================================
[2025-04-24T07:32:37.854+0000] {manager.py:997} INFO - 
================================================================================
DAG File Processing Stats

File Path                             PID  Runtime      # DAGs    # Errors  Last Runtime    Last Run               Last # of DB Queries
----------------------------------  -----  ---------  --------  ----------  --------------  -------------------  ----------------------
/opt/airflow/dags/crawl_f1_data.py    858  0.00s             1           0  0.13s           2025-04-24T07:32:07                      12
================================================================================
[2025-04-24T07:33:08.140+0000] {manager.py:997} INFO - 
================================================================================
DAG File Processing Stats

File Path                             PID  Runtime      # DAGs    # Errors  Last Runtime    Last Run               Last # of DB Queries
----------------------------------  -----  ---------  --------  ----------  --------------  -------------------  ----------------------
/opt/airflow/dags/crawl_f1_data.py    863  0.00s             1           0  0.12s           2025-04-24T07:32:37                      12
================================================================================
[2025-04-24T07:33:36.315+0000] {manager.py:821} INFO - Searching for files in /opt/airflow/dags
[2025-04-24T07:33:36.333+0000] {manager.py:824} INFO - There are 1 files in /opt/airflow/dags
[2025-04-24T07:33:38.369+0000] {manager.py:997} INFO - 
================================================================================
DAG File Processing Stats

File Path                             PID  Runtime      # DAGs    # Errors  Last Runtime    Last Run               Last # of DB Queries
----------------------------------  -----  ---------  --------  ----------  --------------  -------------------  ----------------------
/opt/airflow/dags/crawl_f1_data.py    868  0.00s             1           0  0.12s           2025-04-24T07:33:08                      12
================================================================================
[2025-04-24T07:34:08.608+0000] {manager.py:997} INFO - 
================================================================================
DAG File Processing Stats

File Path                             PID  Runtime      # DAGs    # Errors  Last Runtime    Last Run               Last # of DB Queries
----------------------------------  -----  ---------  --------  ----------  --------------  -------------------  ----------------------
/opt/airflow/dags/crawl_f1_data.py    873  0.00s             1           0  0.12s           2025-04-24T07:33:38                      12
================================================================================
[2025-04-24T07:34:38.840+0000] {manager.py:997} INFO - 
================================================================================
DAG File Processing Stats

File Path                             PID  Runtime      # DAGs    # Errors  Last Runtime    Last Run               Last # of DB Queries
----------------------------------  -----  ---------  --------  ----------  --------------  -------------------  ----------------------
/opt/airflow/dags/crawl_f1_data.py    878  0.00s             1           0  0.12s           2025-04-24T07:34:08                      12
================================================================================
[2025-04-24T07:35:09.078+0000] {manager.py:997} INFO - 
================================================================================
DAG File Processing Stats

File Path                             PID  Runtime      # DAGs    # Errors  Last Runtime    Last Run               Last # of DB Queries
----------------------------------  -----  ---------  --------  ----------  --------------  -------------------  ----------------------
/opt/airflow/dags/crawl_f1_data.py    883  0.00s             1           0  0.12s           2025-04-24T07:34:38                      12
================================================================================
[2025-04-24T07:35:39.321+0000] {manager.py:997} INFO - 
================================================================================
DAG File Processing Stats

File Path                             PID  Runtime      # DAGs    # Errors  Last Runtime    Last Run               Last # of DB Queries
----------------------------------  -----  ---------  --------  ----------  --------------  -------------------  ----------------------
/opt/airflow/dags/crawl_f1_data.py    888  0.01s             1           0  0.12s           2025-04-24T07:35:09                      12
================================================================================
[2025-04-24T07:36:09.557+0000] {manager.py:997} INFO - 
================================================================================
DAG File Processing Stats

File Path                             PID  Runtime      # DAGs    # Errors  Last Runtime    Last Run               Last # of DB Queries
----------------------------------  -----  ---------  --------  ----------  --------------  -------------------  ----------------------
/opt/airflow/dags/crawl_f1_data.py    893  0.00s             1           0  0.16s           2025-04-24T07:35:39                      12
================================================================================
[2025-04-24T07:36:39.833+0000] {manager.py:997} INFO - 
================================================================================
DAG File Processing Stats

File Path                             PID  Runtime      # DAGs    # Errors  Last Runtime    Last Run               Last # of DB Queries
----------------------------------  -----  ---------  --------  ----------  --------------  -------------------  ----------------------
/opt/airflow/dags/crawl_f1_data.py    898  0.00s             1           0  0.13s           2025-04-24T07:36:09                      12
================================================================================
[2025-04-24T07:37:10.041+0000] {manager.py:997} INFO - 
================================================================================
DAG File Processing Stats

File Path                             PID  Runtime      # DAGs    # Errors  Last Runtime    Last Run               Last # of DB Queries
----------------------------------  -----  ---------  --------  ----------  --------------  -------------------  ----------------------
/opt/airflow/dags/crawl_f1_data.py    903  0.00s             1           0  0.13s           2025-04-24T07:36:39                      12
================================================================================
[2025-04-24T07:37:40.369+0000] {manager.py:997} INFO - 
================================================================================
DAG File Processing Stats

File Path                             PID  Runtime      # DAGs    # Errors  Last Runtime    Last Run               Last # of DB Queries
----------------------------------  -----  ---------  --------  ----------  --------------  -------------------  ----------------------
/opt/airflow/dags/crawl_f1_data.py    908  0.00s             1           0  0.28s           2025-04-24T07:37:10                      12
================================================================================
[2025-04-24T07:38:10.698+0000] {manager.py:997} INFO - 
================================================================================
DAG File Processing Stats

File Path                             PID  Runtime      # DAGs    # Errors  Last Runtime    Last Run               Last # of DB Queries
----------------------------------  -----  ---------  --------  ----------  --------------  -------------------  ----------------------
/opt/airflow/dags/crawl_f1_data.py    913  0.00s             1           0  0.16s           2025-04-24T07:37:40                      12
================================================================================
[2025-04-24T07:38:36.952+0000] {manager.py:821} INFO - Searching for files in /opt/airflow/dags
[2025-04-24T07:38:36.983+0000] {manager.py:824} INFO - There are 1 files in /opt/airflow/dags
[2025-04-24T07:38:41.053+0000] {manager.py:997} INFO - 
================================================================================
DAG File Processing Stats

File Path                             PID  Runtime      # DAGs    # Errors  Last Runtime    Last Run               Last # of DB Queries
----------------------------------  -----  ---------  --------  ----------  --------------  -------------------  ----------------------
/opt/airflow/dags/crawl_f1_data.py    918  0.00s             1           0  0.18s           2025-04-24T07:38:10                      12
================================================================================
[2025-04-24T07:39:11.350+0000] {manager.py:997} INFO - 
================================================================================
DAG File Processing Stats

File Path                             PID  Runtime      # DAGs    # Errors  Last Runtime    Last Run               Last # of DB Queries
----------------------------------  -----  ---------  --------  ----------  --------------  -------------------  ----------------------
/opt/airflow/dags/crawl_f1_data.py    923  0.00s             1           0  0.16s           2025-04-24T07:38:41                      12
================================================================================
[2025-04-24T07:39:41.684+0000] {manager.py:997} INFO - 
================================================================================
DAG File Processing Stats

File Path                             PID  Runtime      # DAGs    # Errors  Last Runtime    Last Run               Last # of DB Queries
----------------------------------  -----  ---------  --------  ----------  --------------  -------------------  ----------------------
/opt/airflow/dags/crawl_f1_data.py    928  0.01s             1           0  0.15s           2025-04-24T07:39:11                      12
================================================================================
[2025-04-24T07:40:11.983+0000] {manager.py:997} INFO - 
================================================================================
DAG File Processing Stats

File Path                             PID  Runtime      # DAGs    # Errors  Last Runtime    Last Run               Last # of DB Queries
----------------------------------  -----  ---------  --------  ----------  --------------  -------------------  ----------------------
/opt/airflow/dags/crawl_f1_data.py    933  0.00s             1           0  0.15s           2025-04-24T07:39:41                      12
================================================================================
[2025-04-24T07:40:42.316+0000] {manager.py:997} INFO - 
================================================================================
DAG File Processing Stats

File Path                             PID  Runtime      # DAGs    # Errors  Last Runtime    Last Run               Last # of DB Queries
----------------------------------  -----  ---------  --------  ----------  --------------  -------------------  ----------------------
/opt/airflow/dags/crawl_f1_data.py    938  0.00s             1           0  0.31s           2025-04-24T07:40:12                      12
================================================================================
[2025-04-24T07:41:12.567+0000] {manager.py:997} INFO - 
================================================================================
DAG File Processing Stats

File Path                             PID  Runtime      # DAGs    # Errors  Last Runtime    Last Run               Last # of DB Queries
----------------------------------  -----  ---------  --------  ----------  --------------  -------------------  ----------------------
/opt/airflow/dags/crawl_f1_data.py    943  0.00s             1           0  0.16s           2025-04-24T07:40:42                      12
================================================================================
[2025-04-24T07:41:42.956+0000] {manager.py:997} INFO - 
================================================================================
DAG File Processing Stats

File Path                             PID  Runtime      # DAGs    # Errors  Last Runtime    Last Run               Last # of DB Queries
----------------------------------  -----  ---------  --------  ----------  --------------  -------------------  ----------------------
/opt/airflow/dags/crawl_f1_data.py    948  0.01s             1           0  0.18s           2025-04-24T07:41:12                      12
================================================================================
[2025-04-24T07:42:13.232+0000] {manager.py:997} INFO - 
================================================================================
DAG File Processing Stats

File Path                             PID  Runtime      # DAGs    # Errors  Last Runtime    Last Run               Last # of DB Queries
----------------------------------  -----  ---------  --------  ----------  --------------  -------------------  ----------------------
/opt/airflow/dags/crawl_f1_data.py    953  0.00s             1           0  0.17s           2025-04-24T07:41:43                      12
================================================================================
[2025-04-24T07:42:43.602+0000] {manager.py:997} INFO - 
================================================================================
DAG File Processing Stats

File Path                             PID  Runtime      # DAGs    # Errors  Last Runtime    Last Run               Last # of DB Queries
----------------------------------  -----  ---------  --------  ----------  --------------  -------------------  ----------------------
/opt/airflow/dags/crawl_f1_data.py    958  0.00s             1           0  0.16s           2025-04-24T07:42:13                      12
================================================================================
[2025-04-24T07:43:13.862+0000] {manager.py:997} INFO - 
================================================================================
DAG File Processing Stats

File Path                             PID  Runtime      # DAGs    # Errors  Last Runtime    Last Run               Last # of DB Queries
----------------------------------  -----  ---------  --------  ----------  --------------  -------------------  ----------------------
/opt/airflow/dags/crawl_f1_data.py    963  0.01s             1           0  0.18s           2025-04-24T07:42:43                      12
================================================================================
[2025-04-24T07:43:37.179+0000] {manager.py:821} INFO - Searching for files in /opt/airflow/dags
[2025-04-24T07:43:37.212+0000] {manager.py:824} INFO - There are 1 files in /opt/airflow/dags
[2025-04-24T07:43:44.303+0000] {manager.py:997} INFO - 
================================================================================
DAG File Processing Stats

File Path                             PID  Runtime      # DAGs    # Errors  Last Runtime    Last Run               Last # of DB Queries
----------------------------------  -----  ---------  --------  ----------  --------------  -------------------  ----------------------
/opt/airflow/dags/crawl_f1_data.py    968  0.00s             1           0  0.29s           2025-04-24T07:43:14                      12
================================================================================
[2025-04-24T07:44:14.625+0000] {manager.py:997} INFO - 
================================================================================
DAG File Processing Stats

File Path                             PID  Runtime      # DAGs    # Errors  Last Runtime    Last Run               Last # of DB Queries
----------------------------------  -----  ---------  --------  ----------  --------------  -------------------  ----------------------
/opt/airflow/dags/crawl_f1_data.py    973  0.00s             1           0  0.19s           2025-04-24T07:43:44                      12
================================================================================
[2025-04-24T07:44:44.962+0000] {manager.py:997} INFO - 
================================================================================
DAG File Processing Stats

File Path                             PID  Runtime      # DAGs    # Errors  Last Runtime    Last Run               Last # of DB Queries
----------------------------------  -----  ---------  --------  ----------  --------------  -------------------  ----------------------
/opt/airflow/dags/crawl_f1_data.py    978  0.00s             1           0  0.18s           2025-04-24T07:44:14                      12
================================================================================
[2025-04-24T07:45:15.279+0000] {manager.py:997} INFO - 
================================================================================
DAG File Processing Stats

File Path                             PID  Runtime      # DAGs    # Errors  Last Runtime    Last Run               Last # of DB Queries
----------------------------------  -----  ---------  --------  ----------  --------------  -------------------  ----------------------
/opt/airflow/dags/crawl_f1_data.py    983  0.01s             1           0  0.16s           2025-04-24T07:44:45                      12
================================================================================
[2025-04-24T07:45:45.595+0000] {manager.py:997} INFO - 
================================================================================
DAG File Processing Stats

File Path                             PID  Runtime      # DAGs    # Errors  Last Runtime    Last Run               Last # of DB Queries
----------------------------------  -----  ---------  --------  ----------  --------------  -------------------  ----------------------
/opt/airflow/dags/crawl_f1_data.py    988  0.00s             1           0  0.16s           2025-04-24T07:45:15                      12
================================================================================
[2025-04-24T07:46:15.892+0000] {manager.py:997} INFO - 
================================================================================
DAG File Processing Stats

File Path                           PID    Runtime      # DAGs    # Errors  Last Runtime    Last Run               Last # of DB Queries
----------------------------------  -----  ---------  --------  ----------  --------------  -------------------  ----------------------
/opt/airflow/dags/crawl_f1_data.py                           1           0  0.30s           2025-04-24T07:45:45                      12
================================================================================
[2025-04-24T07:46:46.372+0000] {manager.py:997} INFO - 
================================================================================
DAG File Processing Stats

File Path                             PID  Runtime      # DAGs    # Errors  Last Runtime    Last Run               Last # of DB Queries
----------------------------------  -----  ---------  --------  ----------  --------------  -------------------  ----------------------
/opt/airflow/dags/crawl_f1_data.py    998  0.00s             1           0  0.16s           2025-04-24T07:46:16                      12
================================================================================
[2025-04-24T07:47:16.756+0000] {manager.py:997} INFO - 
================================================================================
DAG File Processing Stats

File Path                             PID  Runtime      # DAGs    # Errors  Last Runtime    Last Run               Last # of DB Queries
----------------------------------  -----  ---------  --------  ----------  --------------  -------------------  ----------------------
/opt/airflow/dags/crawl_f1_data.py   1003  0.00s             1           0  0.16s           2025-04-24T07:46:46                      12
================================================================================
[2025-04-24T07:47:47.008+0000] {manager.py:997} INFO - 
================================================================================
DAG File Processing Stats

File Path                             PID  Runtime      # DAGs    # Errors  Last Runtime    Last Run               Last # of DB Queries
----------------------------------  -----  ---------  --------  ----------  --------------  -------------------  ----------------------
/opt/airflow/dags/crawl_f1_data.py   1008  0.00s             1           0  0.16s           2025-04-24T07:47:16                      12
================================================================================
[2025-04-24T07:48:17.371+0000] {manager.py:997} INFO - 
================================================================================
DAG File Processing Stats

File Path                             PID  Runtime      # DAGs    # Errors  Last Runtime    Last Run               Last # of DB Queries
----------------------------------  -----  ---------  --------  ----------  --------------  -------------------  ----------------------
/opt/airflow/dags/crawl_f1_data.py   1013  0.00s             1           0  0.16s           2025-04-24T07:47:47                      12
================================================================================
[2025-04-24T07:48:37.528+0000] {manager.py:821} INFO - Searching for files in /opt/airflow/dags
[2025-04-24T07:48:37.559+0000] {manager.py:824} INFO - There are 1 files in /opt/airflow/dags
[2025-04-24T07:48:47.672+0000] {manager.py:997} INFO - 
================================================================================
DAG File Processing Stats

File Path                             PID  Runtime      # DAGs    # Errors  Last Runtime    Last Run               Last # of DB Queries
----------------------------------  -----  ---------  --------  ----------  --------------  -------------------  ----------------------
/opt/airflow/dags/crawl_f1_data.py   1018  0.01s             1           0  0.15s           2025-04-24T07:48:17                      12
================================================================================
[2025-04-24T07:49:17.976+0000] {manager.py:997} INFO - 
================================================================================
DAG File Processing Stats

File Path                           PID    Runtime      # DAGs    # Errors  Last Runtime    Last Run               Last # of DB Queries
----------------------------------  -----  ---------  --------  ----------  --------------  -------------------  ----------------------
/opt/airflow/dags/crawl_f1_data.py                           1           0  0.33s           2025-04-24T07:48:47                      12
================================================================================
[2025-04-24T07:49:48.479+0000] {manager.py:997} INFO - 
================================================================================
DAG File Processing Stats

File Path                             PID  Runtime      # DAGs    # Errors  Last Runtime    Last Run               Last # of DB Queries
----------------------------------  -----  ---------  --------  ----------  --------------  -------------------  ----------------------
/opt/airflow/dags/crawl_f1_data.py   1028  0.00s             1           0  0.18s           2025-04-24T07:49:18                      12
================================================================================
[2025-04-24T07:50:18.731+0000] {manager.py:997} INFO - 
================================================================================
DAG File Processing Stats

File Path                             PID  Runtime      # DAGs    # Errors  Last Runtime    Last Run               Last # of DB Queries
----------------------------------  -----  ---------  --------  ----------  --------------  -------------------  ----------------------
/opt/airflow/dags/crawl_f1_data.py   1033  0.00s             1           0  0.15s           2025-04-24T07:49:48                      12
================================================================================
[2025-04-24T07:50:49.091+0000] {manager.py:997} INFO - 
================================================================================
DAG File Processing Stats

File Path                             PID  Runtime      # DAGs    # Errors  Last Runtime    Last Run               Last # of DB Queries
----------------------------------  -----  ---------  --------  ----------  --------------  -------------------  ----------------------
/opt/airflow/dags/crawl_f1_data.py   1038  0.01s             1           0  0.15s           2025-04-24T07:50:18                      12
================================================================================
[2025-04-24T07:51:19.362+0000] {manager.py:997} INFO - 
================================================================================
DAG File Processing Stats

File Path                             PID  Runtime      # DAGs    # Errors  Last Runtime    Last Run               Last # of DB Queries
----------------------------------  -----  ---------  --------  ----------  --------------  -------------------  ----------------------
/opt/airflow/dags/crawl_f1_data.py   1043  0.01s             1           0  0.16s           2025-04-24T07:50:49                      12
================================================================================
[2025-04-24T07:51:49.726+0000] {manager.py:997} INFO - 
================================================================================
DAG File Processing Stats

File Path                             PID  Runtime      # DAGs    # Errors  Last Runtime    Last Run               Last # of DB Queries
----------------------------------  -----  ---------  --------  ----------  --------------  -------------------  ----------------------
/opt/airflow/dags/crawl_f1_data.py   1048  0.01s             1           0  0.18s           2025-04-24T07:51:19                      12
================================================================================
[2025-04-24T07:52:20.000+0000] {manager.py:997} INFO - 
================================================================================
DAG File Processing Stats

File Path                           PID    Runtime      # DAGs    # Errors  Last Runtime    Last Run               Last # of DB Queries
----------------------------------  -----  ---------  --------  ----------  --------------  -------------------  ----------------------
/opt/airflow/dags/crawl_f1_data.py                           1           0  0.34s           2025-04-24T07:51:50                      12
================================================================================
[2025-04-24T07:52:50.534+0000] {manager.py:997} INFO - 
================================================================================
DAG File Processing Stats

File Path                             PID  Runtime      # DAGs    # Errors  Last Runtime    Last Run               Last # of DB Queries
----------------------------------  -----  ---------  --------  ----------  --------------  -------------------  ----------------------
/opt/airflow/dags/crawl_f1_data.py   1058  0.00s             1           0  0.15s           2025-04-24T07:52:20                      12
================================================================================
[2025-04-24T07:53:20.911+0000] {manager.py:997} INFO - 
================================================================================
DAG File Processing Stats

File Path                             PID  Runtime      # DAGs    # Errors  Last Runtime    Last Run               Last # of DB Queries
----------------------------------  -----  ---------  --------  ----------  --------------  -------------------  ----------------------
/opt/airflow/dags/crawl_f1_data.py   1063  0.01s             1           0  0.17s           2025-04-24T07:52:50                      12
================================================================================
[2025-04-24T07:53:38.058+0000] {manager.py:821} INFO - Searching for files in /opt/airflow/dags
[2025-04-24T07:53:38.087+0000] {manager.py:824} INFO - There are 1 files in /opt/airflow/dags
[2025-04-24T07:53:51.216+0000] {manager.py:997} INFO - 
================================================================================
DAG File Processing Stats

File Path                             PID  Runtime      # DAGs    # Errors  Last Runtime    Last Run               Last # of DB Queries
----------------------------------  -----  ---------  --------  ----------  --------------  -------------------  ----------------------
/opt/airflow/dags/crawl_f1_data.py   1068  0.01s             1           0  0.19s           2025-04-24T07:53:21                      12
================================================================================
[2025-04-24T07:54:21.583+0000] {manager.py:997} INFO - 
================================================================================
DAG File Processing Stats

File Path                             PID  Runtime      # DAGs    # Errors  Last Runtime    Last Run               Last # of DB Queries
----------------------------------  -----  ---------  --------  ----------  --------------  -------------------  ----------------------
/opt/airflow/dags/crawl_f1_data.py   1073  0.01s             1           0  0.17s           2025-04-24T07:53:51                      12
================================================================================
[2025-04-24T07:54:51.820+0000] {manager.py:997} INFO - 
================================================================================
DAG File Processing Stats

File Path                           PID    Runtime      # DAGs    # Errors  Last Runtime    Last Run               Last # of DB Queries
----------------------------------  -----  ---------  --------  ----------  --------------  -------------------  ----------------------
/opt/airflow/dags/crawl_f1_data.py                           1           0  0.32s           2025-04-24T07:54:21                      12
================================================================================
[2025-04-24T07:55:22.376+0000] {manager.py:997} INFO - 
================================================================================
DAG File Processing Stats

File Path                           PID    Runtime      # DAGs    # Errors  Last Runtime    Last Run               Last # of DB Queries
----------------------------------  -----  ---------  --------  ----------  --------------  -------------------  ----------------------
/opt/airflow/dags/crawl_f1_data.py                           1           0  0.30s           2025-04-24T07:54:52                      12
================================================================================
[2025-04-24T07:55:52.941+0000] {manager.py:997} INFO - 
================================================================================
DAG File Processing Stats

File Path                             PID  Runtime      # DAGs    # Errors  Last Runtime    Last Run               Last # of DB Queries
----------------------------------  -----  ---------  --------  ----------  --------------  -------------------  ----------------------
/opt/airflow/dags/crawl_f1_data.py   1088  0.00s             1           0  0.15s           2025-04-24T07:55:22                      12
================================================================================
[2025-04-24T07:56:23.300+0000] {manager.py:997} INFO - 
================================================================================
DAG File Processing Stats

File Path                             PID  Runtime      # DAGs    # Errors  Last Runtime    Last Run               Last # of DB Queries
----------------------------------  -----  ---------  --------  ----------  --------------  -------------------  ----------------------
/opt/airflow/dags/crawl_f1_data.py   1093  0.00s             1           0  0.15s           2025-04-24T07:55:53                      12
================================================================================
[2025-04-24T07:56:53.558+0000] {manager.py:997} INFO - 
================================================================================
DAG File Processing Stats

File Path                             PID  Runtime      # DAGs    # Errors  Last Runtime    Last Run               Last # of DB Queries
----------------------------------  -----  ---------  --------  ----------  --------------  -------------------  ----------------------
/opt/airflow/dags/crawl_f1_data.py   1098  0.01s             1           0  0.17s           2025-04-24T07:56:23                      12
================================================================================
[2025-04-24T07:57:23.929+0000] {manager.py:997} INFO - 
================================================================================
DAG File Processing Stats

File Path                             PID  Runtime      # DAGs    # Errors  Last Runtime    Last Run               Last # of DB Queries
----------------------------------  -----  ---------  --------  ----------  --------------  -------------------  ----------------------
/opt/airflow/dags/crawl_f1_data.py   1103  0.00s             1           0  0.16s           2025-04-24T07:56:53                      12
================================================================================
[2025-04-24T07:57:54.170+0000] {manager.py:997} INFO - 
================================================================================
DAG File Processing Stats

File Path                           PID    Runtime      # DAGs    # Errors  Last Runtime    Last Run               Last # of DB Queries
----------------------------------  -----  ---------  --------  ----------  --------------  -------------------  ----------------------
/opt/airflow/dags/crawl_f1_data.py                           1           0  0.28s           2025-04-24T07:57:24                      12
================================================================================
[2025-04-24T07:58:24.678+0000] {manager.py:997} INFO - 
================================================================================
DAG File Processing Stats

File Path                             PID  Runtime      # DAGs    # Errors  Last Runtime    Last Run               Last # of DB Queries
----------------------------------  -----  ---------  --------  ----------  --------------  -------------------  ----------------------
/opt/airflow/dags/crawl_f1_data.py   1113  0.00s             1           0  0.16s           2025-04-24T07:57:54                      12
================================================================================
[2025-04-24T07:58:38.909+0000] {manager.py:821} INFO - Searching for files in /opt/airflow/dags
[2025-04-24T07:58:38.937+0000] {manager.py:824} INFO - There are 1 files in /opt/airflow/dags
[2025-04-24T07:58:55.100+0000] {manager.py:997} INFO - 
================================================================================
DAG File Processing Stats

File Path                             PID  Runtime      # DAGs    # Errors  Last Runtime    Last Run               Last # of DB Queries
----------------------------------  -----  ---------  --------  ----------  --------------  -------------------  ----------------------
/opt/airflow/dags/crawl_f1_data.py   1118  0.01s             1           0  0.18s           2025-04-24T07:58:24                      12
================================================================================
[2025-04-24T07:59:25.353+0000] {manager.py:997} INFO - 
================================================================================
DAG File Processing Stats

File Path                             PID  Runtime      # DAGs    # Errors  Last Runtime    Last Run               Last # of DB Queries
----------------------------------  -----  ---------  --------  ----------  --------------  -------------------  ----------------------
/opt/airflow/dags/crawl_f1_data.py   1123  0.00s             1           0  0.16s           2025-04-24T07:58:55                      12
================================================================================
[2025-04-24T07:59:55.719+0000] {manager.py:997} INFO - 
================================================================================
DAG File Processing Stats

File Path                             PID  Runtime      # DAGs    # Errors  Last Runtime    Last Run               Last # of DB Queries
----------------------------------  -----  ---------  --------  ----------  --------------  -------------------  ----------------------
/opt/airflow/dags/crawl_f1_data.py   1128  0.00s             1           0  0.17s           2025-04-24T07:59:25                      12
================================================================================
[2025-04-24T08:00:25.972+0000] {manager.py:997} INFO - 
================================================================================
DAG File Processing Stats

File Path                             PID  Runtime      # DAGs    # Errors  Last Runtime    Last Run               Last # of DB Queries
----------------------------------  -----  ---------  --------  ----------  --------------  -------------------  ----------------------
/opt/airflow/dags/crawl_f1_data.py   1133  0.00s             1           0  0.19s           2025-04-24T07:59:55                      12
================================================================================
[2025-04-24T08:00:56.361+0000] {manager.py:997} INFO - 
================================================================================
DAG File Processing Stats

File Path                             PID  Runtime      # DAGs    # Errors  Last Runtime    Last Run               Last # of DB Queries
----------------------------------  -----  ---------  --------  ----------  --------------  -------------------  ----------------------
/opt/airflow/dags/crawl_f1_data.py   1138  0.00s             1           0  0.33s           2025-04-24T08:00:26                      12
================================================================================
[2025-04-24T08:01:26.776+0000] {manager.py:997} INFO - 
================================================================================
DAG File Processing Stats

File Path                             PID  Runtime      # DAGs    # Errors  Last Runtime    Last Run               Last # of DB Queries
----------------------------------  -----  ---------  --------  ----------  --------------  -------------------  ----------------------
/opt/airflow/dags/crawl_f1_data.py   1143  0.01s             1           0  0.16s           2025-04-24T08:00:56                      12
================================================================================
[2025-04-24T08:01:57.033+0000] {manager.py:997} INFO - 
================================================================================
DAG File Processing Stats

File Path                             PID  Runtime      # DAGs    # Errors  Last Runtime    Last Run               Last # of DB Queries
----------------------------------  -----  ---------  --------  ----------  --------------  -------------------  ----------------------
/opt/airflow/dags/crawl_f1_data.py   1148  0.00s             1           0  0.17s           2025-04-24T08:01:26                      12
================================================================================
[2025-04-24T08:02:27.416+0000] {manager.py:997} INFO - 
================================================================================
DAG File Processing Stats

File Path                             PID  Runtime      # DAGs    # Errors  Last Runtime    Last Run               Last # of DB Queries
----------------------------------  -----  ---------  --------  ----------  --------------  -------------------  ----------------------
/opt/airflow/dags/crawl_f1_data.py   1153  0.00s             1           0  0.15s           2025-04-24T08:01:57                      12
================================================================================
[2025-04-24T08:02:57.661+0000] {manager.py:997} INFO - 
================================================================================
DAG File Processing Stats

File Path                             PID  Runtime      # DAGs    # Errors  Last Runtime    Last Run               Last # of DB Queries
----------------------------------  -----  ---------  --------  ----------  --------------  -------------------  ----------------------
/opt/airflow/dags/crawl_f1_data.py   1158  0.00s             1           0  0.18s           2025-04-24T08:02:27                      12
================================================================================
[2025-04-24T08:03:28.078+0000] {manager.py:997} INFO - 
================================================================================
DAG File Processing Stats

File Path                             PID  Runtime      # DAGs    # Errors  Last Runtime    Last Run               Last # of DB Queries
----------------------------------  -----  ---------  --------  ----------  --------------  -------------------  ----------------------
/opt/airflow/dags/crawl_f1_data.py   1163  0.01s             1           0  0.31s           2025-04-24T08:02:57                      12
================================================================================
[2025-04-24T08:03:39.291+0000] {manager.py:821} INFO - Searching for files in /opt/airflow/dags
[2025-04-24T08:03:39.321+0000] {manager.py:824} INFO - There are 1 files in /opt/airflow/dags
[2025-04-24T08:03:58.514+0000] {manager.py:997} INFO - 
================================================================================
DAG File Processing Stats

File Path                             PID  Runtime      # DAGs    # Errors  Last Runtime    Last Run               Last # of DB Queries
----------------------------------  -----  ---------  --------  ----------  --------------  -------------------  ----------------------
/opt/airflow/dags/crawl_f1_data.py   1168  0.01s             1           0  0.39s           2025-04-24T08:03:28                      12
================================================================================
[2025-04-24T08:04:28.787+0000] {manager.py:997} INFO - 
================================================================================
DAG File Processing Stats

File Path                             PID  Runtime      # DAGs    # Errors  Last Runtime    Last Run               Last # of DB Queries
----------------------------------  -----  ---------  --------  ----------  --------------  -------------------  ----------------------
/opt/airflow/dags/crawl_f1_data.py   1173  0.01s             1           0  0.17s           2025-04-24T08:03:58                      12
================================================================================
[2025-04-24T08:04:59.174+0000] {manager.py:997} INFO - 
================================================================================
DAG File Processing Stats

File Path                             PID  Runtime      # DAGs    # Errors  Last Runtime    Last Run               Last # of DB Queries
----------------------------------  -----  ---------  --------  ----------  --------------  -------------------  ----------------------
/opt/airflow/dags/crawl_f1_data.py   1178  0.00s             1           0  0.18s           2025-04-24T08:04:28                      12
================================================================================
[2025-04-24T08:05:29.436+0000] {manager.py:997} INFO - 
================================================================================
DAG File Processing Stats

File Path                             PID  Runtime      # DAGs    # Errors  Last Runtime    Last Run               Last # of DB Queries
----------------------------------  -----  ---------  --------  ----------  --------------  -------------------  ----------------------
/opt/airflow/dags/crawl_f1_data.py   1183  0.00s             1           0  0.15s           2025-04-24T08:04:59                      12
================================================================================
[2025-04-24T08:05:59.784+0000] {manager.py:997} INFO - 
================================================================================
DAG File Processing Stats

File Path                             PID  Runtime      # DAGs    # Errors  Last Runtime    Last Run               Last # of DB Queries
----------------------------------  -----  ---------  --------  ----------  --------------  -------------------  ----------------------
/opt/airflow/dags/crawl_f1_data.py   1188  0.00s             1           0  0.16s           2025-04-24T08:05:29                      12
================================================================================
[2025-04-24T08:06:30.052+0000] {manager.py:997} INFO - 
================================================================================
DAG File Processing Stats

File Path                           PID    Runtime      # DAGs    # Errors  Last Runtime    Last Run               Last # of DB Queries
----------------------------------  -----  ---------  --------  ----------  --------------  -------------------  ----------------------
/opt/airflow/dags/crawl_f1_data.py                           1           0  0.29s           2025-04-24T08:06:00                      12
================================================================================
[2025-04-24T08:07:00.538+0000] {manager.py:997} INFO - 
================================================================================
DAG File Processing Stats

File Path                           PID    Runtime      # DAGs    # Errors  Last Runtime    Last Run               Last # of DB Queries
----------------------------------  -----  ---------  --------  ----------  --------------  -------------------  ----------------------
/opt/airflow/dags/crawl_f1_data.py                           1           0  0.38s           2025-04-24T08:06:30                      12
================================================================================
[2025-04-24T08:07:31.175+0000] {manager.py:997} INFO - 
================================================================================
DAG File Processing Stats

File Path                             PID  Runtime      # DAGs    # Errors  Last Runtime    Last Run               Last # of DB Queries
----------------------------------  -----  ---------  --------  ----------  --------------  -------------------  ----------------------
/opt/airflow/dags/crawl_f1_data.py   1203  0.00s             1           0  0.16s           2025-04-24T08:07:01                      12
================================================================================
[2025-04-24T08:08:01.550+0000] {manager.py:997} INFO - 
================================================================================
DAG File Processing Stats

File Path                             PID  Runtime      # DAGs    # Errors  Last Runtime    Last Run               Last # of DB Queries
----------------------------------  -----  ---------  --------  ----------  --------------  -------------------  ----------------------
/opt/airflow/dags/crawl_f1_data.py   1208  0.01s             1           0  0.16s           2025-04-24T08:07:31                      12
================================================================================
[2025-04-24T08:08:31.813+0000] {manager.py:997} INFO - 
================================================================================
DAG File Processing Stats

File Path                             PID  Runtime      # DAGs    # Errors  Last Runtime    Last Run               Last # of DB Queries
----------------------------------  -----  ---------  --------  ----------  --------------  -------------------  ----------------------
/opt/airflow/dags/crawl_f1_data.py   1213  0.01s             1           0  0.17s           2025-04-24T08:08:01                      12
================================================================================
[2025-04-24T08:08:39.999+0000] {manager.py:821} INFO - Searching for files in /opt/airflow/dags
[2025-04-24T08:08:40.029+0000] {manager.py:824} INFO - There are 1 files in /opt/airflow/dags
[2025-04-24T08:09:02.230+0000] {manager.py:997} INFO - 
================================================================================
DAG File Processing Stats

File Path                             PID  Runtime      # DAGs    # Errors  Last Runtime    Last Run               Last # of DB Queries
----------------------------------  -----  ---------  --------  ----------  --------------  -------------------  ----------------------
/opt/airflow/dags/crawl_f1_data.py   1218  0.00s             1           0  0.16s           2025-04-24T08:08:31                      12
================================================================================
[2025-04-24T08:09:32.500+0000] {manager.py:997} INFO - 
================================================================================
DAG File Processing Stats

File Path                           PID    Runtime      # DAGs    # Errors  Last Runtime    Last Run               Last # of DB Queries
----------------------------------  -----  ---------  --------  ----------  --------------  -------------------  ----------------------
/opt/airflow/dags/crawl_f1_data.py                           1           0  0.29s           2025-04-24T08:09:02                      12
================================================================================
[2025-04-24T08:10:03.027+0000] {manager.py:997} INFO - 
================================================================================
DAG File Processing Stats

File Path                             PID  Runtime      # DAGs    # Errors  Last Runtime    Last Run               Last # of DB Queries
----------------------------------  -----  ---------  --------  ----------  --------------  -------------------  ----------------------
/opt/airflow/dags/crawl_f1_data.py   1228  0.00s             1           0  0.16s           2025-04-24T08:09:32                      12
================================================================================
[2025-04-24T08:10:33.426+0000] {manager.py:997} INFO - 
================================================================================
DAG File Processing Stats

File Path                             PID  Runtime      # DAGs    # Errors  Last Runtime    Last Run               Last # of DB Queries
----------------------------------  -----  ---------  --------  ----------  --------------  -------------------  ----------------------
/opt/airflow/dags/crawl_f1_data.py   1233  0.01s             1           0  0.17s           2025-04-24T08:10:03                      12
================================================================================
[2025-04-24T08:11:03.703+0000] {manager.py:997} INFO - 
================================================================================
DAG File Processing Stats

File Path                             PID  Runtime      # DAGs    # Errors  Last Runtime    Last Run               Last # of DB Queries
----------------------------------  -----  ---------  --------  ----------  --------------  -------------------  ----------------------
/opt/airflow/dags/crawl_f1_data.py   1238  0.00s             1           0  0.17s           2025-04-24T08:10:33                      12
================================================================================
[2025-04-24T08:11:34.093+0000] {manager.py:997} INFO - 
================================================================================
DAG File Processing Stats

File Path                             PID  Runtime      # DAGs    # Errors  Last Runtime    Last Run               Last # of DB Queries
----------------------------------  -----  ---------  --------  ----------  --------------  -------------------  ----------------------
/opt/airflow/dags/crawl_f1_data.py   1243  0.01s             1           0  0.15s           2025-04-24T08:11:03                      12
================================================================================
[2025-04-24T08:12:04.332+0000] {manager.py:997} INFO - 
================================================================================
DAG File Processing Stats

File Path                           PID    Runtime      # DAGs    # Errors  Last Runtime    Last Run               Last # of DB Queries
----------------------------------  -----  ---------  --------  ----------  --------------  -------------------  ----------------------
/opt/airflow/dags/crawl_f1_data.py                           1           0  0.31s           2025-04-24T08:11:34                      12
================================================================================
[2025-04-24T08:12:34.866+0000] {manager.py:997} INFO - 
================================================================================
DAG File Processing Stats

File Path                           PID    Runtime      # DAGs    # Errors  Last Runtime    Last Run               Last # of DB Queries
----------------------------------  -----  ---------  --------  ----------  --------------  -------------------  ----------------------
/opt/airflow/dags/crawl_f1_data.py                           1           0  0.32s           2025-04-24T08:12:04                      12
================================================================================
[2025-04-24T08:13:05.472+0000] {manager.py:997} INFO - 
================================================================================
DAG File Processing Stats

File Path                             PID  Runtime      # DAGs    # Errors  Last Runtime    Last Run               Last # of DB Queries
----------------------------------  -----  ---------  --------  ----------  --------------  -------------------  ----------------------
/opt/airflow/dags/crawl_f1_data.py   1258  0.01s             1           0  0.16s           2025-04-24T08:12:35                      12
================================================================================
[2025-04-24T08:13:35.865+0000] {manager.py:997} INFO - 
================================================================================
DAG File Processing Stats

File Path                             PID  Runtime      # DAGs    # Errors  Last Runtime    Last Run               Last # of DB Queries
----------------------------------  -----  ---------  --------  ----------  --------------  -------------------  ----------------------
/opt/airflow/dags/crawl_f1_data.py   1263  0.01s             1           0  0.18s           2025-04-24T08:13:05                      12
================================================================================
[2025-04-24T08:13:40.073+0000] {manager.py:821} INFO - Searching for files in /opt/airflow/dags
[2025-04-24T08:13:40.102+0000] {manager.py:824} INFO - There are 1 files in /opt/airflow/dags
[2025-04-24T08:14:06.146+0000] {manager.py:997} INFO - 
================================================================================
DAG File Processing Stats

File Path                             PID  Runtime      # DAGs    # Errors  Last Runtime    Last Run               Last # of DB Queries
----------------------------------  -----  ---------  --------  ----------  --------------  -------------------  ----------------------
/opt/airflow/dags/crawl_f1_data.py   1268  0.01s             1           0  0.18s           2025-04-24T08:13:36                      12
================================================================================
[2025-04-24T08:14:36.401+0000] {manager.py:997} INFO - 
================================================================================
DAG File Processing Stats

File Path                             PID  Runtime      # DAGs    # Errors  Last Runtime    Last Run               Last # of DB Queries
----------------------------------  -----  ---------  --------  ----------  --------------  -------------------  ----------------------
/opt/airflow/dags/crawl_f1_data.py   1273  0.00s             1           0  0.16s           2025-04-24T08:14:06                      12
================================================================================
[2025-04-24T08:15:06.772+0000] {manager.py:997} INFO - 
================================================================================
DAG File Processing Stats

File Path                             PID  Runtime      # DAGs    # Errors  Last Runtime    Last Run               Last # of DB Queries
----------------------------------  -----  ---------  --------  ----------  --------------  -------------------  ----------------------
/opt/airflow/dags/crawl_f1_data.py   1278  0.01s             1           0  0.30s           2025-04-24T08:14:36                      12
================================================================================
[2025-04-24T08:15:37.172+0000] {manager.py:997} INFO - 
================================================================================
DAG File Processing Stats

File Path                             PID  Runtime      # DAGs    # Errors  Last Runtime    Last Run               Last # of DB Queries
----------------------------------  -----  ---------  --------  ----------  --------------  -------------------  ----------------------
/opt/airflow/dags/crawl_f1_data.py   1283  0.00s             1           0  0.30s           2025-04-24T08:15:07                      12
================================================================================
[2025-04-24T08:16:07.544+0000] {manager.py:997} INFO - 
================================================================================
DAG File Processing Stats

File Path                             PID  Runtime      # DAGs    # Errors  Last Runtime    Last Run               Last # of DB Queries
----------------------------------  -----  ---------  --------  ----------  --------------  -------------------  ----------------------
/opt/airflow/dags/crawl_f1_data.py   1288  0.01s             1           0  0.15s           2025-04-24T08:15:37                      12
================================================================================
[2025-04-24T08:16:37.796+0000] {manager.py:997} INFO - 
================================================================================
DAG File Processing Stats

File Path                             PID  Runtime      # DAGs    # Errors  Last Runtime    Last Run               Last # of DB Queries
----------------------------------  -----  ---------  --------  ----------  --------------  -------------------  ----------------------
/opt/airflow/dags/crawl_f1_data.py   1293  0.00s             1           0  0.18s           2025-04-24T08:16:07                      12
================================================================================
[2025-04-24T08:17:08.189+0000] {manager.py:997} INFO - 
================================================================================
DAG File Processing Stats

File Path                             PID  Runtime      # DAGs    # Errors  Last Runtime    Last Run               Last # of DB Queries
----------------------------------  -----  ---------  --------  ----------  --------------  -------------------  ----------------------
/opt/airflow/dags/crawl_f1_data.py   1298  0.00s             1           0  0.16s           2025-04-24T08:16:37                      12
================================================================================
[2025-04-24T08:17:38.445+0000] {manager.py:997} INFO - 
================================================================================
DAG File Processing Stats

File Path                             PID  Runtime      # DAGs    # Errors  Last Runtime    Last Run               Last # of DB Queries
----------------------------------  -----  ---------  --------  ----------  --------------  -------------------  ----------------------
/opt/airflow/dags/crawl_f1_data.py   1303  0.00s             1           0  0.16s           2025-04-24T08:17:08                      12
================================================================================
[2025-04-24T08:18:08.792+0000] {manager.py:997} INFO - 
================================================================================
DAG File Processing Stats

File Path                             PID  Runtime      # DAGs    # Errors  Last Runtime    Last Run               Last # of DB Queries
----------------------------------  -----  ---------  --------  ----------  --------------  -------------------  ----------------------
/opt/airflow/dags/crawl_f1_data.py   1308  0.00s             1           0  0.30s           2025-04-24T08:17:38                      12
================================================================================
[2025-04-24T08:18:39.209+0000] {manager.py:997} INFO - 
================================================================================
DAG File Processing Stats

File Path                             PID  Runtime      # DAGs    # Errors  Last Runtime    Last Run               Last # of DB Queries
----------------------------------  -----  ---------  --------  ----------  --------------  -------------------  ----------------------
/opt/airflow/dags/crawl_f1_data.py   1313  0.00s             1           0  0.30s           2025-04-24T08:18:09                      12
================================================================================
[2025-04-24T08:18:40.314+0000] {manager.py:821} INFO - Searching for files in /opt/airflow/dags
[2025-04-24T08:18:40.342+0000] {manager.py:824} INFO - There are 1 files in /opt/airflow/dags
[2025-04-24T08:19:09.593+0000] {manager.py:997} INFO - 
================================================================================
DAG File Processing Stats

File Path                             PID  Runtime      # DAGs    # Errors  Last Runtime    Last Run               Last # of DB Queries
----------------------------------  -----  ---------  --------  ----------  --------------  -------------------  ----------------------
/opt/airflow/dags/crawl_f1_data.py   1318  0.01s             1           0  0.17s           2025-04-24T08:18:39                      12
================================================================================
[2025-04-24T08:19:39.845+0000] {manager.py:997} INFO - 
================================================================================
DAG File Processing Stats

File Path                             PID  Runtime      # DAGs    # Errors  Last Runtime    Last Run               Last # of DB Queries
----------------------------------  -----  ---------  --------  ----------  --------------  -------------------  ----------------------
/opt/airflow/dags/crawl_f1_data.py   1323  0.01s             1           0  0.20s           2025-04-24T08:19:09                      12
================================================================================
[2025-04-24T08:20:10.243+0000] {manager.py:997} INFO - 
================================================================================
DAG File Processing Stats

File Path                             PID  Runtime      # DAGs    # Errors  Last Runtime    Last Run               Last # of DB Queries
----------------------------------  -----  ---------  --------  ----------  --------------  -------------------  ----------------------
/opt/airflow/dags/crawl_f1_data.py   1328  0.00s             1           0  0.16s           2025-04-24T08:19:40                      12
================================================================================
[2025-04-24T08:20:40.484+0000] {manager.py:997} INFO - 
================================================================================
DAG File Processing Stats

File Path                           PID    Runtime      # DAGs    # Errors  Last Runtime    Last Run               Last # of DB Queries
----------------------------------  -----  ---------  --------  ----------  --------------  -------------------  ----------------------
/opt/airflow/dags/crawl_f1_data.py                           1           0  0.31s           2025-04-24T08:20:10                      12
================================================================================
[2025-04-24T08:21:11.027+0000] {manager.py:997} INFO - 
================================================================================
DAG File Processing Stats

File Path                           PID    Runtime      # DAGs    # Errors  Last Runtime    Last Run               Last # of DB Queries
----------------------------------  -----  ---------  --------  ----------  --------------  -------------------  ----------------------
/opt/airflow/dags/crawl_f1_data.py                           1           0  0.32s           2025-04-24T08:20:41                      12
================================================================================
[2025-04-24T08:21:41.574+0000] {manager.py:997} INFO - 
================================================================================
DAG File Processing Stats

File Path                           PID    Runtime      # DAGs    # Errors  Last Runtime    Last Run               Last # of DB Queries
----------------------------------  -----  ---------  --------  ----------  --------------  -------------------  ----------------------
/opt/airflow/dags/crawl_f1_data.py                           1           0  0.29s           2025-04-24T08:21:11                      12
================================================================================
[2025-04-24T08:22:12.114+0000] {manager.py:997} INFO - 
================================================================================
DAG File Processing Stats

File Path                             PID  Runtime      # DAGs    # Errors  Last Runtime    Last Run               Last # of DB Queries
----------------------------------  -----  ---------  --------  ----------  --------------  -------------------  ----------------------
/opt/airflow/dags/crawl_f1_data.py   1348  0.00s             1           0  0.15s           2025-04-24T08:21:42                      12
================================================================================
[2025-04-24T08:22:42.482+0000] {manager.py:997} INFO - 
================================================================================
DAG File Processing Stats

File Path                             PID  Runtime      # DAGs    # Errors  Last Runtime    Last Run               Last # of DB Queries
----------------------------------  -----  ---------  --------  ----------  --------------  -------------------  ----------------------
/opt/airflow/dags/crawl_f1_data.py   1353  0.00s             1           0  0.16s           2025-04-24T08:22:12                      12
================================================================================
[2025-04-24T08:23:12.737+0000] {manager.py:997} INFO - 
================================================================================
DAG File Processing Stats

File Path                             PID  Runtime      # DAGs    # Errors  Last Runtime    Last Run               Last # of DB Queries
----------------------------------  -----  ---------  --------  ----------  --------------  -------------------  ----------------------
/opt/airflow/dags/crawl_f1_data.py   1358  0.01s             1           0  0.17s           2025-04-24T08:22:42                      12
================================================================================
[2025-04-24T08:23:41.126+0000] {manager.py:821} INFO - Searching for files in /opt/airflow/dags
[2025-04-24T08:23:41.158+0000] {manager.py:824} INFO - There are 1 files in /opt/airflow/dags
[2025-04-24T08:23:43.212+0000] {manager.py:997} INFO - 
================================================================================
DAG File Processing Stats

File Path                             PID  Runtime      # DAGs    # Errors  Last Runtime    Last Run               Last # of DB Queries
----------------------------------  -----  ---------  --------  ----------  --------------  -------------------  ----------------------
/opt/airflow/dags/crawl_f1_data.py   1363  0.01s             1           0  0.33s           2025-04-24T08:23:13                      12
================================================================================
[2025-04-24T08:24:13.517+0000] {manager.py:997} INFO - 
================================================================================
DAG File Processing Stats

File Path                           PID    Runtime      # DAGs    # Errors  Last Runtime    Last Run               Last # of DB Queries
----------------------------------  -----  ---------  --------  ----------  --------------  -------------------  ----------------------
/opt/airflow/dags/crawl_f1_data.py                           1           0  0.37s           2025-04-24T08:23:43                      12
================================================================================
[2025-04-24T08:24:44.036+0000] {manager.py:997} INFO - 
================================================================================
DAG File Processing Stats

File Path                             PID  Runtime      # DAGs    # Errors  Last Runtime    Last Run               Last # of DB Queries
----------------------------------  -----  ---------  --------  ----------  --------------  -------------------  ----------------------
/opt/airflow/dags/crawl_f1_data.py   1373  0.01s             1           0  0.16s           2025-04-24T08:24:13                      12
================================================================================
[2025-04-24T08:25:14.415+0000] {manager.py:997} INFO - 
================================================================================
DAG File Processing Stats

File Path                             PID  Runtime      # DAGs    # Errors  Last Runtime    Last Run               Last # of DB Queries
----------------------------------  -----  ---------  --------  ----------  --------------  -------------------  ----------------------
/opt/airflow/dags/crawl_f1_data.py   1378  0.00s             1           0  0.18s           2025-04-24T08:24:44                      12
================================================================================
[2025-04-24T08:25:44.671+0000] {manager.py:997} INFO - 
================================================================================
DAG File Processing Stats

File Path                             PID  Runtime      # DAGs    # Errors  Last Runtime    Last Run               Last # of DB Queries
----------------------------------  -----  ---------  --------  ----------  --------------  -------------------  ----------------------
/opt/airflow/dags/crawl_f1_data.py   1383  0.01s             1           0  0.15s           2025-04-24T08:25:14                      12
================================================================================
[2025-04-24T08:26:15.019+0000] {manager.py:997} INFO - 
================================================================================
DAG File Processing Stats

File Path                             PID  Runtime      # DAGs    # Errors  Last Runtime    Last Run               Last # of DB Queries
----------------------------------  -----  ---------  --------  ----------  --------------  -------------------  ----------------------
/opt/airflow/dags/crawl_f1_data.py   1388  0.00s             1           0  0.31s           2025-04-24T08:25:44                      12
================================================================================
[2025-04-24T08:26:45.438+0000] {manager.py:997} INFO - 
================================================================================
DAG File Processing Stats

File Path                             PID  Runtime      # DAGs    # Errors  Last Runtime    Last Run               Last # of DB Queries
----------------------------------  -----  ---------  --------  ----------  --------------  -------------------  ----------------------
/opt/airflow/dags/crawl_f1_data.py   1393  0.01s             1           0  0.30s           2025-04-24T08:26:15                      12
================================================================================
[2025-04-24T08:27:15.754+0000] {manager.py:997} INFO - 
================================================================================
DAG File Processing Stats

File Path                           PID    Runtime      # DAGs    # Errors  Last Runtime    Last Run               Last # of DB Queries
----------------------------------  -----  ---------  --------  ----------  --------------  -------------------  ----------------------
/opt/airflow/dags/crawl_f1_data.py                           1           0  0.36s           2025-04-24T08:26:45                      12
================================================================================
[2025-04-24T08:27:46.275+0000] {manager.py:997} INFO - 
================================================================================
DAG File Processing Stats

File Path                             PID  Runtime      # DAGs    # Errors  Last Runtime    Last Run               Last # of DB Queries
----------------------------------  -----  ---------  --------  ----------  --------------  -------------------  ----------------------
/opt/airflow/dags/crawl_f1_data.py   1403  0.00s             1           0  0.16s           2025-04-24T08:27:16                      12
================================================================================
[2025-04-24T08:28:16.634+0000] {manager.py:997} INFO - 
================================================================================
DAG File Processing Stats

File Path                             PID  Runtime      # DAGs    # Errors  Last Runtime    Last Run               Last # of DB Queries
----------------------------------  -----  ---------  --------  ----------  --------------  -------------------  ----------------------
/opt/airflow/dags/crawl_f1_data.py   1408  0.01s             1           0  0.18s           2025-04-24T08:27:46                      12
================================================================================
[2025-04-24T08:28:41.855+0000] {manager.py:821} INFO - Searching for files in /opt/airflow/dags
[2025-04-24T08:28:41.884+0000] {manager.py:824} INFO - There are 1 files in /opt/airflow/dags
[2025-04-24T08:28:46.950+0000] {manager.py:997} INFO - 
================================================================================
DAG File Processing Stats

File Path                             PID  Runtime      # DAGs    # Errors  Last Runtime    Last Run               Last # of DB Queries
----------------------------------  -----  ---------  --------  ----------  --------------  -------------------  ----------------------
/opt/airflow/dags/crawl_f1_data.py   1413  0.00s             1           0  0.15s           2025-04-24T08:28:16                      12
================================================================================
[2025-04-24T08:29:17.223+0000] {manager.py:997} INFO - 
================================================================================
DAG File Processing Stats

File Path                           PID    Runtime      # DAGs    # Errors  Last Runtime    Last Run               Last # of DB Queries
----------------------------------  -----  ---------  --------  ----------  --------------  -------------------  ----------------------
/opt/airflow/dags/crawl_f1_data.py                           1           0  0.30s           2025-04-24T08:28:47                      12
================================================================================
[2025-04-24T08:29:47.704+0000] {manager.py:997} INFO - 
================================================================================
DAG File Processing Stats

File Path                           PID    Runtime      # DAGs    # Errors  Last Runtime    Last Run               Last # of DB Queries
----------------------------------  -----  ---------  --------  ----------  --------------  -------------------  ----------------------
/opt/airflow/dags/crawl_f1_data.py                           1           0  0.33s           2025-04-24T08:29:17                      12
================================================================================
[2025-04-24T08:30:18.262+0000] {manager.py:997} INFO - 
================================================================================
DAG File Processing Stats

File Path                           PID    Runtime      # DAGs    # Errors  Last Runtime    Last Run               Last # of DB Queries
----------------------------------  -----  ---------  --------  ----------  --------------  -------------------  ----------------------
/opt/airflow/dags/crawl_f1_data.py                           1           0  0.31s           2025-04-24T08:29:48                      12
================================================================================
[2025-04-24T08:30:48.875+0000] {manager.py:997} INFO - 
================================================================================
DAG File Processing Stats

File Path                             PID  Runtime      # DAGs    # Errors  Last Runtime    Last Run               Last # of DB Queries
----------------------------------  -----  ---------  --------  ----------  --------------  -------------------  ----------------------
/opt/airflow/dags/crawl_f1_data.py   1433  0.01s             1           0  0.16s           2025-04-24T08:30:18                      12
================================================================================
[2025-04-24T08:31:19.233+0000] {manager.py:997} INFO - 
================================================================================
DAG File Processing Stats

File Path                             PID  Runtime      # DAGs    # Errors  Last Runtime    Last Run               Last # of DB Queries
----------------------------------  -----  ---------  --------  ----------  --------------  -------------------  ----------------------
/opt/airflow/dags/crawl_f1_data.py   1438  0.00s             1           0  0.20s           2025-04-24T08:30:49                      12
================================================================================
[2025-04-24T08:31:49.473+0000] {manager.py:997} INFO - 
================================================================================
DAG File Processing Stats

File Path                             PID  Runtime      # DAGs    # Errors  Last Runtime    Last Run               Last # of DB Queries
----------------------------------  -----  ---------  --------  ----------  --------------  -------------------  ----------------------
/opt/airflow/dags/crawl_f1_data.py   1443  0.00s             1           0  0.12s           2025-04-24T08:31:19                      12
================================================================================
[2025-04-24T08:32:19.703+0000] {manager.py:997} INFO - 
================================================================================
DAG File Processing Stats

File Path                           PID    Runtime      # DAGs    # Errors  Last Runtime    Last Run               Last # of DB Queries
----------------------------------  -----  ---------  --------  ----------  --------------  -------------------  ----------------------
/opt/airflow/dags/crawl_f1_data.py                           1           0  0.27s           2025-04-24T08:31:49                      12
================================================================================
[2025-04-24T08:32:50.107+0000] {manager.py:997} INFO - 
================================================================================
DAG File Processing Stats

File Path                           PID    Runtime      # DAGs    # Errors  Last Runtime    Last Run               Last # of DB Queries
----------------------------------  -----  ---------  --------  ----------  --------------  -------------------  ----------------------
/opt/airflow/dags/crawl_f1_data.py                           1           0  0.30s           2025-04-24T08:32:20                      12
================================================================================
[2025-04-24T08:33:20.607+0000] {manager.py:997} INFO - 
================================================================================
DAG File Processing Stats

File Path                           PID    Runtime      # DAGs    # Errors  Last Runtime    Last Run               Last # of DB Queries
----------------------------------  -----  ---------  --------  ----------  --------------  -------------------  ----------------------
/opt/airflow/dags/crawl_f1_data.py                           1           0  0.29s           2025-04-24T08:32:50                      12
================================================================================
[2025-04-24T08:33:42.057+0000] {manager.py:821} INFO - Searching for files in /opt/airflow/dags
[2025-04-24T08:33:42.078+0000] {manager.py:824} INFO - There are 1 files in /opt/airflow/dags
[2025-04-24T08:33:51.161+0000] {manager.py:997} INFO - 
================================================================================
DAG File Processing Stats

File Path                             PID  Runtime      # DAGs    # Errors  Last Runtime    Last Run               Last # of DB Queries
----------------------------------  -----  ---------  --------  ----------  --------------  -------------------  ----------------------
/opt/airflow/dags/crawl_f1_data.py   1463  0.00s             1           0  0.14s           2025-04-24T08:33:21                      12
================================================================================
[2025-04-24T08:34:21.455+0000] {manager.py:997} INFO - 
================================================================================
DAG File Processing Stats

File Path                             PID  Runtime      # DAGs    # Errors  Last Runtime    Last Run               Last # of DB Queries
----------------------------------  -----  ---------  --------  ----------  --------------  -------------------  ----------------------
/opt/airflow/dags/crawl_f1_data.py   1468  0.00s             1           0  0.13s           2025-04-24T08:33:51                      12
================================================================================
[2025-04-24T08:34:51.648+0000] {manager.py:997} INFO - 
================================================================================
DAG File Processing Stats

File Path                           PID    Runtime      # DAGs    # Errors  Last Runtime    Last Run               Last # of DB Queries
----------------------------------  -----  ---------  --------  ----------  --------------  -------------------  ----------------------
/opt/airflow/dags/crawl_f1_data.py                           1           0  0.25s           2025-04-24T08:34:21                      12
================================================================================
[2025-04-24T08:35:22.055+0000] {manager.py:997} INFO - 
================================================================================
DAG File Processing Stats

File Path                           PID    Runtime      # DAGs    # Errors  Last Runtime    Last Run               Last # of DB Queries
----------------------------------  -----  ---------  --------  ----------  --------------  -------------------  ----------------------
/opt/airflow/dags/crawl_f1_data.py                           1           0  0.23s           2025-04-24T08:34:52                      12
================================================================================
[2025-04-24T08:35:52.461+0000] {manager.py:997} INFO - 
================================================================================
DAG File Processing Stats

File Path                           PID    Runtime      # DAGs    # Errors  Last Runtime    Last Run               Last # of DB Queries
----------------------------------  -----  ---------  --------  ----------  --------------  -------------------  ----------------------
/opt/airflow/dags/crawl_f1_data.py                           1           0  0.25s           2025-04-24T08:35:22                      12
================================================================================
[2025-04-24T08:36:22.906+0000] {manager.py:997} INFO - 
================================================================================
DAG File Processing Stats

File Path                             PID  Runtime      # DAGs    # Errors  Last Runtime    Last Run               Last # of DB Queries
----------------------------------  -----  ---------  --------  ----------  --------------  -------------------  ----------------------
/opt/airflow/dags/crawl_f1_data.py   1488  0.01s             1           0  0.12s           2025-04-24T08:35:52                      12
================================================================================
[2025-04-24T08:36:53.205+0000] {manager.py:997} INFO - 
================================================================================
DAG File Processing Stats

File Path                             PID  Runtime      # DAGs    # Errors  Last Runtime    Last Run               Last # of DB Queries
----------------------------------  -----  ---------  --------  ----------  --------------  -------------------  ----------------------
/opt/airflow/dags/crawl_f1_data.py   1493  0.01s             1           0  0.13s           2025-04-24T08:36:23                      12
================================================================================
[2025-04-24T08:37:23.419+0000] {manager.py:997} INFO - 
================================================================================
DAG File Processing Stats

File Path                             PID  Runtime      # DAGs    # Errors  Last Runtime    Last Run               Last # of DB Queries
----------------------------------  -----  ---------  --------  ----------  --------------  -------------------  ----------------------
/opt/airflow/dags/crawl_f1_data.py   1498  0.01s             1           0  0.15s           2025-04-24T08:36:53                      12
================================================================================
[2025-04-24T08:37:53.717+0000] {manager.py:997} INFO - 
================================================================================
DAG File Processing Stats

File Path                           PID    Runtime      # DAGs    # Errors  Last Runtime    Last Run               Last # of DB Queries
----------------------------------  -----  ---------  --------  ----------  --------------  -------------------  ----------------------
/opt/airflow/dags/crawl_f1_data.py                           1           0  0.35s           2025-04-24T08:37:23                      12
================================================================================
[2025-04-24T08:38:24.122+0000] {manager.py:997} INFO - 
================================================================================
DAG File Processing Stats

File Path                           PID    Runtime      # DAGs    # Errors  Last Runtime    Last Run               Last # of DB Queries
----------------------------------  -----  ---------  --------  ----------  --------------  -------------------  ----------------------
/opt/airflow/dags/crawl_f1_data.py                           1           0  0.26s           2025-04-24T08:37:54                      12
================================================================================
[2025-04-24T08:38:42.474+0000] {manager.py:821} INFO - Searching for files in /opt/airflow/dags
[2025-04-24T08:38:42.493+0000] {manager.py:824} INFO - There are 1 files in /opt/airflow/dags
[2025-04-24T08:38:54.584+0000] {manager.py:997} INFO - 
================================================================================
DAG File Processing Stats

File Path                           PID    Runtime      # DAGs    # Errors  Last Runtime    Last Run               Last # of DB Queries
----------------------------------  -----  ---------  --------  ----------  --------------  -------------------  ----------------------
/opt/airflow/dags/crawl_f1_data.py                           1           0  0.23s           2025-04-24T08:38:24                      12
================================================================================
[2025-04-24T08:39:24.972+0000] {manager.py:997} INFO - 
================================================================================
DAG File Processing Stats

File Path                             PID  Runtime      # DAGs    # Errors  Last Runtime    Last Run               Last # of DB Queries
----------------------------------  -----  ---------  --------  ----------  --------------  -------------------  ----------------------
/opt/airflow/dags/crawl_f1_data.py   1518  0.00s             1           0  0.12s           2025-04-24T08:38:54                      12
================================================================================
[2025-04-24T08:39:55.256+0000] {manager.py:997} INFO - 
================================================================================
DAG File Processing Stats

File Path                             PID  Runtime      # DAGs    # Errors  Last Runtime    Last Run               Last # of DB Queries
----------------------------------  -----  ---------  --------  ----------  --------------  -------------------  ----------------------
/opt/airflow/dags/crawl_f1_data.py   1523  0.00s             1           0  0.12s           2025-04-24T08:39:25                      12
================================================================================
[2025-04-24T08:40:25.459+0000] {manager.py:997} INFO - 
================================================================================
DAG File Processing Stats

File Path                             PID  Runtime      # DAGs    # Errors  Last Runtime    Last Run               Last # of DB Queries
----------------------------------  -----  ---------  --------  ----------  --------------  -------------------  ----------------------
/opt/airflow/dags/crawl_f1_data.py   1528  0.00s             1           0  0.12s           2025-04-24T08:39:55                      12
================================================================================
[2025-04-24T08:40:55.734+0000] {manager.py:997} INFO - 
================================================================================
DAG File Processing Stats

File Path                             PID  Runtime      # DAGs    # Errors  Last Runtime    Last Run               Last # of DB Queries
----------------------------------  -----  ---------  --------  ----------  --------------  -------------------  ----------------------
/opt/airflow/dags/crawl_f1_data.py   1533  0.00s             1           0  0.25s           2025-04-24T08:40:25                      12
================================================================================
[2025-04-24T08:41:26.073+0000] {manager.py:997} INFO - 
================================================================================
DAG File Processing Stats

File Path                             PID  Runtime      # DAGs    # Errors  Last Runtime    Last Run               Last # of DB Queries
----------------------------------  -----  ---------  --------  ----------  --------------  -------------------  ----------------------
/opt/airflow/dags/crawl_f1_data.py   1538  0.00s             1           0  0.26s           2025-04-24T08:40:55                      12
================================================================================
[2025-04-24T08:41:56.370+0000] {manager.py:997} INFO - 
================================================================================
DAG File Processing Stats

File Path                             PID  Runtime      # DAGs    # Errors  Last Runtime    Last Run               Last # of DB Queries
----------------------------------  -----  ---------  --------  ----------  --------------  -------------------  ----------------------
/opt/airflow/dags/crawl_f1_data.py   1543  0.00s             1           0  0.28s           2025-04-24T08:41:26                      12
================================================================================
[2025-04-24T08:42:26.572+0000] {manager.py:997} INFO - 
================================================================================
DAG File Processing Stats

File Path                             PID  Runtime      # DAGs    # Errors  Last Runtime    Last Run               Last # of DB Queries
----------------------------------  -----  ---------  --------  ----------  --------------  -------------------  ----------------------
/opt/airflow/dags/crawl_f1_data.py   1548  0.00s             1           0  0.11s           2025-04-24T08:41:56                      12
================================================================================
[2025-04-24T08:42:56.840+0000] {manager.py:997} INFO - 
================================================================================
DAG File Processing Stats

File Path                             PID  Runtime      # DAGs    # Errors  Last Runtime    Last Run               Last # of DB Queries
----------------------------------  -----  ---------  --------  ----------  --------------  -------------------  ----------------------
/opt/airflow/dags/crawl_f1_data.py   1553  0.00s             1           0  0.15s           2025-04-24T08:42:26                      12
================================================================================
[2025-04-24T08:43:27.077+0000] {manager.py:997} INFO - 
================================================================================
DAG File Processing Stats

File Path                           PID    Runtime      # DAGs    # Errors  Last Runtime    Last Run               Last # of DB Queries
----------------------------------  -----  ---------  --------  ----------  --------------  -------------------  ----------------------
/opt/airflow/dags/crawl_f1_data.py                           1           0  0.26s           2025-04-24T08:42:57                      12
================================================================================
[2025-04-24T08:43:42.639+0000] {manager.py:821} INFO - Searching for files in /opt/airflow/dags
[2025-04-24T08:43:42.660+0000] {manager.py:824} INFO - There are 1 files in /opt/airflow/dags
[2025-04-24T08:43:57.466+0000] {manager.py:997} INFO - 
================================================================================
DAG File Processing Stats

File Path                           PID    Runtime      # DAGs    # Errors  Last Runtime    Last Run               Last # of DB Queries
----------------------------------  -----  ---------  --------  ----------  --------------  -------------------  ----------------------
/opt/airflow/dags/crawl_f1_data.py                           1           0  0.27s           2025-04-24T08:43:27                      12
================================================================================
[2025-04-24T08:44:27.949+0000] {manager.py:997} INFO - 
================================================================================
DAG File Processing Stats

File Path                           PID    Runtime      # DAGs    # Errors  Last Runtime    Last Run               Last # of DB Queries
----------------------------------  -----  ---------  --------  ----------  --------------  -------------------  ----------------------
/opt/airflow/dags/crawl_f1_data.py                           1           0  0.25s           2025-04-24T08:43:58                      12
================================================================================
[2025-04-24T08:44:58.388+0000] {manager.py:997} INFO - 
================================================================================
DAG File Processing Stats

File Path                             PID  Runtime      # DAGs    # Errors  Last Runtime    Last Run               Last # of DB Queries
----------------------------------  -----  ---------  --------  ----------  --------------  -------------------  ----------------------
/opt/airflow/dags/crawl_f1_data.py   1573  0.00s             1           0  0.14s           2025-04-24T08:44:28                      12
================================================================================
[2025-04-24T08:45:28.690+0000] {manager.py:997} INFO - 
================================================================================
DAG File Processing Stats

File Path                             PID  Runtime      # DAGs    # Errors  Last Runtime    Last Run               Last # of DB Queries
----------------------------------  -----  ---------  --------  ----------  --------------  -------------------  ----------------------
/opt/airflow/dags/crawl_f1_data.py   1578  0.00s             1           0  0.14s           2025-04-24T08:44:58                      12
================================================================================
[2025-04-24T08:45:58.896+0000] {manager.py:997} INFO - 
================================================================================
DAG File Processing Stats

File Path                             PID  Runtime      # DAGs    # Errors  Last Runtime    Last Run               Last # of DB Queries
----------------------------------  -----  ---------  --------  ----------  --------------  -------------------  ----------------------
/opt/airflow/dags/crawl_f1_data.py   1583  0.01s             1           0  0.13s           2025-04-24T08:45:28                      12
================================================================================
[2025-04-24T08:46:29.177+0000] {manager.py:997} INFO - 
================================================================================
DAG File Processing Stats

File Path                             PID  Runtime      # DAGs    # Errors  Last Runtime    Last Run               Last # of DB Queries
----------------------------------  -----  ---------  --------  ----------  --------------  -------------------  ----------------------
/opt/airflow/dags/crawl_f1_data.py   1588  0.00s             1           0  0.25s           2025-04-24T08:45:59                      12
================================================================================
[2025-04-24T08:46:59.516+0000] {manager.py:997} INFO - 
================================================================================
DAG File Processing Stats

File Path                             PID  Runtime      # DAGs    # Errors  Last Runtime    Last Run               Last # of DB Queries
----------------------------------  -----  ---------  --------  ----------  --------------  -------------------  ----------------------
/opt/airflow/dags/crawl_f1_data.py   1593  0.00s             1           0  0.25s           2025-04-24T08:46:29                      12
================================================================================
[2025-04-24T08:47:29.785+0000] {manager.py:997} INFO - 
================================================================================
DAG File Processing Stats

File Path                             PID  Runtime      # DAGs    # Errors  Last Runtime    Last Run               Last # of DB Queries
----------------------------------  -----  ---------  --------  ----------  --------------  -------------------  ----------------------
/opt/airflow/dags/crawl_f1_data.py   1598  0.01s             1           0  0.25s           2025-04-24T08:46:59                      12
================================================================================
[2025-04-24T08:47:59.988+0000] {manager.py:997} INFO - 
================================================================================
DAG File Processing Stats

File Path                             PID  Runtime      # DAGs    # Errors  Last Runtime    Last Run               Last # of DB Queries
----------------------------------  -----  ---------  --------  ----------  --------------  -------------------  ----------------------
/opt/airflow/dags/crawl_f1_data.py   1603  0.00s             1           0  0.11s           2025-04-24T08:47:29                      12
================================================================================
[2025-04-24T08:48:30.256+0000] {manager.py:997} INFO - 
================================================================================
DAG File Processing Stats

File Path                             PID  Runtime      # DAGs    # Errors  Last Runtime    Last Run               Last # of DB Queries
----------------------------------  -----  ---------  --------  ----------  --------------  -------------------  ----------------------
/opt/airflow/dags/crawl_f1_data.py   1608  0.00s             1           0  0.11s           2025-04-24T08:48:00                      12
================================================================================
[2025-04-24T08:48:43.342+0000] {manager.py:821} INFO - Searching for files in /opt/airflow/dags
[2025-04-24T08:48:43.360+0000] {manager.py:824} INFO - There are 1 files in /opt/airflow/dags
[2025-04-24T08:49:00.489+0000] {manager.py:997} INFO - 
================================================================================
DAG File Processing Stats

File Path                             PID  Runtime      # DAGs    # Errors  Last Runtime    Last Run               Last # of DB Queries
----------------------------------  -----  ---------  --------  ----------  --------------  -------------------  ----------------------
/opt/airflow/dags/crawl_f1_data.py   1613  0.00s             1           0  0.12s           2025-04-24T08:48:30                      12
================================================================================
