[2025-03-27T09:41:06.991+0000] {processor.py:186} INFO - Started process (PID=173) to work on /opt/airflow/dags/crawl_f1_data.py
[2025-03-27T09:41:06.992+0000] {processor.py:914} INFO - Processing file /opt/airflow/dags/crawl_f1_data.py for tasks to queue
[2025-03-27T09:41:06.994+0000] {logging_mixin.py:190} INFO - [2025-03-27T09:41:06.994+0000] {dagbag.py:588} INFO - Filling up the DagBag from /opt/airflow/dags/crawl_f1_data.py
[2025-03-27T09:41:07.048+0000] {processor.py:925} INFO - DAG(s) 'crawl_f1_data' retrieved from /opt/airflow/dags/crawl_f1_data.py
[2025-03-27T09:41:07.428+0000] {logging_mixin.py:190} INFO - [2025-03-27T09:41:07.427+0000] {override.py:1911} INFO - Created Permission View: can delete on DAG:crawl_f1_data
[2025-03-27T09:41:07.447+0000] {logging_mixin.py:190} INFO - [2025-03-27T09:41:07.446+0000] {override.py:1911} INFO - Created Permission View: can read on DAG:crawl_f1_data
[2025-03-27T09:41:07.457+0000] {logging_mixin.py:190} INFO - [2025-03-27T09:41:07.457+0000] {override.py:1911} INFO - Created Permission View: can edit on DAG:crawl_f1_data
[2025-03-27T09:41:07.469+0000] {logging_mixin.py:190} INFO - [2025-03-27T09:41:07.468+0000] {override.py:1911} INFO - Created Permission View: can delete on DAG Run:crawl_f1_data
[2025-03-27T09:41:07.482+0000] {logging_mixin.py:190} INFO - [2025-03-27T09:41:07.481+0000] {override.py:1911} INFO - Created Permission View: can read on DAG Run:crawl_f1_data
[2025-03-27T09:41:07.493+0000] {logging_mixin.py:190} INFO - [2025-03-27T09:41:07.493+0000] {override.py:1911} INFO - Created Permission View: can create on DAG Run:crawl_f1_data
[2025-03-27T09:41:07.505+0000] {logging_mixin.py:190} INFO - [2025-03-27T09:41:07.505+0000] {override.py:1911} INFO - Created Permission View: menu access on DAG Run:crawl_f1_data
[2025-03-27T09:41:07.506+0000] {logging_mixin.py:190} INFO - [2025-03-27T09:41:07.506+0000] {dag.py:3239} INFO - Sync 1 DAGs
[2025-03-27T09:41:07.526+0000] {logging_mixin.py:190} INFO - [2025-03-27T09:41:07.525+0000] {dag.py:3262} INFO - Creating ORM DAG for crawl_f1_data
[2025-03-27T09:41:07.546+0000] {logging_mixin.py:190} INFO - [2025-03-27T09:41:07.545+0000] {dag.py:4180} INFO - Setting next_dagrun for crawl_f1_data to 2024-01-01 00:00:00+00:00, run_after=2024-02-01 00:00:00+00:00
[2025-03-27T09:41:07.572+0000] {processor.py:208} INFO - Processing /opt/airflow/dags/crawl_f1_data.py took 0.588 seconds
[2025-03-27T09:41:37.846+0000] {processor.py:186} INFO - Started process (PID=178) to work on /opt/airflow/dags/crawl_f1_data.py
[2025-03-27T09:41:37.847+0000] {processor.py:914} INFO - Processing file /opt/airflow/dags/crawl_f1_data.py for tasks to queue
[2025-03-27T09:41:37.850+0000] {logging_mixin.py:190} INFO - [2025-03-27T09:41:37.850+0000] {dagbag.py:588} INFO - Filling up the DagBag from /opt/airflow/dags/crawl_f1_data.py
[2025-03-27T09:41:37.877+0000] {processor.py:925} INFO - DAG(s) 'crawl_f1_data' retrieved from /opt/airflow/dags/crawl_f1_data.py
[2025-03-27T09:41:37.905+0000] {logging_mixin.py:190} INFO - [2025-03-27T09:41:37.905+0000] {dag.py:3239} INFO - Sync 1 DAGs
[2025-03-27T09:41:37.936+0000] {logging_mixin.py:190} INFO - [2025-03-27T09:41:37.936+0000] {dag.py:4180} INFO - Setting next_dagrun for crawl_f1_data to 2024-01-01 00:00:00+00:00, run_after=2024-02-01 00:00:00+00:00
[2025-03-27T09:41:37.958+0000] {processor.py:208} INFO - Processing /opt/airflow/dags/crawl_f1_data.py took 0.120 seconds
[2025-03-27T09:42:08.082+0000] {processor.py:186} INFO - Started process (PID=183) to work on /opt/airflow/dags/crawl_f1_data.py
[2025-03-27T09:42:08.084+0000] {processor.py:914} INFO - Processing file /opt/airflow/dags/crawl_f1_data.py for tasks to queue
[2025-03-27T09:42:08.087+0000] {logging_mixin.py:190} INFO - [2025-03-27T09:42:08.087+0000] {dagbag.py:588} INFO - Filling up the DagBag from /opt/airflow/dags/crawl_f1_data.py
[2025-03-27T09:42:08.114+0000] {processor.py:925} INFO - DAG(s) 'crawl_f1_data' retrieved from /opt/airflow/dags/crawl_f1_data.py
[2025-03-27T09:42:08.152+0000] {logging_mixin.py:190} INFO - [2025-03-27T09:42:08.152+0000] {dag.py:3239} INFO - Sync 1 DAGs
[2025-03-27T09:42:08.187+0000] {logging_mixin.py:190} INFO - [2025-03-27T09:42:08.187+0000] {dag.py:4180} INFO - Setting next_dagrun for crawl_f1_data to 2024-01-01 00:00:00+00:00, run_after=2024-02-01 00:00:00+00:00
[2025-03-27T09:42:08.222+0000] {processor.py:208} INFO - Processing /opt/airflow/dags/crawl_f1_data.py took 0.147 seconds
[2025-03-27T09:42:38.525+0000] {processor.py:186} INFO - Started process (PID=188) to work on /opt/airflow/dags/crawl_f1_data.py
[2025-03-27T09:42:38.527+0000] {processor.py:914} INFO - Processing file /opt/airflow/dags/crawl_f1_data.py for tasks to queue
[2025-03-27T09:42:38.531+0000] {logging_mixin.py:190} INFO - [2025-03-27T09:42:38.530+0000] {dagbag.py:588} INFO - Filling up the DagBag from /opt/airflow/dags/crawl_f1_data.py
[2025-03-27T09:42:38.573+0000] {processor.py:925} INFO - DAG(s) 'crawl_f1_data' retrieved from /opt/airflow/dags/crawl_f1_data.py
[2025-03-27T09:42:38.614+0000] {logging_mixin.py:190} INFO - [2025-03-27T09:42:38.614+0000] {dag.py:3239} INFO - Sync 1 DAGs
[2025-03-27T09:42:38.655+0000] {logging_mixin.py:190} INFO - [2025-03-27T09:42:38.654+0000] {dag.py:4180} INFO - Setting next_dagrun for crawl_f1_data to 2024-01-01 00:00:00+00:00, run_after=2024-02-01 00:00:00+00:00
[2025-03-27T09:42:38.684+0000] {processor.py:208} INFO - Processing /opt/airflow/dags/crawl_f1_data.py took 0.168 seconds
[2025-03-27T09:43:08.807+0000] {processor.py:186} INFO - Started process (PID=193) to work on /opt/airflow/dags/crawl_f1_data.py
[2025-03-27T09:43:08.809+0000] {processor.py:914} INFO - Processing file /opt/airflow/dags/crawl_f1_data.py for tasks to queue
[2025-03-27T09:43:08.811+0000] {logging_mixin.py:190} INFO - [2025-03-27T09:43:08.811+0000] {dagbag.py:588} INFO - Filling up the DagBag from /opt/airflow/dags/crawl_f1_data.py
[2025-03-27T09:43:08.838+0000] {processor.py:925} INFO - DAG(s) 'crawl_f1_data' retrieved from /opt/airflow/dags/crawl_f1_data.py
[2025-03-27T09:43:08.872+0000] {logging_mixin.py:190} INFO - [2025-03-27T09:43:08.871+0000] {dag.py:3239} INFO - Sync 1 DAGs
[2025-03-27T09:43:08.905+0000] {logging_mixin.py:190} INFO - [2025-03-27T09:43:08.904+0000] {dag.py:4180} INFO - Setting next_dagrun for crawl_f1_data to 2024-01-01 00:00:00+00:00, run_after=2024-02-01 00:00:00+00:00
[2025-03-27T09:43:08.930+0000] {processor.py:208} INFO - Processing /opt/airflow/dags/crawl_f1_data.py took 0.130 seconds
[2025-03-27T09:43:39.198+0000] {processor.py:186} INFO - Started process (PID=198) to work on /opt/airflow/dags/crawl_f1_data.py
[2025-03-27T09:43:39.199+0000] {processor.py:914} INFO - Processing file /opt/airflow/dags/crawl_f1_data.py for tasks to queue
[2025-03-27T09:43:39.203+0000] {logging_mixin.py:190} INFO - [2025-03-27T09:43:39.202+0000] {dagbag.py:588} INFO - Filling up the DagBag from /opt/airflow/dags/crawl_f1_data.py
[2025-03-27T09:43:39.229+0000] {processor.py:925} INFO - DAG(s) 'crawl_f1_data' retrieved from /opt/airflow/dags/crawl_f1_data.py
[2025-03-27T09:43:39.266+0000] {logging_mixin.py:190} INFO - [2025-03-27T09:43:39.265+0000] {dag.py:3239} INFO - Sync 1 DAGs
[2025-03-27T09:43:39.299+0000] {logging_mixin.py:190} INFO - [2025-03-27T09:43:39.298+0000] {dag.py:4180} INFO - Setting next_dagrun for crawl_f1_data to 2024-01-01 00:00:00+00:00, run_after=2024-02-01 00:00:00+00:00
[2025-03-27T09:43:39.326+0000] {processor.py:208} INFO - Processing /opt/airflow/dags/crawl_f1_data.py took 0.135 seconds
[2025-03-27T09:44:09.431+0000] {processor.py:186} INFO - Started process (PID=203) to work on /opt/airflow/dags/crawl_f1_data.py
[2025-03-27T09:44:09.432+0000] {processor.py:914} INFO - Processing file /opt/airflow/dags/crawl_f1_data.py for tasks to queue
[2025-03-27T09:44:09.435+0000] {logging_mixin.py:190} INFO - [2025-03-27T09:44:09.435+0000] {dagbag.py:588} INFO - Filling up the DagBag from /opt/airflow/dags/crawl_f1_data.py
[2025-03-27T09:44:09.462+0000] {processor.py:925} INFO - DAG(s) 'crawl_f1_data' retrieved from /opt/airflow/dags/crawl_f1_data.py
[2025-03-27T09:44:09.495+0000] {logging_mixin.py:190} INFO - [2025-03-27T09:44:09.495+0000] {dag.py:3239} INFO - Sync 1 DAGs
[2025-03-27T09:44:09.530+0000] {logging_mixin.py:190} INFO - [2025-03-27T09:44:09.529+0000] {dag.py:4180} INFO - Setting next_dagrun for crawl_f1_data to 2024-01-01 00:00:00+00:00, run_after=2024-02-01 00:00:00+00:00
[2025-03-27T09:44:09.556+0000] {processor.py:208} INFO - Processing /opt/airflow/dags/crawl_f1_data.py took 0.131 seconds
[2025-03-27T09:44:39.791+0000] {processor.py:186} INFO - Started process (PID=208) to work on /opt/airflow/dags/crawl_f1_data.py
[2025-03-27T09:44:39.792+0000] {processor.py:914} INFO - Processing file /opt/airflow/dags/crawl_f1_data.py for tasks to queue
[2025-03-27T09:44:39.794+0000] {logging_mixin.py:190} INFO - [2025-03-27T09:44:39.794+0000] {dagbag.py:588} INFO - Filling up the DagBag from /opt/airflow/dags/crawl_f1_data.py
[2025-03-27T09:44:39.821+0000] {processor.py:925} INFO - DAG(s) 'crawl_f1_data' retrieved from /opt/airflow/dags/crawl_f1_data.py
[2025-03-27T09:44:39.853+0000] {logging_mixin.py:190} INFO - [2025-03-27T09:44:39.853+0000] {dag.py:3239} INFO - Sync 1 DAGs
[2025-03-27T09:44:39.882+0000] {logging_mixin.py:190} INFO - [2025-03-27T09:44:39.882+0000] {dag.py:4180} INFO - Setting next_dagrun for crawl_f1_data to 2024-01-01 00:00:00+00:00, run_after=2024-02-01 00:00:00+00:00
[2025-03-27T09:44:39.912+0000] {processor.py:208} INFO - Processing /opt/airflow/dags/crawl_f1_data.py took 0.129 seconds
[2025-03-27T09:45:10.026+0000] {processor.py:186} INFO - Started process (PID=213) to work on /opt/airflow/dags/crawl_f1_data.py
[2025-03-27T09:45:10.027+0000] {processor.py:914} INFO - Processing file /opt/airflow/dags/crawl_f1_data.py for tasks to queue
[2025-03-27T09:45:10.030+0000] {logging_mixin.py:190} INFO - [2025-03-27T09:45:10.029+0000] {dagbag.py:588} INFO - Filling up the DagBag from /opt/airflow/dags/crawl_f1_data.py
[2025-03-27T09:45:10.054+0000] {processor.py:925} INFO - DAG(s) 'crawl_f1_data' retrieved from /opt/airflow/dags/crawl_f1_data.py
[2025-03-27T09:45:10.084+0000] {logging_mixin.py:190} INFO - [2025-03-27T09:45:10.084+0000] {dag.py:3239} INFO - Sync 1 DAGs
[2025-03-27T09:45:10.108+0000] {logging_mixin.py:190} INFO - [2025-03-27T09:45:10.108+0000] {dag.py:4180} INFO - Setting next_dagrun for crawl_f1_data to 2024-01-01 00:00:00+00:00, run_after=2024-02-01 00:00:00+00:00
[2025-03-27T09:45:10.139+0000] {processor.py:208} INFO - Processing /opt/airflow/dags/crawl_f1_data.py took 0.121 seconds
[2025-03-27T09:45:40.366+0000] {processor.py:186} INFO - Started process (PID=218) to work on /opt/airflow/dags/crawl_f1_data.py
[2025-03-27T09:45:40.367+0000] {processor.py:914} INFO - Processing file /opt/airflow/dags/crawl_f1_data.py for tasks to queue
[2025-03-27T09:45:40.370+0000] {logging_mixin.py:190} INFO - [2025-03-27T09:45:40.370+0000] {dagbag.py:588} INFO - Filling up the DagBag from /opt/airflow/dags/crawl_f1_data.py
[2025-03-27T09:45:40.393+0000] {processor.py:925} INFO - DAG(s) 'crawl_f1_data' retrieved from /opt/airflow/dags/crawl_f1_data.py
[2025-03-27T09:45:40.423+0000] {logging_mixin.py:190} INFO - [2025-03-27T09:45:40.423+0000] {dag.py:3239} INFO - Sync 1 DAGs
[2025-03-27T09:45:40.453+0000] {logging_mixin.py:190} INFO - [2025-03-27T09:45:40.453+0000] {dag.py:4180} INFO - Setting next_dagrun for crawl_f1_data to 2024-01-01 00:00:00+00:00, run_after=2024-02-01 00:00:00+00:00
[2025-03-27T09:45:40.479+0000] {processor.py:208} INFO - Processing /opt/airflow/dags/crawl_f1_data.py took 0.119 seconds
[2025-03-27T09:46:10.664+0000] {processor.py:186} INFO - Started process (PID=223) to work on /opt/airflow/dags/crawl_f1_data.py
[2025-03-27T09:46:10.665+0000] {processor.py:914} INFO - Processing file /opt/airflow/dags/crawl_f1_data.py for tasks to queue
[2025-03-27T09:46:10.668+0000] {logging_mixin.py:190} INFO - [2025-03-27T09:46:10.668+0000] {dagbag.py:588} INFO - Filling up the DagBag from /opt/airflow/dags/crawl_f1_data.py
[2025-03-27T09:46:10.695+0000] {processor.py:925} INFO - DAG(s) 'crawl_f1_data' retrieved from /opt/airflow/dags/crawl_f1_data.py
[2025-03-27T09:46:10.725+0000] {logging_mixin.py:190} INFO - [2025-03-27T09:46:10.724+0000] {dag.py:3239} INFO - Sync 1 DAGs
[2025-03-27T09:46:10.757+0000] {logging_mixin.py:190} INFO - [2025-03-27T09:46:10.756+0000] {dag.py:4180} INFO - Setting next_dagrun for crawl_f1_data to 2024-01-01 00:00:00+00:00, run_after=2024-02-01 00:00:00+00:00
[2025-03-27T09:46:10.780+0000] {processor.py:208} INFO - Processing /opt/airflow/dags/crawl_f1_data.py took 0.124 seconds
[2025-03-27T09:46:40.973+0000] {processor.py:186} INFO - Started process (PID=228) to work on /opt/airflow/dags/crawl_f1_data.py
[2025-03-27T09:46:40.974+0000] {processor.py:914} INFO - Processing file /opt/airflow/dags/crawl_f1_data.py for tasks to queue
[2025-03-27T09:46:40.977+0000] {logging_mixin.py:190} INFO - [2025-03-27T09:46:40.977+0000] {dagbag.py:588} INFO - Filling up the DagBag from /opt/airflow/dags/crawl_f1_data.py
[2025-03-27T09:46:41.007+0000] {processor.py:925} INFO - DAG(s) 'crawl_f1_data' retrieved from /opt/airflow/dags/crawl_f1_data.py
[2025-03-27T09:46:41.044+0000] {logging_mixin.py:190} INFO - [2025-03-27T09:46:41.044+0000] {dag.py:3239} INFO - Sync 1 DAGs
[2025-03-27T09:46:41.081+0000] {logging_mixin.py:190} INFO - [2025-03-27T09:46:41.080+0000] {dag.py:4180} INFO - Setting next_dagrun for crawl_f1_data to 2024-01-01 00:00:00+00:00, run_after=2024-02-01 00:00:00+00:00
[2025-03-27T09:46:41.114+0000] {processor.py:208} INFO - Processing /opt/airflow/dags/crawl_f1_data.py took 0.148 seconds
[2025-03-27T09:47:11.248+0000] {processor.py:186} INFO - Started process (PID=233) to work on /opt/airflow/dags/crawl_f1_data.py
[2025-03-27T09:47:11.249+0000] {processor.py:914} INFO - Processing file /opt/airflow/dags/crawl_f1_data.py for tasks to queue
[2025-03-27T09:47:11.252+0000] {logging_mixin.py:190} INFO - [2025-03-27T09:47:11.251+0000] {dagbag.py:588} INFO - Filling up the DagBag from /opt/airflow/dags/crawl_f1_data.py
[2025-03-27T09:47:11.277+0000] {processor.py:925} INFO - DAG(s) 'crawl_f1_data' retrieved from /opt/airflow/dags/crawl_f1_data.py
[2025-03-27T09:47:11.313+0000] {logging_mixin.py:190} INFO - [2025-03-27T09:47:11.313+0000] {dag.py:3239} INFO - Sync 1 DAGs
[2025-03-27T09:47:11.343+0000] {logging_mixin.py:190} INFO - [2025-03-27T09:47:11.343+0000] {dag.py:4180} INFO - Setting next_dagrun for crawl_f1_data to 2024-01-01 00:00:00+00:00, run_after=2024-02-01 00:00:00+00:00
[2025-03-27T09:47:11.366+0000] {processor.py:208} INFO - Processing /opt/airflow/dags/crawl_f1_data.py took 0.125 seconds
[2025-03-27T09:47:41.591+0000] {processor.py:186} INFO - Started process (PID=238) to work on /opt/airflow/dags/crawl_f1_data.py
[2025-03-27T09:47:41.592+0000] {processor.py:914} INFO - Processing file /opt/airflow/dags/crawl_f1_data.py for tasks to queue
[2025-03-27T09:47:41.595+0000] {logging_mixin.py:190} INFO - [2025-03-27T09:47:41.595+0000] {dagbag.py:588} INFO - Filling up the DagBag from /opt/airflow/dags/crawl_f1_data.py
[2025-03-27T09:47:41.618+0000] {processor.py:925} INFO - DAG(s) 'crawl_f1_data' retrieved from /opt/airflow/dags/crawl_f1_data.py
[2025-03-27T09:47:41.650+0000] {logging_mixin.py:190} INFO - [2025-03-27T09:47:41.650+0000] {dag.py:3239} INFO - Sync 1 DAGs
[2025-03-27T09:47:41.679+0000] {logging_mixin.py:190} INFO - [2025-03-27T09:47:41.678+0000] {dag.py:4180} INFO - Setting next_dagrun for crawl_f1_data to 2024-01-01 00:00:00+00:00, run_after=2024-02-01 00:00:00+00:00
[2025-03-27T09:47:41.704+0000] {processor.py:208} INFO - Processing /opt/airflow/dags/crawl_f1_data.py took 0.120 seconds
[2025-03-27T09:48:11.840+0000] {processor.py:186} INFO - Started process (PID=249) to work on /opt/airflow/dags/crawl_f1_data.py
[2025-03-27T09:48:11.841+0000] {processor.py:914} INFO - Processing file /opt/airflow/dags/crawl_f1_data.py for tasks to queue
[2025-03-27T09:48:11.844+0000] {logging_mixin.py:190} INFO - [2025-03-27T09:48:11.843+0000] {dagbag.py:588} INFO - Filling up the DagBag from /opt/airflow/dags/crawl_f1_data.py
[2025-03-27T09:48:11.871+0000] {processor.py:925} INFO - DAG(s) 'crawl_f1_data' retrieved from /opt/airflow/dags/crawl_f1_data.py
[2025-03-27T09:48:11.913+0000] {logging_mixin.py:190} INFO - [2025-03-27T09:48:11.912+0000] {dag.py:3239} INFO - Sync 1 DAGs
[2025-03-27T09:48:11.941+0000] {logging_mixin.py:190} INFO - [2025-03-27T09:48:11.941+0000] {dag.py:4180} INFO - Setting next_dagrun for crawl_f1_data to 2024-01-01 00:00:00+00:00, run_after=2024-02-01 00:00:00+00:00
[2025-03-27T09:48:11.967+0000] {processor.py:208} INFO - Processing /opt/airflow/dags/crawl_f1_data.py took 0.136 seconds
[2025-03-27T09:48:42.192+0000] {processor.py:186} INFO - Started process (PID=285) to work on /opt/airflow/dags/crawl_f1_data.py
[2025-03-27T09:48:42.194+0000] {processor.py:914} INFO - Processing file /opt/airflow/dags/crawl_f1_data.py for tasks to queue
[2025-03-27T09:48:42.196+0000] {logging_mixin.py:190} INFO - [2025-03-27T09:48:42.196+0000] {dagbag.py:588} INFO - Filling up the DagBag from /opt/airflow/dags/crawl_f1_data.py
[2025-03-27T09:48:42.225+0000] {processor.py:925} INFO - DAG(s) 'crawl_f1_data' retrieved from /opt/airflow/dags/crawl_f1_data.py
[2025-03-27T09:48:42.262+0000] {logging_mixin.py:190} INFO - [2025-03-27T09:48:42.262+0000] {dag.py:3239} INFO - Sync 1 DAGs
[2025-03-27T09:48:42.290+0000] {logging_mixin.py:190} INFO - [2025-03-27T09:48:42.290+0000] {dag.py:4180} INFO - Setting next_dagrun for crawl_f1_data to 2024-01-01 00:00:00+00:00, run_after=2024-02-01 00:00:00+00:00
[2025-03-27T09:48:42.316+0000] {processor.py:208} INFO - Processing /opt/airflow/dags/crawl_f1_data.py took 0.131 seconds
[2025-03-27T09:49:12.456+0000] {processor.py:186} INFO - Started process (PID=302) to work on /opt/airflow/dags/crawl_f1_data.py
[2025-03-27T09:49:12.457+0000] {processor.py:914} INFO - Processing file /opt/airflow/dags/crawl_f1_data.py for tasks to queue
[2025-03-27T09:49:12.461+0000] {logging_mixin.py:190} INFO - [2025-03-27T09:49:12.460+0000] {dagbag.py:588} INFO - Filling up the DagBag from /opt/airflow/dags/crawl_f1_data.py
[2025-03-27T09:49:12.489+0000] {processor.py:925} INFO - DAG(s) 'crawl_f1_data' retrieved from /opt/airflow/dags/crawl_f1_data.py
[2025-03-27T09:49:12.532+0000] {logging_mixin.py:190} INFO - [2025-03-27T09:49:12.532+0000] {dag.py:3239} INFO - Sync 1 DAGs
[2025-03-27T09:49:12.575+0000] {logging_mixin.py:190} INFO - [2025-03-27T09:49:12.575+0000] {dag.py:4180} INFO - Setting next_dagrun for crawl_f1_data to 2024-01-01 00:00:00+00:00, run_after=2024-02-01 00:00:00+00:00
[2025-03-27T09:49:12.607+0000] {processor.py:208} INFO - Processing /opt/airflow/dags/crawl_f1_data.py took 0.158 seconds
[2025-03-27T09:49:42.772+0000] {processor.py:186} INFO - Started process (PID=322) to work on /opt/airflow/dags/crawl_f1_data.py
[2025-03-27T09:49:42.773+0000] {processor.py:914} INFO - Processing file /opt/airflow/dags/crawl_f1_data.py for tasks to queue
[2025-03-27T09:49:42.775+0000] {logging_mixin.py:190} INFO - [2025-03-27T09:49:42.775+0000] {dagbag.py:588} INFO - Filling up the DagBag from /opt/airflow/dags/crawl_f1_data.py
[2025-03-27T09:49:42.794+0000] {processor.py:925} INFO - DAG(s) 'crawl_f1_data' retrieved from /opt/airflow/dags/crawl_f1_data.py
[2025-03-27T09:49:42.818+0000] {logging_mixin.py:190} INFO - [2025-03-27T09:49:42.818+0000] {dag.py:3239} INFO - Sync 1 DAGs
[2025-03-27T09:49:42.840+0000] {logging_mixin.py:190} INFO - [2025-03-27T09:49:42.839+0000] {dag.py:4180} INFO - Setting next_dagrun for crawl_f1_data to 2024-01-01 00:00:00+00:00, run_after=2024-02-01 00:00:00+00:00
[2025-03-27T09:49:42.861+0000] {processor.py:208} INFO - Processing /opt/airflow/dags/crawl_f1_data.py took 0.094 seconds
[2025-03-27T09:50:13.077+0000] {processor.py:186} INFO - Started process (PID=346) to work on /opt/airflow/dags/crawl_f1_data.py
[2025-03-27T09:50:13.078+0000] {processor.py:914} INFO - Processing file /opt/airflow/dags/crawl_f1_data.py for tasks to queue
[2025-03-27T09:50:13.082+0000] {logging_mixin.py:190} INFO - [2025-03-27T09:50:13.082+0000] {dagbag.py:588} INFO - Filling up the DagBag from /opt/airflow/dags/crawl_f1_data.py
[2025-03-27T09:50:13.112+0000] {processor.py:925} INFO - DAG(s) 'crawl_f1_data' retrieved from /opt/airflow/dags/crawl_f1_data.py
[2025-03-27T09:50:13.148+0000] {logging_mixin.py:190} INFO - [2025-03-27T09:50:13.147+0000] {dag.py:3239} INFO - Sync 1 DAGs
[2025-03-27T09:50:13.183+0000] {logging_mixin.py:190} INFO - [2025-03-27T09:50:13.183+0000] {dag.py:4180} INFO - Setting next_dagrun for crawl_f1_data to 2024-01-01 00:00:00+00:00, run_after=2024-02-01 00:00:00+00:00
[2025-03-27T09:50:13.214+0000] {processor.py:208} INFO - Processing /opt/airflow/dags/crawl_f1_data.py took 0.145 seconds
[2025-03-27T09:50:43.318+0000] {processor.py:186} INFO - Started process (PID=365) to work on /opt/airflow/dags/crawl_f1_data.py
[2025-03-27T09:50:43.319+0000] {processor.py:914} INFO - Processing file /opt/airflow/dags/crawl_f1_data.py for tasks to queue
[2025-03-27T09:50:43.322+0000] {logging_mixin.py:190} INFO - [2025-03-27T09:50:43.322+0000] {dagbag.py:588} INFO - Filling up the DagBag from /opt/airflow/dags/crawl_f1_data.py
[2025-03-27T09:50:43.346+0000] {processor.py:925} INFO - DAG(s) 'crawl_f1_data' retrieved from /opt/airflow/dags/crawl_f1_data.py
[2025-03-27T09:50:43.376+0000] {logging_mixin.py:190} INFO - [2025-03-27T09:50:43.376+0000] {dag.py:3239} INFO - Sync 1 DAGs
[2025-03-27T09:50:43.402+0000] {logging_mixin.py:190} INFO - [2025-03-27T09:50:43.402+0000] {dag.py:4180} INFO - Setting next_dagrun for crawl_f1_data to 2024-01-01 00:00:00+00:00, run_after=2024-02-01 00:00:00+00:00
[2025-03-27T09:50:43.422+0000] {processor.py:208} INFO - Processing /opt/airflow/dags/crawl_f1_data.py took 0.111 seconds
[2025-03-27T09:51:13.693+0000] {processor.py:186} INFO - Started process (PID=370) to work on /opt/airflow/dags/crawl_f1_data.py
[2025-03-27T09:51:13.694+0000] {processor.py:914} INFO - Processing file /opt/airflow/dags/crawl_f1_data.py for tasks to queue
[2025-03-27T09:51:13.696+0000] {logging_mixin.py:190} INFO - [2025-03-27T09:51:13.696+0000] {dagbag.py:588} INFO - Filling up the DagBag from /opt/airflow/dags/crawl_f1_data.py
[2025-03-27T09:51:13.715+0000] {processor.py:925} INFO - DAG(s) 'crawl_f1_data' retrieved from /opt/airflow/dags/crawl_f1_data.py
[2025-03-27T09:51:13.739+0000] {logging_mixin.py:190} INFO - [2025-03-27T09:51:13.739+0000] {dag.py:3239} INFO - Sync 1 DAGs
[2025-03-27T09:51:13.761+0000] {logging_mixin.py:190} INFO - [2025-03-27T09:51:13.760+0000] {dag.py:4180} INFO - Setting next_dagrun for crawl_f1_data to 2024-01-01 00:00:00+00:00, run_after=2024-02-01 00:00:00+00:00
[2025-03-27T09:51:13.778+0000] {processor.py:208} INFO - Processing /opt/airflow/dags/crawl_f1_data.py took 0.089 seconds
[2025-03-27T09:51:43.928+0000] {processor.py:186} INFO - Started process (PID=375) to work on /opt/airflow/dags/crawl_f1_data.py
[2025-03-27T09:51:43.929+0000] {processor.py:914} INFO - Processing file /opt/airflow/dags/crawl_f1_data.py for tasks to queue
[2025-03-27T09:51:43.932+0000] {logging_mixin.py:190} INFO - [2025-03-27T09:51:43.932+0000] {dagbag.py:588} INFO - Filling up the DagBag from /opt/airflow/dags/crawl_f1_data.py
[2025-03-27T09:51:43.958+0000] {processor.py:925} INFO - DAG(s) 'crawl_f1_data' retrieved from /opt/airflow/dags/crawl_f1_data.py
[2025-03-27T09:51:43.990+0000] {logging_mixin.py:190} INFO - [2025-03-27T09:51:43.990+0000] {dag.py:3239} INFO - Sync 1 DAGs
[2025-03-27T09:51:44.021+0000] {logging_mixin.py:190} INFO - [2025-03-27T09:51:44.020+0000] {dag.py:4180} INFO - Setting next_dagrun for crawl_f1_data to 2024-01-01 00:00:00+00:00, run_after=2024-02-01 00:00:00+00:00
[2025-03-27T09:51:44.051+0000] {processor.py:208} INFO - Processing /opt/airflow/dags/crawl_f1_data.py took 0.130 seconds
[2025-03-27T09:52:14.226+0000] {processor.py:186} INFO - Started process (PID=380) to work on /opt/airflow/dags/crawl_f1_data.py
[2025-03-27T09:52:14.227+0000] {processor.py:914} INFO - Processing file /opt/airflow/dags/crawl_f1_data.py for tasks to queue
[2025-03-27T09:52:14.230+0000] {logging_mixin.py:190} INFO - [2025-03-27T09:52:14.230+0000] {dagbag.py:588} INFO - Filling up the DagBag from /opt/airflow/dags/crawl_f1_data.py
[2025-03-27T09:52:14.256+0000] {processor.py:925} INFO - DAG(s) 'crawl_f1_data' retrieved from /opt/airflow/dags/crawl_f1_data.py
[2025-03-27T09:52:14.289+0000] {logging_mixin.py:190} INFO - [2025-03-27T09:52:14.288+0000] {dag.py:3239} INFO - Sync 1 DAGs
[2025-03-27T09:52:14.316+0000] {logging_mixin.py:190} INFO - [2025-03-27T09:52:14.315+0000] {dag.py:4180} INFO - Setting next_dagrun for crawl_f1_data to 2024-01-01 00:00:00+00:00, run_after=2024-02-01 00:00:00+00:00
[2025-03-27T09:52:14.346+0000] {processor.py:208} INFO - Processing /opt/airflow/dags/crawl_f1_data.py took 0.129 seconds
[2025-03-27T09:52:44.547+0000] {processor.py:186} INFO - Started process (PID=385) to work on /opt/airflow/dags/crawl_f1_data.py
[2025-03-27T09:52:44.548+0000] {processor.py:914} INFO - Processing file /opt/airflow/dags/crawl_f1_data.py for tasks to queue
[2025-03-27T09:52:44.551+0000] {logging_mixin.py:190} INFO - [2025-03-27T09:52:44.551+0000] {dagbag.py:588} INFO - Filling up the DagBag from /opt/airflow/dags/crawl_f1_data.py
[2025-03-27T09:52:44.579+0000] {processor.py:925} INFO - DAG(s) 'crawl_f1_data' retrieved from /opt/airflow/dags/crawl_f1_data.py
[2025-03-27T09:52:44.620+0000] {logging_mixin.py:190} INFO - [2025-03-27T09:52:44.619+0000] {dag.py:3239} INFO - Sync 1 DAGs
[2025-03-27T09:52:44.649+0000] {logging_mixin.py:190} INFO - [2025-03-27T09:52:44.649+0000] {dag.py:4180} INFO - Setting next_dagrun for crawl_f1_data to 2024-01-01 00:00:00+00:00, run_after=2024-02-01 00:00:00+00:00
[2025-03-27T09:52:44.680+0000] {processor.py:208} INFO - Processing /opt/airflow/dags/crawl_f1_data.py took 0.141 seconds
[2025-03-27T09:53:14.849+0000] {processor.py:186} INFO - Started process (PID=390) to work on /opt/airflow/dags/crawl_f1_data.py
[2025-03-27T09:53:14.851+0000] {processor.py:914} INFO - Processing file /opt/airflow/dags/crawl_f1_data.py for tasks to queue
[2025-03-27T09:53:14.854+0000] {logging_mixin.py:190} INFO - [2025-03-27T09:53:14.853+0000] {dagbag.py:588} INFO - Filling up the DagBag from /opt/airflow/dags/crawl_f1_data.py
[2025-03-27T09:53:14.878+0000] {processor.py:925} INFO - DAG(s) 'crawl_f1_data' retrieved from /opt/airflow/dags/crawl_f1_data.py
[2025-03-27T09:53:14.912+0000] {logging_mixin.py:190} INFO - [2025-03-27T09:53:14.912+0000] {dag.py:3239} INFO - Sync 1 DAGs
[2025-03-27T09:53:14.948+0000] {logging_mixin.py:190} INFO - [2025-03-27T09:53:14.947+0000] {dag.py:4180} INFO - Setting next_dagrun for crawl_f1_data to 2024-01-01 00:00:00+00:00, run_after=2024-02-01 00:00:00+00:00
[2025-03-27T09:53:14.982+0000] {processor.py:208} INFO - Processing /opt/airflow/dags/crawl_f1_data.py took 0.138 seconds
[2025-03-27T09:53:45.162+0000] {processor.py:186} INFO - Started process (PID=395) to work on /opt/airflow/dags/crawl_f1_data.py
[2025-03-27T09:53:45.164+0000] {processor.py:914} INFO - Processing file /opt/airflow/dags/crawl_f1_data.py for tasks to queue
[2025-03-27T09:53:45.169+0000] {logging_mixin.py:190} INFO - [2025-03-27T09:53:45.168+0000] {dagbag.py:588} INFO - Filling up the DagBag from /opt/airflow/dags/crawl_f1_data.py
[2025-03-27T09:53:45.198+0000] {processor.py:925} INFO - DAG(s) 'crawl_f1_data' retrieved from /opt/airflow/dags/crawl_f1_data.py
[2025-03-27T09:53:45.235+0000] {logging_mixin.py:190} INFO - [2025-03-27T09:53:45.234+0000] {dag.py:3239} INFO - Sync 1 DAGs
[2025-03-27T09:53:45.268+0000] {logging_mixin.py:190} INFO - [2025-03-27T09:53:45.268+0000] {dag.py:4180} INFO - Setting next_dagrun for crawl_f1_data to 2024-01-01 00:00:00+00:00, run_after=2024-02-01 00:00:00+00:00
[2025-03-27T09:53:45.301+0000] {processor.py:208} INFO - Processing /opt/airflow/dags/crawl_f1_data.py took 0.146 seconds
[2025-03-27T09:54:15.462+0000] {processor.py:186} INFO - Started process (PID=400) to work on /opt/airflow/dags/crawl_f1_data.py
[2025-03-27T09:54:15.463+0000] {processor.py:914} INFO - Processing file /opt/airflow/dags/crawl_f1_data.py for tasks to queue
[2025-03-27T09:54:15.466+0000] {logging_mixin.py:190} INFO - [2025-03-27T09:54:15.466+0000] {dagbag.py:588} INFO - Filling up the DagBag from /opt/airflow/dags/crawl_f1_data.py
[2025-03-27T09:54:15.491+0000] {processor.py:925} INFO - DAG(s) 'crawl_f1_data' retrieved from /opt/airflow/dags/crawl_f1_data.py
[2025-03-27T09:54:15.520+0000] {logging_mixin.py:190} INFO - [2025-03-27T09:54:15.519+0000] {dag.py:3239} INFO - Sync 1 DAGs
[2025-03-27T09:54:15.547+0000] {logging_mixin.py:190} INFO - [2025-03-27T09:54:15.547+0000] {dag.py:4180} INFO - Setting next_dagrun for crawl_f1_data to 2024-01-01 00:00:00+00:00, run_after=2024-02-01 00:00:00+00:00
[2025-03-27T09:54:15.571+0000] {processor.py:208} INFO - Processing /opt/airflow/dags/crawl_f1_data.py took 0.115 seconds
[2025-03-27T09:54:45.851+0000] {processor.py:186} INFO - Started process (PID=405) to work on /opt/airflow/dags/crawl_f1_data.py
[2025-03-27T09:54:45.852+0000] {processor.py:914} INFO - Processing file /opt/airflow/dags/crawl_f1_data.py for tasks to queue
[2025-03-27T09:54:45.855+0000] {logging_mixin.py:190} INFO - [2025-03-27T09:54:45.855+0000] {dagbag.py:588} INFO - Filling up the DagBag from /opt/airflow/dags/crawl_f1_data.py
[2025-03-27T09:54:45.884+0000] {processor.py:925} INFO - DAG(s) 'crawl_f1_data' retrieved from /opt/airflow/dags/crawl_f1_data.py
[2025-03-27T09:54:45.918+0000] {logging_mixin.py:190} INFO - [2025-03-27T09:54:45.918+0000] {dag.py:3239} INFO - Sync 1 DAGs
[2025-03-27T09:54:45.954+0000] {logging_mixin.py:190} INFO - [2025-03-27T09:54:45.954+0000] {dag.py:4180} INFO - Setting next_dagrun for crawl_f1_data to 2024-01-01 00:00:00+00:00, run_after=2024-02-01 00:00:00+00:00
[2025-03-27T09:54:45.993+0000] {processor.py:208} INFO - Processing /opt/airflow/dags/crawl_f1_data.py took 0.150 seconds
[2025-03-27T09:55:16.089+0000] {processor.py:186} INFO - Started process (PID=410) to work on /opt/airflow/dags/crawl_f1_data.py
[2025-03-27T09:55:16.090+0000] {processor.py:914} INFO - Processing file /opt/airflow/dags/crawl_f1_data.py for tasks to queue
[2025-03-27T09:55:16.092+0000] {logging_mixin.py:190} INFO - [2025-03-27T09:55:16.092+0000] {dagbag.py:588} INFO - Filling up the DagBag from /opt/airflow/dags/crawl_f1_data.py
[2025-03-27T09:55:16.115+0000] {processor.py:925} INFO - DAG(s) 'crawl_f1_data' retrieved from /opt/airflow/dags/crawl_f1_data.py
[2025-03-27T09:55:16.145+0000] {logging_mixin.py:190} INFO - [2025-03-27T09:55:16.145+0000] {dag.py:3239} INFO - Sync 1 DAGs
[2025-03-27T09:55:16.174+0000] {logging_mixin.py:190} INFO - [2025-03-27T09:55:16.173+0000] {dag.py:4180} INFO - Setting next_dagrun for crawl_f1_data to 2024-01-01 00:00:00+00:00, run_after=2024-02-01 00:00:00+00:00
[2025-03-27T09:55:16.204+0000] {processor.py:208} INFO - Processing /opt/airflow/dags/crawl_f1_data.py took 0.122 seconds
[2025-03-27T09:55:46.478+0000] {processor.py:186} INFO - Started process (PID=415) to work on /opt/airflow/dags/crawl_f1_data.py
[2025-03-27T09:55:46.479+0000] {processor.py:914} INFO - Processing file /opt/airflow/dags/crawl_f1_data.py for tasks to queue
[2025-03-27T09:55:46.481+0000] {logging_mixin.py:190} INFO - [2025-03-27T09:55:46.481+0000] {dagbag.py:588} INFO - Filling up the DagBag from /opt/airflow/dags/crawl_f1_data.py
[2025-03-27T09:55:46.504+0000] {processor.py:925} INFO - DAG(s) 'crawl_f1_data' retrieved from /opt/airflow/dags/crawl_f1_data.py
[2025-03-27T09:55:46.533+0000] {logging_mixin.py:190} INFO - [2025-03-27T09:55:46.533+0000] {dag.py:3239} INFO - Sync 1 DAGs
[2025-03-27T09:55:46.562+0000] {logging_mixin.py:190} INFO - [2025-03-27T09:55:46.562+0000] {dag.py:4180} INFO - Setting next_dagrun for crawl_f1_data to 2024-01-01 00:00:00+00:00, run_after=2024-02-01 00:00:00+00:00
[2025-03-27T09:55:46.596+0000] {processor.py:208} INFO - Processing /opt/airflow/dags/crawl_f1_data.py took 0.123 seconds
[2025-03-27T09:56:16.759+0000] {processor.py:186} INFO - Started process (PID=420) to work on /opt/airflow/dags/crawl_f1_data.py
[2025-03-27T09:56:16.761+0000] {processor.py:914} INFO - Processing file /opt/airflow/dags/crawl_f1_data.py for tasks to queue
[2025-03-27T09:56:16.766+0000] {logging_mixin.py:190} INFO - [2025-03-27T09:56:16.765+0000] {dagbag.py:588} INFO - Filling up the DagBag from /opt/airflow/dags/crawl_f1_data.py
[2025-03-27T09:56:16.802+0000] {processor.py:925} INFO - DAG(s) 'crawl_f1_data' retrieved from /opt/airflow/dags/crawl_f1_data.py
[2025-03-27T09:56:16.847+0000] {logging_mixin.py:190} INFO - [2025-03-27T09:56:16.846+0000] {dag.py:3239} INFO - Sync 1 DAGs
[2025-03-27T09:56:16.884+0000] {logging_mixin.py:190} INFO - [2025-03-27T09:56:16.884+0000] {dag.py:4180} INFO - Setting next_dagrun for crawl_f1_data to 2024-01-01 00:00:00+00:00, run_after=2024-02-01 00:00:00+00:00
[2025-03-27T09:56:16.918+0000] {processor.py:208} INFO - Processing /opt/airflow/dags/crawl_f1_data.py took 0.169 seconds
[2025-03-27T09:56:47.072+0000] {processor.py:186} INFO - Started process (PID=425) to work on /opt/airflow/dags/crawl_f1_data.py
[2025-03-27T09:56:47.073+0000] {processor.py:914} INFO - Processing file /opt/airflow/dags/crawl_f1_data.py for tasks to queue
[2025-03-27T09:56:47.076+0000] {logging_mixin.py:190} INFO - [2025-03-27T09:56:47.076+0000] {dagbag.py:588} INFO - Filling up the DagBag from /opt/airflow/dags/crawl_f1_data.py
[2025-03-27T09:56:47.107+0000] {processor.py:925} INFO - DAG(s) 'crawl_f1_data' retrieved from /opt/airflow/dags/crawl_f1_data.py
[2025-03-27T09:56:47.144+0000] {logging_mixin.py:190} INFO - [2025-03-27T09:56:47.143+0000] {dag.py:3239} INFO - Sync 1 DAGs
[2025-03-27T09:56:47.174+0000] {logging_mixin.py:190} INFO - [2025-03-27T09:56:47.174+0000] {dag.py:4180} INFO - Setting next_dagrun for crawl_f1_data to 2024-01-01 00:00:00+00:00, run_after=2024-02-01 00:00:00+00:00
[2025-03-27T09:56:47.206+0000] {processor.py:208} INFO - Processing /opt/airflow/dags/crawl_f1_data.py took 0.142 seconds
[2025-03-27T09:57:17.392+0000] {processor.py:186} INFO - Started process (PID=430) to work on /opt/airflow/dags/crawl_f1_data.py
[2025-03-27T09:57:17.393+0000] {processor.py:914} INFO - Processing file /opt/airflow/dags/crawl_f1_data.py for tasks to queue
[2025-03-27T09:57:17.397+0000] {logging_mixin.py:190} INFO - [2025-03-27T09:57:17.396+0000] {dagbag.py:588} INFO - Filling up the DagBag from /opt/airflow/dags/crawl_f1_data.py
[2025-03-27T09:57:17.420+0000] {processor.py:925} INFO - DAG(s) 'crawl_f1_data' retrieved from /opt/airflow/dags/crawl_f1_data.py
[2025-03-27T09:57:17.448+0000] {logging_mixin.py:190} INFO - [2025-03-27T09:57:17.448+0000] {dag.py:3239} INFO - Sync 1 DAGs
[2025-03-27T09:57:17.478+0000] {logging_mixin.py:190} INFO - [2025-03-27T09:57:17.478+0000] {dag.py:4180} INFO - Setting next_dagrun for crawl_f1_data to 2024-01-01 00:00:00+00:00, run_after=2024-02-01 00:00:00+00:00
[2025-03-27T09:57:17.504+0000] {processor.py:208} INFO - Processing /opt/airflow/dags/crawl_f1_data.py took 0.119 seconds
[2025-03-27T09:57:47.704+0000] {processor.py:186} INFO - Started process (PID=435) to work on /opt/airflow/dags/crawl_f1_data.py
[2025-03-27T09:57:47.705+0000] {processor.py:914} INFO - Processing file /opt/airflow/dags/crawl_f1_data.py for tasks to queue
[2025-03-27T09:57:47.708+0000] {logging_mixin.py:190} INFO - [2025-03-27T09:57:47.708+0000] {dagbag.py:588} INFO - Filling up the DagBag from /opt/airflow/dags/crawl_f1_data.py
[2025-03-27T09:57:47.740+0000] {processor.py:925} INFO - DAG(s) 'crawl_f1_data' retrieved from /opt/airflow/dags/crawl_f1_data.py
[2025-03-27T09:57:47.773+0000] {logging_mixin.py:190} INFO - [2025-03-27T09:57:47.773+0000] {dag.py:3239} INFO - Sync 1 DAGs
[2025-03-27T09:57:47.801+0000] {logging_mixin.py:190} INFO - [2025-03-27T09:57:47.801+0000] {dag.py:4180} INFO - Setting next_dagrun for crawl_f1_data to 2024-01-01 00:00:00+00:00, run_after=2024-02-01 00:00:00+00:00
[2025-03-27T09:57:47.828+0000] {processor.py:208} INFO - Processing /opt/airflow/dags/crawl_f1_data.py took 0.132 seconds
[2025-03-27T09:58:17.992+0000] {processor.py:186} INFO - Started process (PID=440) to work on /opt/airflow/dags/crawl_f1_data.py
[2025-03-27T09:58:17.993+0000] {processor.py:914} INFO - Processing file /opt/airflow/dags/crawl_f1_data.py for tasks to queue
[2025-03-27T09:58:17.996+0000] {logging_mixin.py:190} INFO - [2025-03-27T09:58:17.995+0000] {dagbag.py:588} INFO - Filling up the DagBag from /opt/airflow/dags/crawl_f1_data.py
[2025-03-27T09:58:18.022+0000] {processor.py:925} INFO - DAG(s) 'crawl_f1_data' retrieved from /opt/airflow/dags/crawl_f1_data.py
[2025-03-27T09:58:18.054+0000] {logging_mixin.py:190} INFO - [2025-03-27T09:58:18.054+0000] {dag.py:3239} INFO - Sync 1 DAGs
[2025-03-27T09:58:18.084+0000] {logging_mixin.py:190} INFO - [2025-03-27T09:58:18.083+0000] {dag.py:4180} INFO - Setting next_dagrun for crawl_f1_data to 2024-01-01 00:00:00+00:00, run_after=2024-02-01 00:00:00+00:00
[2025-03-27T09:58:18.112+0000] {processor.py:208} INFO - Processing /opt/airflow/dags/crawl_f1_data.py took 0.128 seconds
[2025-03-27T09:58:48.310+0000] {processor.py:186} INFO - Started process (PID=445) to work on /opt/airflow/dags/crawl_f1_data.py
[2025-03-27T09:58:48.311+0000] {processor.py:914} INFO - Processing file /opt/airflow/dags/crawl_f1_data.py for tasks to queue
[2025-03-27T09:58:48.313+0000] {logging_mixin.py:190} INFO - [2025-03-27T09:58:48.313+0000] {dagbag.py:588} INFO - Filling up the DagBag from /opt/airflow/dags/crawl_f1_data.py
[2025-03-27T09:58:48.340+0000] {processor.py:925} INFO - DAG(s) 'crawl_f1_data' retrieved from /opt/airflow/dags/crawl_f1_data.py
[2025-03-27T09:58:48.369+0000] {logging_mixin.py:190} INFO - [2025-03-27T09:58:48.369+0000] {dag.py:3239} INFO - Sync 1 DAGs
[2025-03-27T09:58:48.398+0000] {logging_mixin.py:190} INFO - [2025-03-27T09:58:48.398+0000] {dag.py:4180} INFO - Setting next_dagrun for crawl_f1_data to 2024-01-01 00:00:00+00:00, run_after=2024-02-01 00:00:00+00:00
[2025-03-27T09:58:48.422+0000] {processor.py:208} INFO - Processing /opt/airflow/dags/crawl_f1_data.py took 0.119 seconds
[2025-03-27T09:59:18.588+0000] {processor.py:186} INFO - Started process (PID=450) to work on /opt/airflow/dags/crawl_f1_data.py
[2025-03-27T09:59:18.589+0000] {processor.py:914} INFO - Processing file /opt/airflow/dags/crawl_f1_data.py for tasks to queue
[2025-03-27T09:59:18.593+0000] {logging_mixin.py:190} INFO - [2025-03-27T09:59:18.592+0000] {dagbag.py:588} INFO - Filling up the DagBag from /opt/airflow/dags/crawl_f1_data.py
[2025-03-27T09:59:18.635+0000] {processor.py:925} INFO - DAG(s) 'crawl_f1_data' retrieved from /opt/airflow/dags/crawl_f1_data.py
[2025-03-27T09:59:18.678+0000] {logging_mixin.py:190} INFO - [2025-03-27T09:59:18.677+0000] {dag.py:3239} INFO - Sync 1 DAGs
[2025-03-27T09:59:18.723+0000] {logging_mixin.py:190} INFO - [2025-03-27T09:59:18.722+0000] {dag.py:4180} INFO - Setting next_dagrun for crawl_f1_data to 2024-01-01 00:00:00+00:00, run_after=2024-02-01 00:00:00+00:00
[2025-03-27T09:59:18.761+0000] {processor.py:208} INFO - Processing /opt/airflow/dags/crawl_f1_data.py took 0.180 seconds
[2025-03-27T09:59:48.882+0000] {processor.py:186} INFO - Started process (PID=455) to work on /opt/airflow/dags/crawl_f1_data.py
[2025-03-27T09:59:48.883+0000] {processor.py:914} INFO - Processing file /opt/airflow/dags/crawl_f1_data.py for tasks to queue
[2025-03-27T09:59:48.886+0000] {logging_mixin.py:190} INFO - [2025-03-27T09:59:48.885+0000] {dagbag.py:588} INFO - Filling up the DagBag from /opt/airflow/dags/crawl_f1_data.py
[2025-03-27T09:59:48.909+0000] {processor.py:925} INFO - DAG(s) 'crawl_f1_data' retrieved from /opt/airflow/dags/crawl_f1_data.py
[2025-03-27T09:59:48.937+0000] {logging_mixin.py:190} INFO - [2025-03-27T09:59:48.937+0000] {dag.py:3239} INFO - Sync 1 DAGs
[2025-03-27T09:59:48.964+0000] {logging_mixin.py:190} INFO - [2025-03-27T09:59:48.963+0000] {dag.py:4180} INFO - Setting next_dagrun for crawl_f1_data to 2024-01-01 00:00:00+00:00, run_after=2024-02-01 00:00:00+00:00
[2025-03-27T09:59:48.985+0000] {processor.py:208} INFO - Processing /opt/airflow/dags/crawl_f1_data.py took 0.111 seconds
[2025-03-27T10:00:19.243+0000] {processor.py:186} INFO - Started process (PID=460) to work on /opt/airflow/dags/crawl_f1_data.py
[2025-03-27T10:00:19.244+0000] {processor.py:914} INFO - Processing file /opt/airflow/dags/crawl_f1_data.py for tasks to queue
[2025-03-27T10:00:19.246+0000] {logging_mixin.py:190} INFO - [2025-03-27T10:00:19.246+0000] {dagbag.py:588} INFO - Filling up the DagBag from /opt/airflow/dags/crawl_f1_data.py
[2025-03-27T10:00:19.269+0000] {processor.py:925} INFO - DAG(s) 'crawl_f1_data' retrieved from /opt/airflow/dags/crawl_f1_data.py
[2025-03-27T10:00:19.298+0000] {logging_mixin.py:190} INFO - [2025-03-27T10:00:19.298+0000] {dag.py:3239} INFO - Sync 1 DAGs
[2025-03-27T10:00:19.325+0000] {logging_mixin.py:190} INFO - [2025-03-27T10:00:19.325+0000] {dag.py:4180} INFO - Setting next_dagrun for crawl_f1_data to 2024-01-01 00:00:00+00:00, run_after=2024-02-01 00:00:00+00:00
[2025-03-27T10:00:19.354+0000] {processor.py:208} INFO - Processing /opt/airflow/dags/crawl_f1_data.py took 0.118 seconds
[2025-03-27T10:00:49.497+0000] {processor.py:186} INFO - Started process (PID=465) to work on /opt/airflow/dags/crawl_f1_data.py
[2025-03-27T10:00:49.499+0000] {processor.py:914} INFO - Processing file /opt/airflow/dags/crawl_f1_data.py for tasks to queue
[2025-03-27T10:00:49.503+0000] {logging_mixin.py:190} INFO - [2025-03-27T10:00:49.502+0000] {dagbag.py:588} INFO - Filling up the DagBag from /opt/airflow/dags/crawl_f1_data.py
[2025-03-27T10:00:49.540+0000] {processor.py:925} INFO - DAG(s) 'crawl_f1_data' retrieved from /opt/airflow/dags/crawl_f1_data.py
[2025-03-27T10:00:49.584+0000] {logging_mixin.py:190} INFO - [2025-03-27T10:00:49.584+0000] {dag.py:3239} INFO - Sync 1 DAGs
[2025-03-27T10:00:49.621+0000] {logging_mixin.py:190} INFO - [2025-03-27T10:00:49.621+0000] {dag.py:4180} INFO - Setting next_dagrun for crawl_f1_data to 2024-01-01 00:00:00+00:00, run_after=2024-02-01 00:00:00+00:00
[2025-03-27T10:00:49.647+0000] {processor.py:208} INFO - Processing /opt/airflow/dags/crawl_f1_data.py took 0.164 seconds
[2025-03-27T10:01:19.872+0000] {processor.py:186} INFO - Started process (PID=470) to work on /opt/airflow/dags/crawl_f1_data.py
[2025-03-27T10:01:19.874+0000] {processor.py:914} INFO - Processing file /opt/airflow/dags/crawl_f1_data.py for tasks to queue
[2025-03-27T10:01:19.877+0000] {logging_mixin.py:190} INFO - [2025-03-27T10:01:19.877+0000] {dagbag.py:588} INFO - Filling up the DagBag from /opt/airflow/dags/crawl_f1_data.py
[2025-03-27T10:01:19.903+0000] {processor.py:925} INFO - DAG(s) 'crawl_f1_data' retrieved from /opt/airflow/dags/crawl_f1_data.py
[2025-03-27T10:01:19.940+0000] {logging_mixin.py:190} INFO - [2025-03-27T10:01:19.939+0000] {dag.py:3239} INFO - Sync 1 DAGs
[2025-03-27T10:01:19.976+0000] {logging_mixin.py:190} INFO - [2025-03-27T10:01:19.976+0000] {dag.py:4180} INFO - Setting next_dagrun for crawl_f1_data to 2024-01-01 00:00:00+00:00, run_after=2024-02-01 00:00:00+00:00
[2025-03-27T10:01:20.005+0000] {processor.py:208} INFO - Processing /opt/airflow/dags/crawl_f1_data.py took 0.141 seconds
[2025-03-27T10:01:50.147+0000] {processor.py:186} INFO - Started process (PID=475) to work on /opt/airflow/dags/crawl_f1_data.py
[2025-03-27T10:01:50.149+0000] {processor.py:914} INFO - Processing file /opt/airflow/dags/crawl_f1_data.py for tasks to queue
[2025-03-27T10:01:50.157+0000] {logging_mixin.py:190} INFO - [2025-03-27T10:01:50.156+0000] {dagbag.py:588} INFO - Filling up the DagBag from /opt/airflow/dags/crawl_f1_data.py
[2025-03-27T10:01:50.197+0000] {processor.py:925} INFO - DAG(s) 'crawl_f1_data' retrieved from /opt/airflow/dags/crawl_f1_data.py
[2025-03-27T10:01:50.358+0000] {logging_mixin.py:190} INFO - [2025-03-27T10:01:50.357+0000] {dag.py:3239} INFO - Sync 1 DAGs
[2025-03-27T10:01:50.444+0000] {logging_mixin.py:190} INFO - [2025-03-27T10:01:50.443+0000] {dag.py:4180} INFO - Setting next_dagrun for crawl_f1_data to 2024-01-01 00:00:00+00:00, run_after=2024-02-01 00:00:00+00:00
[2025-03-27T10:01:50.488+0000] {processor.py:208} INFO - Processing /opt/airflow/dags/crawl_f1_data.py took 0.351 seconds
[2025-03-27T10:02:20.772+0000] {processor.py:186} INFO - Started process (PID=480) to work on /opt/airflow/dags/crawl_f1_data.py
[2025-03-27T10:02:20.774+0000] {processor.py:914} INFO - Processing file /opt/airflow/dags/crawl_f1_data.py for tasks to queue
[2025-03-27T10:02:20.777+0000] {logging_mixin.py:190} INFO - [2025-03-27T10:02:20.777+0000] {dagbag.py:588} INFO - Filling up the DagBag from /opt/airflow/dags/crawl_f1_data.py
[2025-03-27T10:02:20.809+0000] {processor.py:925} INFO - DAG(s) 'crawl_f1_data' retrieved from /opt/airflow/dags/crawl_f1_data.py
[2025-03-27T10:02:20.854+0000] {logging_mixin.py:190} INFO - [2025-03-27T10:02:20.853+0000] {dag.py:3239} INFO - Sync 1 DAGs
[2025-03-27T10:02:20.901+0000] {logging_mixin.py:190} INFO - [2025-03-27T10:02:20.901+0000] {dag.py:4180} INFO - Setting next_dagrun for crawl_f1_data to 2024-01-01 00:00:00+00:00, run_after=2024-02-01 00:00:00+00:00
[2025-03-27T10:02:20.936+0000] {processor.py:208} INFO - Processing /opt/airflow/dags/crawl_f1_data.py took 0.172 seconds
[2025-03-27T10:02:51.023+0000] {processor.py:186} INFO - Started process (PID=485) to work on /opt/airflow/dags/crawl_f1_data.py
[2025-03-27T10:02:51.025+0000] {processor.py:914} INFO - Processing file /opt/airflow/dags/crawl_f1_data.py for tasks to queue
[2025-03-27T10:02:51.027+0000] {logging_mixin.py:190} INFO - [2025-03-27T10:02:51.027+0000] {dagbag.py:588} INFO - Filling up the DagBag from /opt/airflow/dags/crawl_f1_data.py
[2025-03-27T10:02:51.059+0000] {processor.py:925} INFO - DAG(s) 'crawl_f1_data' retrieved from /opt/airflow/dags/crawl_f1_data.py
[2025-03-27T10:02:51.100+0000] {logging_mixin.py:190} INFO - [2025-03-27T10:02:51.100+0000] {dag.py:3239} INFO - Sync 1 DAGs
[2025-03-27T10:02:51.131+0000] {logging_mixin.py:190} INFO - [2025-03-27T10:02:51.131+0000] {dag.py:4180} INFO - Setting next_dagrun for crawl_f1_data to 2024-01-01 00:00:00+00:00, run_after=2024-02-01 00:00:00+00:00
[2025-03-27T10:02:51.154+0000] {processor.py:208} INFO - Processing /opt/airflow/dags/crawl_f1_data.py took 0.140 seconds
[2025-03-27T10:03:21.255+0000] {processor.py:186} INFO - Started process (PID=490) to work on /opt/airflow/dags/crawl_f1_data.py
[2025-03-27T10:03:21.256+0000] {processor.py:914} INFO - Processing file /opt/airflow/dags/crawl_f1_data.py for tasks to queue
[2025-03-27T10:03:21.258+0000] {logging_mixin.py:190} INFO - [2025-03-27T10:03:21.258+0000] {dagbag.py:588} INFO - Filling up the DagBag from /opt/airflow/dags/crawl_f1_data.py
[2025-03-27T10:03:21.286+0000] {processor.py:925} INFO - DAG(s) 'crawl_f1_data' retrieved from /opt/airflow/dags/crawl_f1_data.py
[2025-03-27T10:03:21.319+0000] {logging_mixin.py:190} INFO - [2025-03-27T10:03:21.318+0000] {dag.py:3239} INFO - Sync 1 DAGs
[2025-03-27T10:03:21.354+0000] {logging_mixin.py:190} INFO - [2025-03-27T10:03:21.354+0000] {dag.py:4180} INFO - Setting next_dagrun for crawl_f1_data to 2024-01-01 00:00:00+00:00, run_after=2024-02-01 00:00:00+00:00
[2025-03-27T10:03:21.377+0000] {processor.py:208} INFO - Processing /opt/airflow/dags/crawl_f1_data.py took 0.128 seconds
[2025-03-27T10:03:51.655+0000] {processor.py:186} INFO - Started process (PID=495) to work on /opt/airflow/dags/crawl_f1_data.py
[2025-03-27T10:03:51.657+0000] {processor.py:914} INFO - Processing file /opt/airflow/dags/crawl_f1_data.py for tasks to queue
[2025-03-27T10:03:51.660+0000] {logging_mixin.py:190} INFO - [2025-03-27T10:03:51.660+0000] {dagbag.py:588} INFO - Filling up the DagBag from /opt/airflow/dags/crawl_f1_data.py
[2025-03-27T10:03:51.698+0000] {processor.py:925} INFO - DAG(s) 'crawl_f1_data' retrieved from /opt/airflow/dags/crawl_f1_data.py
[2025-03-27T10:03:51.750+0000] {logging_mixin.py:190} INFO - [2025-03-27T10:03:51.750+0000] {dag.py:3239} INFO - Sync 1 DAGs
[2025-03-27T10:03:51.791+0000] {logging_mixin.py:190} INFO - [2025-03-27T10:03:51.791+0000] {dag.py:4180} INFO - Setting next_dagrun for crawl_f1_data to 2024-01-01 00:00:00+00:00, run_after=2024-02-01 00:00:00+00:00
[2025-03-27T10:03:51.841+0000] {processor.py:208} INFO - Processing /opt/airflow/dags/crawl_f1_data.py took 0.195 seconds
[2025-03-27T10:04:22.118+0000] {processor.py:186} INFO - Started process (PID=500) to work on /opt/airflow/dags/crawl_f1_data.py
[2025-03-27T10:04:22.119+0000] {processor.py:914} INFO - Processing file /opt/airflow/dags/crawl_f1_data.py for tasks to queue
[2025-03-27T10:04:22.122+0000] {logging_mixin.py:190} INFO - [2025-03-27T10:04:22.121+0000] {dagbag.py:588} INFO - Filling up the DagBag from /opt/airflow/dags/crawl_f1_data.py
[2025-03-27T10:04:22.149+0000] {processor.py:925} INFO - DAG(s) 'crawl_f1_data' retrieved from /opt/airflow/dags/crawl_f1_data.py
[2025-03-27T10:04:22.179+0000] {logging_mixin.py:190} INFO - [2025-03-27T10:04:22.178+0000] {dag.py:3239} INFO - Sync 1 DAGs
[2025-03-27T10:04:22.212+0000] {logging_mixin.py:190} INFO - [2025-03-27T10:04:22.212+0000] {dag.py:4180} INFO - Setting next_dagrun for crawl_f1_data to 2024-01-01 00:00:00+00:00, run_after=2024-02-01 00:00:00+00:00
[2025-03-27T10:04:22.239+0000] {processor.py:208} INFO - Processing /opt/airflow/dags/crawl_f1_data.py took 0.126 seconds
[2025-03-27T10:04:52.332+0000] {processor.py:186} INFO - Started process (PID=505) to work on /opt/airflow/dags/crawl_f1_data.py
[2025-03-27T10:04:52.333+0000] {processor.py:914} INFO - Processing file /opt/airflow/dags/crawl_f1_data.py for tasks to queue
[2025-03-27T10:04:52.336+0000] {logging_mixin.py:190} INFO - [2025-03-27T10:04:52.335+0000] {dagbag.py:588} INFO - Filling up the DagBag from /opt/airflow/dags/crawl_f1_data.py
[2025-03-27T10:04:52.358+0000] {processor.py:925} INFO - DAG(s) 'crawl_f1_data' retrieved from /opt/airflow/dags/crawl_f1_data.py
[2025-03-27T10:04:52.389+0000] {logging_mixin.py:190} INFO - [2025-03-27T10:04:52.389+0000] {dag.py:3239} INFO - Sync 1 DAGs
[2025-03-27T10:04:52.419+0000] {logging_mixin.py:190} INFO - [2025-03-27T10:04:52.419+0000] {dag.py:4180} INFO - Setting next_dagrun for crawl_f1_data to 2024-01-01 00:00:00+00:00, run_after=2024-02-01 00:00:00+00:00
[2025-03-27T10:04:52.445+0000] {processor.py:208} INFO - Processing /opt/airflow/dags/crawl_f1_data.py took 0.118 seconds
[2025-03-27T10:05:22.695+0000] {processor.py:186} INFO - Started process (PID=510) to work on /opt/airflow/dags/crawl_f1_data.py
[2025-03-27T10:05:22.696+0000] {processor.py:914} INFO - Processing file /opt/airflow/dags/crawl_f1_data.py for tasks to queue
[2025-03-27T10:05:22.699+0000] {logging_mixin.py:190} INFO - [2025-03-27T10:05:22.698+0000] {dagbag.py:588} INFO - Filling up the DagBag from /opt/airflow/dags/crawl_f1_data.py
[2025-03-27T10:05:22.719+0000] {processor.py:925} INFO - DAG(s) 'crawl_f1_data' retrieved from /opt/airflow/dags/crawl_f1_data.py
[2025-03-27T10:05:22.748+0000] {logging_mixin.py:190} INFO - [2025-03-27T10:05:22.748+0000] {dag.py:3239} INFO - Sync 1 DAGs
[2025-03-27T10:05:22.774+0000] {logging_mixin.py:190} INFO - [2025-03-27T10:05:22.774+0000] {dag.py:4180} INFO - Setting next_dagrun for crawl_f1_data to 2024-01-01 00:00:00+00:00, run_after=2024-02-01 00:00:00+00:00
[2025-03-27T10:05:22.797+0000] {processor.py:208} INFO - Processing /opt/airflow/dags/crawl_f1_data.py took 0.108 seconds
[2025-03-27T10:05:52.926+0000] {processor.py:186} INFO - Started process (PID=515) to work on /opt/airflow/dags/crawl_f1_data.py
[2025-03-27T10:05:52.927+0000] {processor.py:914} INFO - Processing file /opt/airflow/dags/crawl_f1_data.py for tasks to queue
[2025-03-27T10:05:52.931+0000] {logging_mixin.py:190} INFO - [2025-03-27T10:05:52.931+0000] {dagbag.py:588} INFO - Filling up the DagBag from /opt/airflow/dags/crawl_f1_data.py
[2025-03-27T10:05:52.956+0000] {processor.py:925} INFO - DAG(s) 'crawl_f1_data' retrieved from /opt/airflow/dags/crawl_f1_data.py
[2025-03-27T10:05:52.986+0000] {logging_mixin.py:190} INFO - [2025-03-27T10:05:52.985+0000] {dag.py:3239} INFO - Sync 1 DAGs
[2025-03-27T10:05:53.023+0000] {logging_mixin.py:190} INFO - [2025-03-27T10:05:53.022+0000] {dag.py:4180} INFO - Setting next_dagrun for crawl_f1_data to 2024-01-01 00:00:00+00:00, run_after=2024-02-01 00:00:00+00:00
[2025-03-27T10:05:53.050+0000] {processor.py:208} INFO - Processing /opt/airflow/dags/crawl_f1_data.py took 0.130 seconds
[2025-03-27T10:06:23.284+0000] {processor.py:186} INFO - Started process (PID=520) to work on /opt/airflow/dags/crawl_f1_data.py
[2025-03-27T10:06:23.285+0000] {processor.py:914} INFO - Processing file /opt/airflow/dags/crawl_f1_data.py for tasks to queue
[2025-03-27T10:06:23.287+0000] {logging_mixin.py:190} INFO - [2025-03-27T10:06:23.287+0000] {dagbag.py:588} INFO - Filling up the DagBag from /opt/airflow/dags/crawl_f1_data.py
[2025-03-27T10:06:23.312+0000] {processor.py:925} INFO - DAG(s) 'crawl_f1_data' retrieved from /opt/airflow/dags/crawl_f1_data.py
[2025-03-27T10:06:23.342+0000] {logging_mixin.py:190} INFO - [2025-03-27T10:06:23.342+0000] {dag.py:3239} INFO - Sync 1 DAGs
[2025-03-27T10:06:23.367+0000] {logging_mixin.py:190} INFO - [2025-03-27T10:06:23.367+0000] {dag.py:4180} INFO - Setting next_dagrun for crawl_f1_data to 2024-01-01 00:00:00+00:00, run_after=2024-02-01 00:00:00+00:00
[2025-03-27T10:06:23.389+0000] {processor.py:208} INFO - Processing /opt/airflow/dags/crawl_f1_data.py took 0.113 seconds
[2025-03-27T10:06:53.541+0000] {processor.py:186} INFO - Started process (PID=525) to work on /opt/airflow/dags/crawl_f1_data.py
[2025-03-27T10:06:53.543+0000] {processor.py:914} INFO - Processing file /opt/airflow/dags/crawl_f1_data.py for tasks to queue
[2025-03-27T10:06:53.546+0000] {logging_mixin.py:190} INFO - [2025-03-27T10:06:53.546+0000] {dagbag.py:588} INFO - Filling up the DagBag from /opt/airflow/dags/crawl_f1_data.py
[2025-03-27T10:06:53.582+0000] {processor.py:925} INFO - DAG(s) 'crawl_f1_data' retrieved from /opt/airflow/dags/crawl_f1_data.py
[2025-03-27T10:06:53.630+0000] {logging_mixin.py:190} INFO - [2025-03-27T10:06:53.629+0000] {dag.py:3239} INFO - Sync 1 DAGs
[2025-03-27T10:06:53.670+0000] {logging_mixin.py:190} INFO - [2025-03-27T10:06:53.669+0000] {dag.py:4180} INFO - Setting next_dagrun for crawl_f1_data to 2024-01-01 00:00:00+00:00, run_after=2024-02-01 00:00:00+00:00
[2025-03-27T10:06:53.695+0000] {processor.py:208} INFO - Processing /opt/airflow/dags/crawl_f1_data.py took 0.165 seconds
[2025-03-27T10:07:23.865+0000] {processor.py:186} INFO - Started process (PID=530) to work on /opt/airflow/dags/crawl_f1_data.py
[2025-03-27T10:07:23.866+0000] {processor.py:914} INFO - Processing file /opt/airflow/dags/crawl_f1_data.py for tasks to queue
[2025-03-27T10:07:23.869+0000] {logging_mixin.py:190} INFO - [2025-03-27T10:07:23.869+0000] {dagbag.py:588} INFO - Filling up the DagBag from /opt/airflow/dags/crawl_f1_data.py
[2025-03-27T10:07:23.896+0000] {processor.py:925} INFO - DAG(s) 'crawl_f1_data' retrieved from /opt/airflow/dags/crawl_f1_data.py
[2025-03-27T10:07:23.928+0000] {logging_mixin.py:190} INFO - [2025-03-27T10:07:23.927+0000] {dag.py:3239} INFO - Sync 1 DAGs
[2025-03-27T10:07:23.957+0000] {logging_mixin.py:190} INFO - [2025-03-27T10:07:23.957+0000] {dag.py:4180} INFO - Setting next_dagrun for crawl_f1_data to 2024-01-01 00:00:00+00:00, run_after=2024-02-01 00:00:00+00:00
[2025-03-27T10:07:23.986+0000] {processor.py:208} INFO - Processing /opt/airflow/dags/crawl_f1_data.py took 0.128 seconds
[2025-03-27T10:07:54.170+0000] {processor.py:186} INFO - Started process (PID=535) to work on /opt/airflow/dags/crawl_f1_data.py
[2025-03-27T10:07:54.171+0000] {processor.py:914} INFO - Processing file /opt/airflow/dags/crawl_f1_data.py for tasks to queue
[2025-03-27T10:07:54.175+0000] {logging_mixin.py:190} INFO - [2025-03-27T10:07:54.174+0000] {dagbag.py:588} INFO - Filling up the DagBag from /opt/airflow/dags/crawl_f1_data.py
[2025-03-27T10:07:54.202+0000] {processor.py:925} INFO - DAG(s) 'crawl_f1_data' retrieved from /opt/airflow/dags/crawl_f1_data.py
[2025-03-27T10:07:54.236+0000] {logging_mixin.py:190} INFO - [2025-03-27T10:07:54.235+0000] {dag.py:3239} INFO - Sync 1 DAGs
[2025-03-27T10:07:54.270+0000] {logging_mixin.py:190} INFO - [2025-03-27T10:07:54.270+0000] {dag.py:4180} INFO - Setting next_dagrun for crawl_f1_data to 2024-01-01 00:00:00+00:00, run_after=2024-02-01 00:00:00+00:00
[2025-03-27T10:07:54.301+0000] {processor.py:208} INFO - Processing /opt/airflow/dags/crawl_f1_data.py took 0.140 seconds
[2025-03-27T10:08:24.477+0000] {processor.py:186} INFO - Started process (PID=540) to work on /opt/airflow/dags/crawl_f1_data.py
[2025-03-27T10:08:24.479+0000] {processor.py:914} INFO - Processing file /opt/airflow/dags/crawl_f1_data.py for tasks to queue
[2025-03-27T10:08:24.482+0000] {logging_mixin.py:190} INFO - [2025-03-27T10:08:24.482+0000] {dagbag.py:588} INFO - Filling up the DagBag from /opt/airflow/dags/crawl_f1_data.py
[2025-03-27T10:08:24.519+0000] {processor.py:925} INFO - DAG(s) 'crawl_f1_data' retrieved from /opt/airflow/dags/crawl_f1_data.py
[2025-03-27T10:08:24.593+0000] {logging_mixin.py:190} INFO - [2025-03-27T10:08:24.593+0000] {dag.py:3239} INFO - Sync 1 DAGs
[2025-03-27T10:08:24.636+0000] {logging_mixin.py:190} INFO - [2025-03-27T10:08:24.636+0000] {dag.py:4180} INFO - Setting next_dagrun for crawl_f1_data to 2024-01-01 00:00:00+00:00, run_after=2024-02-01 00:00:00+00:00
[2025-03-27T10:08:24.681+0000] {processor.py:208} INFO - Processing /opt/airflow/dags/crawl_f1_data.py took 0.212 seconds
[2025-03-27T10:08:54.812+0000] {processor.py:186} INFO - Started process (PID=545) to work on /opt/airflow/dags/crawl_f1_data.py
[2025-03-27T10:08:54.813+0000] {processor.py:914} INFO - Processing file /opt/airflow/dags/crawl_f1_data.py for tasks to queue
[2025-03-27T10:08:54.816+0000] {logging_mixin.py:190} INFO - [2025-03-27T10:08:54.815+0000] {dagbag.py:588} INFO - Filling up the DagBag from /opt/airflow/dags/crawl_f1_data.py
[2025-03-27T10:08:54.840+0000] {processor.py:925} INFO - DAG(s) 'crawl_f1_data' retrieved from /opt/airflow/dags/crawl_f1_data.py
[2025-03-27T10:08:54.904+0000] {logging_mixin.py:190} INFO - [2025-03-27T10:08:54.904+0000] {dag.py:3239} INFO - Sync 1 DAGs
[2025-03-27T10:08:54.940+0000] {logging_mixin.py:190} INFO - [2025-03-27T10:08:54.940+0000] {dag.py:4180} INFO - Setting next_dagrun for crawl_f1_data to 2024-01-01 00:00:00+00:00, run_after=2024-02-01 00:00:00+00:00
[2025-03-27T10:08:54.962+0000] {processor.py:208} INFO - Processing /opt/airflow/dags/crawl_f1_data.py took 0.160 seconds
[2025-03-27T10:09:25.189+0000] {processor.py:186} INFO - Started process (PID=550) to work on /opt/airflow/dags/crawl_f1_data.py
[2025-03-27T10:09:25.190+0000] {processor.py:914} INFO - Processing file /opt/airflow/dags/crawl_f1_data.py for tasks to queue
[2025-03-27T10:09:25.193+0000] {logging_mixin.py:190} INFO - [2025-03-27T10:09:25.193+0000] {dagbag.py:588} INFO - Filling up the DagBag from /opt/airflow/dags/crawl_f1_data.py
[2025-03-27T10:09:25.225+0000] {processor.py:925} INFO - DAG(s) 'crawl_f1_data' retrieved from /opt/airflow/dags/crawl_f1_data.py
[2025-03-27T10:09:25.273+0000] {logging_mixin.py:190} INFO - [2025-03-27T10:09:25.272+0000] {dag.py:3239} INFO - Sync 1 DAGs
[2025-03-27T10:09:25.304+0000] {logging_mixin.py:190} INFO - [2025-03-27T10:09:25.304+0000] {dag.py:4180} INFO - Setting next_dagrun for crawl_f1_data to 2024-01-01 00:00:00+00:00, run_after=2024-02-01 00:00:00+00:00
[2025-03-27T10:09:25.338+0000] {processor.py:208} INFO - Processing /opt/airflow/dags/crawl_f1_data.py took 0.155 seconds
[2025-03-27T10:09:55.427+0000] {processor.py:186} INFO - Started process (PID=555) to work on /opt/airflow/dags/crawl_f1_data.py
[2025-03-27T10:09:55.428+0000] {processor.py:914} INFO - Processing file /opt/airflow/dags/crawl_f1_data.py for tasks to queue
[2025-03-27T10:09:55.432+0000] {logging_mixin.py:190} INFO - [2025-03-27T10:09:55.431+0000] {dagbag.py:588} INFO - Filling up the DagBag from /opt/airflow/dags/crawl_f1_data.py
[2025-03-27T10:09:55.454+0000] {processor.py:925} INFO - DAG(s) 'crawl_f1_data' retrieved from /opt/airflow/dags/crawl_f1_data.py
[2025-03-27T10:09:55.483+0000] {logging_mixin.py:190} INFO - [2025-03-27T10:09:55.483+0000] {dag.py:3239} INFO - Sync 1 DAGs
[2025-03-27T10:09:55.511+0000] {logging_mixin.py:190} INFO - [2025-03-27T10:09:55.511+0000] {dag.py:4180} INFO - Setting next_dagrun for crawl_f1_data to 2024-01-01 00:00:00+00:00, run_after=2024-02-01 00:00:00+00:00
[2025-03-27T10:09:55.534+0000] {processor.py:208} INFO - Processing /opt/airflow/dags/crawl_f1_data.py took 0.114 seconds
[2025-03-27T10:10:25.807+0000] {processor.py:186} INFO - Started process (PID=560) to work on /opt/airflow/dags/crawl_f1_data.py
[2025-03-27T10:10:25.808+0000] {processor.py:914} INFO - Processing file /opt/airflow/dags/crawl_f1_data.py for tasks to queue
[2025-03-27T10:10:25.811+0000] {logging_mixin.py:190} INFO - [2025-03-27T10:10:25.810+0000] {dagbag.py:588} INFO - Filling up the DagBag from /opt/airflow/dags/crawl_f1_data.py
[2025-03-27T10:10:25.836+0000] {processor.py:925} INFO - DAG(s) 'crawl_f1_data' retrieved from /opt/airflow/dags/crawl_f1_data.py
[2025-03-27T10:10:25.868+0000] {logging_mixin.py:190} INFO - [2025-03-27T10:10:25.868+0000] {dag.py:3239} INFO - Sync 1 DAGs
[2025-03-27T10:10:25.899+0000] {logging_mixin.py:190} INFO - [2025-03-27T10:10:25.898+0000] {dag.py:4180} INFO - Setting next_dagrun for crawl_f1_data to 2024-01-01 00:00:00+00:00, run_after=2024-02-01 00:00:00+00:00
[2025-03-27T10:10:25.927+0000] {processor.py:208} INFO - Processing /opt/airflow/dags/crawl_f1_data.py took 0.127 seconds
[2025-03-27T10:10:56.048+0000] {processor.py:186} INFO - Started process (PID=565) to work on /opt/airflow/dags/crawl_f1_data.py
[2025-03-27T10:10:56.049+0000] {processor.py:914} INFO - Processing file /opt/airflow/dags/crawl_f1_data.py for tasks to queue
[2025-03-27T10:10:56.052+0000] {logging_mixin.py:190} INFO - [2025-03-27T10:10:56.052+0000] {dagbag.py:588} INFO - Filling up the DagBag from /opt/airflow/dags/crawl_f1_data.py
[2025-03-27T10:10:56.076+0000] {processor.py:925} INFO - DAG(s) 'crawl_f1_data' retrieved from /opt/airflow/dags/crawl_f1_data.py
[2025-03-27T10:10:56.110+0000] {logging_mixin.py:190} INFO - [2025-03-27T10:10:56.110+0000] {dag.py:3239} INFO - Sync 1 DAGs
[2025-03-27T10:10:56.139+0000] {logging_mixin.py:190} INFO - [2025-03-27T10:10:56.138+0000] {dag.py:4180} INFO - Setting next_dagrun for crawl_f1_data to 2024-01-01 00:00:00+00:00, run_after=2024-02-01 00:00:00+00:00
[2025-03-27T10:10:56.173+0000] {processor.py:208} INFO - Processing /opt/airflow/dags/crawl_f1_data.py took 0.131 seconds
[2025-03-27T10:11:26.473+0000] {processor.py:186} INFO - Started process (PID=570) to work on /opt/airflow/dags/crawl_f1_data.py
[2025-03-27T10:11:26.474+0000] {processor.py:914} INFO - Processing file /opt/airflow/dags/crawl_f1_data.py for tasks to queue
[2025-03-27T10:11:26.477+0000] {logging_mixin.py:190} INFO - [2025-03-27T10:11:26.477+0000] {dagbag.py:588} INFO - Filling up the DagBag from /opt/airflow/dags/crawl_f1_data.py
[2025-03-27T10:11:26.503+0000] {processor.py:925} INFO - DAG(s) 'crawl_f1_data' retrieved from /opt/airflow/dags/crawl_f1_data.py
[2025-03-27T10:11:26.541+0000] {logging_mixin.py:190} INFO - [2025-03-27T10:11:26.541+0000] {dag.py:3239} INFO - Sync 1 DAGs
[2025-03-27T10:11:26.569+0000] {logging_mixin.py:190} INFO - [2025-03-27T10:11:26.569+0000] {dag.py:4180} INFO - Setting next_dagrun for crawl_f1_data to 2024-01-01 00:00:00+00:00, run_after=2024-02-01 00:00:00+00:00
[2025-03-27T10:11:26.594+0000] {processor.py:208} INFO - Processing /opt/airflow/dags/crawl_f1_data.py took 0.129 seconds
[2025-03-27T10:11:56.710+0000] {processor.py:186} INFO - Started process (PID=575) to work on /opt/airflow/dags/crawl_f1_data.py
[2025-03-27T10:11:56.711+0000] {processor.py:914} INFO - Processing file /opt/airflow/dags/crawl_f1_data.py for tasks to queue
[2025-03-27T10:11:56.713+0000] {logging_mixin.py:190} INFO - [2025-03-27T10:11:56.713+0000] {dagbag.py:588} INFO - Filling up the DagBag from /opt/airflow/dags/crawl_f1_data.py
[2025-03-27T10:11:56.737+0000] {processor.py:925} INFO - DAG(s) 'crawl_f1_data' retrieved from /opt/airflow/dags/crawl_f1_data.py
[2025-03-27T10:11:56.766+0000] {logging_mixin.py:190} INFO - [2025-03-27T10:11:56.766+0000] {dag.py:3239} INFO - Sync 1 DAGs
[2025-03-27T10:11:56.794+0000] {logging_mixin.py:190} INFO - [2025-03-27T10:11:56.794+0000] {dag.py:4180} INFO - Setting next_dagrun for crawl_f1_data to 2024-01-01 00:00:00+00:00, run_after=2024-02-01 00:00:00+00:00
[2025-03-27T10:11:56.820+0000] {processor.py:208} INFO - Processing /opt/airflow/dags/crawl_f1_data.py took 0.116 seconds
[2025-03-27T10:12:27.071+0000] {processor.py:186} INFO - Started process (PID=580) to work on /opt/airflow/dags/crawl_f1_data.py
[2025-03-27T10:12:27.072+0000] {processor.py:914} INFO - Processing file /opt/airflow/dags/crawl_f1_data.py for tasks to queue
[2025-03-27T10:12:27.075+0000] {logging_mixin.py:190} INFO - [2025-03-27T10:12:27.074+0000] {dagbag.py:588} INFO - Filling up the DagBag from /opt/airflow/dags/crawl_f1_data.py
[2025-03-27T10:12:27.112+0000] {processor.py:925} INFO - DAG(s) 'crawl_f1_data' retrieved from /opt/airflow/dags/crawl_f1_data.py
[2025-03-27T10:12:27.151+0000] {logging_mixin.py:190} INFO - [2025-03-27T10:12:27.150+0000] {dag.py:3239} INFO - Sync 1 DAGs
[2025-03-27T10:12:27.190+0000] {logging_mixin.py:190} INFO - [2025-03-27T10:12:27.190+0000] {dag.py:4180} INFO - Setting next_dagrun for crawl_f1_data to 2024-01-01 00:00:00+00:00, run_after=2024-02-01 00:00:00+00:00
[2025-03-27T10:12:27.229+0000] {processor.py:208} INFO - Processing /opt/airflow/dags/crawl_f1_data.py took 0.166 seconds
[2025-03-27T10:12:57.316+0000] {processor.py:186} INFO - Started process (PID=585) to work on /opt/airflow/dags/crawl_f1_data.py
[2025-03-27T10:12:57.318+0000] {processor.py:914} INFO - Processing file /opt/airflow/dags/crawl_f1_data.py for tasks to queue
[2025-03-27T10:12:57.320+0000] {logging_mixin.py:190} INFO - [2025-03-27T10:12:57.320+0000] {dagbag.py:588} INFO - Filling up the DagBag from /opt/airflow/dags/crawl_f1_data.py
[2025-03-27T10:12:57.345+0000] {processor.py:925} INFO - DAG(s) 'crawl_f1_data' retrieved from /opt/airflow/dags/crawl_f1_data.py
[2025-03-27T10:12:57.377+0000] {logging_mixin.py:190} INFO - [2025-03-27T10:12:57.377+0000] {dag.py:3239} INFO - Sync 1 DAGs
[2025-03-27T10:12:57.405+0000] {logging_mixin.py:190} INFO - [2025-03-27T10:12:57.405+0000] {dag.py:4180} INFO - Setting next_dagrun for crawl_f1_data to 2024-01-01 00:00:00+00:00, run_after=2024-02-01 00:00:00+00:00
[2025-03-27T10:12:57.428+0000] {processor.py:208} INFO - Processing /opt/airflow/dags/crawl_f1_data.py took 0.118 seconds
[2025-03-27T10:13:27.553+0000] {processor.py:186} INFO - Started process (PID=590) to work on /opt/airflow/dags/crawl_f1_data.py
[2025-03-27T10:13:27.554+0000] {processor.py:914} INFO - Processing file /opt/airflow/dags/crawl_f1_data.py for tasks to queue
[2025-03-27T10:13:27.557+0000] {logging_mixin.py:190} INFO - [2025-03-27T10:13:27.557+0000] {dagbag.py:588} INFO - Filling up the DagBag from /opt/airflow/dags/crawl_f1_data.py
[2025-03-27T10:13:27.585+0000] {processor.py:925} INFO - DAG(s) 'crawl_f1_data' retrieved from /opt/airflow/dags/crawl_f1_data.py
[2025-03-27T10:13:27.619+0000] {logging_mixin.py:190} INFO - [2025-03-27T10:13:27.619+0000] {dag.py:3239} INFO - Sync 1 DAGs
[2025-03-27T10:13:27.649+0000] {logging_mixin.py:190} INFO - [2025-03-27T10:13:27.649+0000] {dag.py:4180} INFO - Setting next_dagrun for crawl_f1_data to 2024-01-01 00:00:00+00:00, run_after=2024-02-01 00:00:00+00:00
[2025-03-27T10:13:27.673+0000] {processor.py:208} INFO - Processing /opt/airflow/dags/crawl_f1_data.py took 0.136 seconds
[2025-03-27T10:13:57.889+0000] {processor.py:186} INFO - Started process (PID=595) to work on /opt/airflow/dags/crawl_f1_data.py
[2025-03-27T10:13:57.890+0000] {processor.py:914} INFO - Processing file /opt/airflow/dags/crawl_f1_data.py for tasks to queue
[2025-03-27T10:13:57.893+0000] {logging_mixin.py:190} INFO - [2025-03-27T10:13:57.893+0000] {dagbag.py:588} INFO - Filling up the DagBag from /opt/airflow/dags/crawl_f1_data.py
[2025-03-27T10:13:57.919+0000] {processor.py:925} INFO - DAG(s) 'crawl_f1_data' retrieved from /opt/airflow/dags/crawl_f1_data.py
[2025-03-27T10:13:57.965+0000] {logging_mixin.py:190} INFO - [2025-03-27T10:13:57.964+0000] {dag.py:3239} INFO - Sync 1 DAGs
[2025-03-27T10:13:57.993+0000] {logging_mixin.py:190} INFO - [2025-03-27T10:13:57.992+0000] {dag.py:4180} INFO - Setting next_dagrun for crawl_f1_data to 2024-01-01 00:00:00+00:00, run_after=2024-02-01 00:00:00+00:00
[2025-03-27T10:13:58.028+0000] {processor.py:208} INFO - Processing /opt/airflow/dags/crawl_f1_data.py took 0.145 seconds
[2025-03-27T10:14:28.136+0000] {processor.py:186} INFO - Started process (PID=600) to work on /opt/airflow/dags/crawl_f1_data.py
[2025-03-27T10:14:28.138+0000] {processor.py:914} INFO - Processing file /opt/airflow/dags/crawl_f1_data.py for tasks to queue
[2025-03-27T10:14:28.142+0000] {logging_mixin.py:190} INFO - [2025-03-27T10:14:28.141+0000] {dagbag.py:588} INFO - Filling up the DagBag from /opt/airflow/dags/crawl_f1_data.py
[2025-03-27T10:14:28.169+0000] {processor.py:925} INFO - DAG(s) 'crawl_f1_data' retrieved from /opt/airflow/dags/crawl_f1_data.py
[2025-03-27T10:14:28.208+0000] {logging_mixin.py:190} INFO - [2025-03-27T10:14:28.207+0000] {dag.py:3239} INFO - Sync 1 DAGs
[2025-03-27T10:14:28.235+0000] {logging_mixin.py:190} INFO - [2025-03-27T10:14:28.234+0000] {dag.py:4180} INFO - Setting next_dagrun for crawl_f1_data to 2024-01-01 00:00:00+00:00, run_after=2024-02-01 00:00:00+00:00
[2025-03-27T10:14:28.262+0000] {processor.py:208} INFO - Processing /opt/airflow/dags/crawl_f1_data.py took 0.134 seconds
[2025-03-27T10:14:58.480+0000] {processor.py:186} INFO - Started process (PID=605) to work on /opt/airflow/dags/crawl_f1_data.py
[2025-03-27T10:14:58.481+0000] {processor.py:914} INFO - Processing file /opt/airflow/dags/crawl_f1_data.py for tasks to queue
[2025-03-27T10:14:58.483+0000] {logging_mixin.py:190} INFO - [2025-03-27T10:14:58.483+0000] {dagbag.py:588} INFO - Filling up the DagBag from /opt/airflow/dags/crawl_f1_data.py
[2025-03-27T10:14:58.509+0000] {processor.py:925} INFO - DAG(s) 'crawl_f1_data' retrieved from /opt/airflow/dags/crawl_f1_data.py
[2025-03-27T10:14:58.550+0000] {logging_mixin.py:190} INFO - [2025-03-27T10:14:58.549+0000] {dag.py:3239} INFO - Sync 1 DAGs
[2025-03-27T10:14:58.583+0000] {logging_mixin.py:190} INFO - [2025-03-27T10:14:58.583+0000] {dag.py:4180} INFO - Setting next_dagrun for crawl_f1_data to 2024-01-01 00:00:00+00:00, run_after=2024-02-01 00:00:00+00:00
[2025-03-27T10:14:58.616+0000] {processor.py:208} INFO - Processing /opt/airflow/dags/crawl_f1_data.py took 0.141 seconds
[2025-03-27T10:15:28.728+0000] {processor.py:186} INFO - Started process (PID=610) to work on /opt/airflow/dags/crawl_f1_data.py
[2025-03-27T10:15:28.730+0000] {processor.py:914} INFO - Processing file /opt/airflow/dags/crawl_f1_data.py for tasks to queue
[2025-03-27T10:15:28.732+0000] {logging_mixin.py:190} INFO - [2025-03-27T10:15:28.732+0000] {dagbag.py:588} INFO - Filling up the DagBag from /opt/airflow/dags/crawl_f1_data.py
[2025-03-27T10:15:28.755+0000] {processor.py:925} INFO - DAG(s) 'crawl_f1_data' retrieved from /opt/airflow/dags/crawl_f1_data.py
[2025-03-27T10:15:28.800+0000] {logging_mixin.py:190} INFO - [2025-03-27T10:15:28.799+0000] {dag.py:3239} INFO - Sync 1 DAGs
[2025-03-27T10:15:28.827+0000] {logging_mixin.py:190} INFO - [2025-03-27T10:15:28.826+0000] {dag.py:4180} INFO - Setting next_dagrun for crawl_f1_data to 2024-01-01 00:00:00+00:00, run_after=2024-02-01 00:00:00+00:00
[2025-03-27T10:15:28.857+0000] {processor.py:208} INFO - Processing /opt/airflow/dags/crawl_f1_data.py took 0.138 seconds
[2025-03-27T10:15:59.068+0000] {processor.py:186} INFO - Started process (PID=615) to work on /opt/airflow/dags/crawl_f1_data.py
[2025-03-27T10:15:59.070+0000] {processor.py:914} INFO - Processing file /opt/airflow/dags/crawl_f1_data.py for tasks to queue
[2025-03-27T10:15:59.072+0000] {logging_mixin.py:190} INFO - [2025-03-27T10:15:59.072+0000] {dagbag.py:588} INFO - Filling up the DagBag from /opt/airflow/dags/crawl_f1_data.py
[2025-03-27T10:15:59.096+0000] {processor.py:925} INFO - DAG(s) 'crawl_f1_data' retrieved from /opt/airflow/dags/crawl_f1_data.py
[2025-03-27T10:15:59.136+0000] {logging_mixin.py:190} INFO - [2025-03-27T10:15:59.136+0000] {dag.py:3239} INFO - Sync 1 DAGs
[2025-03-27T10:15:59.164+0000] {logging_mixin.py:190} INFO - [2025-03-27T10:15:59.163+0000] {dag.py:4180} INFO - Setting next_dagrun for crawl_f1_data to 2024-01-01 00:00:00+00:00, run_after=2024-02-01 00:00:00+00:00
[2025-03-27T10:15:59.195+0000] {processor.py:208} INFO - Processing /opt/airflow/dags/crawl_f1_data.py took 0.133 seconds
[2025-03-27T10:16:29.308+0000] {processor.py:186} INFO - Started process (PID=620) to work on /opt/airflow/dags/crawl_f1_data.py
[2025-03-27T10:16:29.309+0000] {processor.py:914} INFO - Processing file /opt/airflow/dags/crawl_f1_data.py for tasks to queue
[2025-03-27T10:16:29.312+0000] {logging_mixin.py:190} INFO - [2025-03-27T10:16:29.312+0000] {dagbag.py:588} INFO - Filling up the DagBag from /opt/airflow/dags/crawl_f1_data.py
[2025-03-27T10:16:29.338+0000] {processor.py:925} INFO - DAG(s) 'crawl_f1_data' retrieved from /opt/airflow/dags/crawl_f1_data.py
[2025-03-27T10:16:29.381+0000] {logging_mixin.py:190} INFO - [2025-03-27T10:16:29.380+0000] {dag.py:3239} INFO - Sync 1 DAGs
[2025-03-27T10:16:29.406+0000] {logging_mixin.py:190} INFO - [2025-03-27T10:16:29.406+0000] {dag.py:4180} INFO - Setting next_dagrun for crawl_f1_data to 2024-01-01 00:00:00+00:00, run_after=2024-02-01 00:00:00+00:00
[2025-03-27T10:16:29.431+0000] {processor.py:208} INFO - Processing /opt/airflow/dags/crawl_f1_data.py took 0.130 seconds
[2025-03-27T10:16:59.701+0000] {processor.py:186} INFO - Started process (PID=625) to work on /opt/airflow/dags/crawl_f1_data.py
[2025-03-27T10:16:59.702+0000] {processor.py:914} INFO - Processing file /opt/airflow/dags/crawl_f1_data.py for tasks to queue
[2025-03-27T10:16:59.705+0000] {logging_mixin.py:190} INFO - [2025-03-27T10:16:59.705+0000] {dagbag.py:588} INFO - Filling up the DagBag from /opt/airflow/dags/crawl_f1_data.py
[2025-03-27T10:16:59.728+0000] {processor.py:925} INFO - DAG(s) 'crawl_f1_data' retrieved from /opt/airflow/dags/crawl_f1_data.py
[2025-03-27T10:16:59.771+0000] {logging_mixin.py:190} INFO - [2025-03-27T10:16:59.770+0000] {dag.py:3239} INFO - Sync 1 DAGs
[2025-03-27T10:16:59.797+0000] {logging_mixin.py:190} INFO - [2025-03-27T10:16:59.797+0000] {dag.py:4180} INFO - Setting next_dagrun for crawl_f1_data to 2024-01-01 00:00:00+00:00, run_after=2024-02-01 00:00:00+00:00
[2025-03-27T10:16:59.821+0000] {processor.py:208} INFO - Processing /opt/airflow/dags/crawl_f1_data.py took 0.125 seconds
[2025-03-27T10:17:29.937+0000] {processor.py:186} INFO - Started process (PID=630) to work on /opt/airflow/dags/crawl_f1_data.py
[2025-03-27T10:17:29.938+0000] {processor.py:914} INFO - Processing file /opt/airflow/dags/crawl_f1_data.py for tasks to queue
[2025-03-27T10:17:29.942+0000] {logging_mixin.py:190} INFO - [2025-03-27T10:17:29.941+0000] {dagbag.py:588} INFO - Filling up the DagBag from /opt/airflow/dags/crawl_f1_data.py
[2025-03-27T10:17:29.969+0000] {processor.py:925} INFO - DAG(s) 'crawl_f1_data' retrieved from /opt/airflow/dags/crawl_f1_data.py
[2025-03-27T10:17:30.013+0000] {logging_mixin.py:190} INFO - [2025-03-27T10:17:30.013+0000] {dag.py:3239} INFO - Sync 1 DAGs
[2025-03-27T10:17:30.061+0000] {logging_mixin.py:190} INFO - [2025-03-27T10:17:30.061+0000] {dag.py:4180} INFO - Setting next_dagrun for crawl_f1_data to 2024-01-01 00:00:00+00:00, run_after=2024-02-01 00:00:00+00:00
[2025-03-27T10:17:30.087+0000] {processor.py:208} INFO - Processing /opt/airflow/dags/crawl_f1_data.py took 0.158 seconds
[2025-03-27T10:18:00.292+0000] {processor.py:186} INFO - Started process (PID=635) to work on /opt/airflow/dags/crawl_f1_data.py
[2025-03-27T10:18:00.293+0000] {processor.py:914} INFO - Processing file /opt/airflow/dags/crawl_f1_data.py for tasks to queue
[2025-03-27T10:18:00.298+0000] {logging_mixin.py:190} INFO - [2025-03-27T10:18:00.297+0000] {dagbag.py:588} INFO - Filling up the DagBag from /opt/airflow/dags/crawl_f1_data.py
[2025-03-27T10:18:00.325+0000] {processor.py:925} INFO - DAG(s) 'crawl_f1_data' retrieved from /opt/airflow/dags/crawl_f1_data.py
[2025-03-27T10:18:00.373+0000] {logging_mixin.py:190} INFO - [2025-03-27T10:18:00.372+0000] {dag.py:3239} INFO - Sync 1 DAGs
[2025-03-27T10:18:00.411+0000] {logging_mixin.py:190} INFO - [2025-03-27T10:18:00.410+0000] {dag.py:4180} INFO - Setting next_dagrun for crawl_f1_data to 2024-01-01 00:00:00+00:00, run_after=2024-02-01 00:00:00+00:00
[2025-03-27T10:18:00.453+0000] {processor.py:208} INFO - Processing /opt/airflow/dags/crawl_f1_data.py took 0.169 seconds
[2025-03-27T10:18:30.542+0000] {processor.py:186} INFO - Started process (PID=640) to work on /opt/airflow/dags/crawl_f1_data.py
[2025-03-27T10:18:30.543+0000] {processor.py:914} INFO - Processing file /opt/airflow/dags/crawl_f1_data.py for tasks to queue
[2025-03-27T10:18:30.546+0000] {logging_mixin.py:190} INFO - [2025-03-27T10:18:30.545+0000] {dagbag.py:588} INFO - Filling up the DagBag from /opt/airflow/dags/crawl_f1_data.py
[2025-03-27T10:18:30.569+0000] {processor.py:925} INFO - DAG(s) 'crawl_f1_data' retrieved from /opt/airflow/dags/crawl_f1_data.py
[2025-03-27T10:18:30.608+0000] {logging_mixin.py:190} INFO - [2025-03-27T10:18:30.608+0000] {dag.py:3239} INFO - Sync 1 DAGs
[2025-03-27T10:18:30.636+0000] {logging_mixin.py:190} INFO - [2025-03-27T10:18:30.636+0000] {dag.py:4180} INFO - Setting next_dagrun for crawl_f1_data to 2024-01-01 00:00:00+00:00, run_after=2024-02-01 00:00:00+00:00
[2025-03-27T10:18:30.667+0000] {processor.py:208} INFO - Processing /opt/airflow/dags/crawl_f1_data.py took 0.130 seconds
[2025-03-27T10:19:00.923+0000] {processor.py:186} INFO - Started process (PID=645) to work on /opt/airflow/dags/crawl_f1_data.py
[2025-03-27T10:19:00.924+0000] {processor.py:914} INFO - Processing file /opt/airflow/dags/crawl_f1_data.py for tasks to queue
[2025-03-27T10:19:00.927+0000] {logging_mixin.py:190} INFO - [2025-03-27T10:19:00.926+0000] {dagbag.py:588} INFO - Filling up the DagBag from /opt/airflow/dags/crawl_f1_data.py
[2025-03-27T10:19:00.961+0000] {processor.py:925} INFO - DAG(s) 'crawl_f1_data' retrieved from /opt/airflow/dags/crawl_f1_data.py
[2025-03-27T10:19:01.013+0000] {logging_mixin.py:190} INFO - [2025-03-27T10:19:01.013+0000] {dag.py:3239} INFO - Sync 1 DAGs
[2025-03-27T10:19:01.046+0000] {logging_mixin.py:190} INFO - [2025-03-27T10:19:01.045+0000] {dag.py:4180} INFO - Setting next_dagrun for crawl_f1_data to 2024-01-01 00:00:00+00:00, run_after=2024-02-01 00:00:00+00:00
[2025-03-27T10:19:01.075+0000] {processor.py:208} INFO - Processing /opt/airflow/dags/crawl_f1_data.py took 0.161 seconds
[2025-03-27T10:19:31.157+0000] {processor.py:186} INFO - Started process (PID=650) to work on /opt/airflow/dags/crawl_f1_data.py
[2025-03-27T10:19:31.158+0000] {processor.py:914} INFO - Processing file /opt/airflow/dags/crawl_f1_data.py for tasks to queue
[2025-03-27T10:19:31.161+0000] {logging_mixin.py:190} INFO - [2025-03-27T10:19:31.160+0000] {dagbag.py:588} INFO - Filling up the DagBag from /opt/airflow/dags/crawl_f1_data.py
[2025-03-27T10:19:31.192+0000] {processor.py:925} INFO - DAG(s) 'crawl_f1_data' retrieved from /opt/airflow/dags/crawl_f1_data.py
[2025-03-27T10:19:31.234+0000] {logging_mixin.py:190} INFO - [2025-03-27T10:19:31.234+0000] {dag.py:3239} INFO - Sync 1 DAGs
[2025-03-27T10:19:31.263+0000] {logging_mixin.py:190} INFO - [2025-03-27T10:19:31.262+0000] {dag.py:4180} INFO - Setting next_dagrun for crawl_f1_data to 2024-01-01 00:00:00+00:00, run_after=2024-02-01 00:00:00+00:00
[2025-03-27T10:19:31.286+0000] {processor.py:208} INFO - Processing /opt/airflow/dags/crawl_f1_data.py took 0.136 seconds
[2025-03-27T10:20:01.382+0000] {processor.py:186} INFO - Started process (PID=655) to work on /opt/airflow/dags/crawl_f1_data.py
[2025-03-27T10:20:01.383+0000] {processor.py:914} INFO - Processing file /opt/airflow/dags/crawl_f1_data.py for tasks to queue
[2025-03-27T10:20:01.385+0000] {logging_mixin.py:190} INFO - [2025-03-27T10:20:01.385+0000] {dagbag.py:588} INFO - Filling up the DagBag from /opt/airflow/dags/crawl_f1_data.py
[2025-03-27T10:20:01.407+0000] {processor.py:925} INFO - DAG(s) 'crawl_f1_data' retrieved from /opt/airflow/dags/crawl_f1_data.py
[2025-03-27T10:20:01.446+0000] {logging_mixin.py:190} INFO - [2025-03-27T10:20:01.446+0000] {dag.py:3239} INFO - Sync 1 DAGs
[2025-03-27T10:20:01.475+0000] {logging_mixin.py:190} INFO - [2025-03-27T10:20:01.475+0000] {dag.py:4180} INFO - Setting next_dagrun for crawl_f1_data to 2024-01-01 00:00:00+00:00, run_after=2024-02-01 00:00:00+00:00
[2025-03-27T10:20:01.498+0000] {processor.py:208} INFO - Processing /opt/airflow/dags/crawl_f1_data.py took 0.123 seconds
[2025-03-27T10:20:31.760+0000] {processor.py:186} INFO - Started process (PID=660) to work on /opt/airflow/dags/crawl_f1_data.py
[2025-03-27T10:20:31.761+0000] {processor.py:914} INFO - Processing file /opt/airflow/dags/crawl_f1_data.py for tasks to queue
[2025-03-27T10:20:31.763+0000] {logging_mixin.py:190} INFO - [2025-03-27T10:20:31.763+0000] {dagbag.py:588} INFO - Filling up the DagBag from /opt/airflow/dags/crawl_f1_data.py
[2025-03-27T10:20:31.786+0000] {processor.py:925} INFO - DAG(s) 'crawl_f1_data' retrieved from /opt/airflow/dags/crawl_f1_data.py
[2025-03-27T10:20:31.827+0000] {logging_mixin.py:190} INFO - [2025-03-27T10:20:31.827+0000] {dag.py:3239} INFO - Sync 1 DAGs
[2025-03-27T10:20:31.856+0000] {logging_mixin.py:190} INFO - [2025-03-27T10:20:31.856+0000] {dag.py:4180} INFO - Setting next_dagrun for crawl_f1_data to 2024-01-01 00:00:00+00:00, run_after=2024-02-01 00:00:00+00:00
[2025-03-27T10:20:31.880+0000] {processor.py:208} INFO - Processing /opt/airflow/dags/crawl_f1_data.py took 0.126 seconds
[2025-03-27T10:21:02.014+0000] {processor.py:186} INFO - Started process (PID=665) to work on /opt/airflow/dags/crawl_f1_data.py
[2025-03-27T10:21:02.015+0000] {processor.py:914} INFO - Processing file /opt/airflow/dags/crawl_f1_data.py for tasks to queue
[2025-03-27T10:21:02.017+0000] {logging_mixin.py:190} INFO - [2025-03-27T10:21:02.017+0000] {dagbag.py:588} INFO - Filling up the DagBag from /opt/airflow/dags/crawl_f1_data.py
[2025-03-27T10:21:02.042+0000] {processor.py:925} INFO - DAG(s) 'crawl_f1_data' retrieved from /opt/airflow/dags/crawl_f1_data.py
[2025-03-27T10:21:02.084+0000] {logging_mixin.py:190} INFO - [2025-03-27T10:21:02.084+0000] {dag.py:3239} INFO - Sync 1 DAGs
[2025-03-27T10:21:02.115+0000] {logging_mixin.py:190} INFO - [2025-03-27T10:21:02.114+0000] {dag.py:4180} INFO - Setting next_dagrun for crawl_f1_data to 2024-01-01 00:00:00+00:00, run_after=2024-02-01 00:00:00+00:00
[2025-03-27T10:21:02.149+0000] {processor.py:208} INFO - Processing /opt/airflow/dags/crawl_f1_data.py took 0.141 seconds
[2025-03-27T10:21:32.375+0000] {processor.py:186} INFO - Started process (PID=670) to work on /opt/airflow/dags/crawl_f1_data.py
[2025-03-27T10:21:32.376+0000] {processor.py:914} INFO - Processing file /opt/airflow/dags/crawl_f1_data.py for tasks to queue
[2025-03-27T10:21:32.378+0000] {logging_mixin.py:190} INFO - [2025-03-27T10:21:32.378+0000] {dagbag.py:588} INFO - Filling up the DagBag from /opt/airflow/dags/crawl_f1_data.py
[2025-03-27T10:21:32.401+0000] {processor.py:925} INFO - DAG(s) 'crawl_f1_data' retrieved from /opt/airflow/dags/crawl_f1_data.py
[2025-03-27T10:21:32.454+0000] {logging_mixin.py:190} INFO - [2025-03-27T10:21:32.454+0000] {dag.py:3239} INFO - Sync 1 DAGs
[2025-03-27T10:21:32.493+0000] {logging_mixin.py:190} INFO - [2025-03-27T10:21:32.492+0000] {dag.py:4180} INFO - Setting next_dagrun for crawl_f1_data to 2024-01-01 00:00:00+00:00, run_after=2024-02-01 00:00:00+00:00
[2025-03-27T10:21:32.519+0000] {processor.py:208} INFO - Processing /opt/airflow/dags/crawl_f1_data.py took 0.150 seconds
[2025-03-27T10:22:02.625+0000] {processor.py:186} INFO - Started process (PID=675) to work on /opt/airflow/dags/crawl_f1_data.py
[2025-03-27T10:22:02.627+0000] {processor.py:914} INFO - Processing file /opt/airflow/dags/crawl_f1_data.py for tasks to queue
[2025-03-27T10:22:02.630+0000] {logging_mixin.py:190} INFO - [2025-03-27T10:22:02.629+0000] {dagbag.py:588} INFO - Filling up the DagBag from /opt/airflow/dags/crawl_f1_data.py
[2025-03-27T10:22:02.664+0000] {processor.py:925} INFO - DAG(s) 'crawl_f1_data' retrieved from /opt/airflow/dags/crawl_f1_data.py
[2025-03-27T10:22:02.716+0000] {logging_mixin.py:190} INFO - [2025-03-27T10:22:02.715+0000] {dag.py:3239} INFO - Sync 1 DAGs
[2025-03-27T10:22:02.753+0000] {logging_mixin.py:190} INFO - [2025-03-27T10:22:02.752+0000] {dag.py:4180} INFO - Setting next_dagrun for crawl_f1_data to 2024-01-01 00:00:00+00:00, run_after=2024-02-01 00:00:00+00:00
[2025-03-27T10:22:02.781+0000] {processor.py:208} INFO - Processing /opt/airflow/dags/crawl_f1_data.py took 0.164 seconds
[2025-03-27T10:22:33.046+0000] {processor.py:186} INFO - Started process (PID=680) to work on /opt/airflow/dags/crawl_f1_data.py
[2025-03-27T10:22:33.047+0000] {processor.py:914} INFO - Processing file /opt/airflow/dags/crawl_f1_data.py for tasks to queue
[2025-03-27T10:22:33.051+0000] {logging_mixin.py:190} INFO - [2025-03-27T10:22:33.051+0000] {dagbag.py:588} INFO - Filling up the DagBag from /opt/airflow/dags/crawl_f1_data.py
[2025-03-27T10:22:33.078+0000] {processor.py:925} INFO - DAG(s) 'crawl_f1_data' retrieved from /opt/airflow/dags/crawl_f1_data.py
[2025-03-27T10:22:33.124+0000] {logging_mixin.py:190} INFO - [2025-03-27T10:22:33.124+0000] {dag.py:3239} INFO - Sync 1 DAGs
[2025-03-27T10:22:33.151+0000] {logging_mixin.py:190} INFO - [2025-03-27T10:22:33.150+0000] {dag.py:4180} INFO - Setting next_dagrun for crawl_f1_data to 2024-01-01 00:00:00+00:00, run_after=2024-02-01 00:00:00+00:00
[2025-03-27T10:22:33.175+0000] {processor.py:208} INFO - Processing /opt/airflow/dags/crawl_f1_data.py took 0.134 seconds
[2025-03-27T10:23:03.295+0000] {processor.py:186} INFO - Started process (PID=685) to work on /opt/airflow/dags/crawl_f1_data.py
[2025-03-27T10:23:03.296+0000] {processor.py:914} INFO - Processing file /opt/airflow/dags/crawl_f1_data.py for tasks to queue
[2025-03-27T10:23:03.298+0000] {logging_mixin.py:190} INFO - [2025-03-27T10:23:03.298+0000] {dagbag.py:588} INFO - Filling up the DagBag from /opt/airflow/dags/crawl_f1_data.py
[2025-03-27T10:23:03.328+0000] {processor.py:925} INFO - DAG(s) 'crawl_f1_data' retrieved from /opt/airflow/dags/crawl_f1_data.py
[2025-03-27T10:23:03.375+0000] {logging_mixin.py:190} INFO - [2025-03-27T10:23:03.374+0000] {dag.py:3239} INFO - Sync 1 DAGs
[2025-03-27T10:23:03.404+0000] {logging_mixin.py:190} INFO - [2025-03-27T10:23:03.404+0000] {dag.py:4180} INFO - Setting next_dagrun for crawl_f1_data to 2024-01-01 00:00:00+00:00, run_after=2024-02-01 00:00:00+00:00
[2025-03-27T10:23:03.429+0000] {processor.py:208} INFO - Processing /opt/airflow/dags/crawl_f1_data.py took 0.151 seconds
[2025-03-27T10:23:33.648+0000] {processor.py:186} INFO - Started process (PID=690) to work on /opt/airflow/dags/crawl_f1_data.py
[2025-03-27T10:23:33.649+0000] {processor.py:914} INFO - Processing file /opt/airflow/dags/crawl_f1_data.py for tasks to queue
[2025-03-27T10:23:33.652+0000] {logging_mixin.py:190} INFO - [2025-03-27T10:23:33.651+0000] {dagbag.py:588} INFO - Filling up the DagBag from /opt/airflow/dags/crawl_f1_data.py
[2025-03-27T10:23:33.691+0000] {processor.py:925} INFO - DAG(s) 'crawl_f1_data' retrieved from /opt/airflow/dags/crawl_f1_data.py
[2025-03-27T10:23:33.745+0000] {logging_mixin.py:190} INFO - [2025-03-27T10:23:33.744+0000] {dag.py:3239} INFO - Sync 1 DAGs
[2025-03-27T10:23:33.778+0000] {logging_mixin.py:190} INFO - [2025-03-27T10:23:33.778+0000] {dag.py:4180} INFO - Setting next_dagrun for crawl_f1_data to 2024-01-01 00:00:00+00:00, run_after=2024-02-01 00:00:00+00:00
[2025-03-27T10:23:33.809+0000] {processor.py:208} INFO - Processing /opt/airflow/dags/crawl_f1_data.py took 0.168 seconds
[2025-03-27T10:24:03.915+0000] {processor.py:186} INFO - Started process (PID=695) to work on /opt/airflow/dags/crawl_f1_data.py
[2025-03-27T10:24:03.917+0000] {processor.py:914} INFO - Processing file /opt/airflow/dags/crawl_f1_data.py for tasks to queue
[2025-03-27T10:24:03.920+0000] {logging_mixin.py:190} INFO - [2025-03-27T10:24:03.919+0000] {dagbag.py:588} INFO - Filling up the DagBag from /opt/airflow/dags/crawl_f1_data.py
[2025-03-27T10:24:03.949+0000] {processor.py:925} INFO - DAG(s) 'crawl_f1_data' retrieved from /opt/airflow/dags/crawl_f1_data.py
[2025-03-27T10:24:04.003+0000] {logging_mixin.py:190} INFO - [2025-03-27T10:24:04.002+0000] {dag.py:3239} INFO - Sync 1 DAGs
[2025-03-27T10:24:04.042+0000] {logging_mixin.py:190} INFO - [2025-03-27T10:24:04.041+0000] {dag.py:4180} INFO - Setting next_dagrun for crawl_f1_data to 2024-01-01 00:00:00+00:00, run_after=2024-02-01 00:00:00+00:00
[2025-03-27T10:24:04.070+0000] {processor.py:208} INFO - Processing /opt/airflow/dags/crawl_f1_data.py took 0.162 seconds
[2025-03-27T10:24:34.312+0000] {processor.py:186} INFO - Started process (PID=700) to work on /opt/airflow/dags/crawl_f1_data.py
[2025-03-27T10:24:34.313+0000] {processor.py:914} INFO - Processing file /opt/airflow/dags/crawl_f1_data.py for tasks to queue
[2025-03-27T10:24:34.315+0000] {logging_mixin.py:190} INFO - [2025-03-27T10:24:34.315+0000] {dagbag.py:588} INFO - Filling up the DagBag from /opt/airflow/dags/crawl_f1_data.py
[2025-03-27T10:24:34.347+0000] {processor.py:925} INFO - DAG(s) 'crawl_f1_data' retrieved from /opt/airflow/dags/crawl_f1_data.py
[2025-03-27T10:24:34.396+0000] {logging_mixin.py:190} INFO - [2025-03-27T10:24:34.396+0000] {dag.py:3239} INFO - Sync 1 DAGs
[2025-03-27T10:24:34.426+0000] {logging_mixin.py:190} INFO - [2025-03-27T10:24:34.426+0000] {dag.py:4180} INFO - Setting next_dagrun for crawl_f1_data to 2024-01-01 00:00:00+00:00, run_after=2024-02-01 00:00:00+00:00
[2025-03-27T10:24:34.450+0000] {processor.py:208} INFO - Processing /opt/airflow/dags/crawl_f1_data.py took 0.147 seconds
[2025-03-27T10:25:04.560+0000] {processor.py:186} INFO - Started process (PID=705) to work on /opt/airflow/dags/crawl_f1_data.py
[2025-03-27T10:25:04.561+0000] {processor.py:914} INFO - Processing file /opt/airflow/dags/crawl_f1_data.py for tasks to queue
[2025-03-27T10:25:04.564+0000] {logging_mixin.py:190} INFO - [2025-03-27T10:25:04.564+0000] {dagbag.py:588} INFO - Filling up the DagBag from /opt/airflow/dags/crawl_f1_data.py
[2025-03-27T10:25:04.592+0000] {processor.py:925} INFO - DAG(s) 'crawl_f1_data' retrieved from /opt/airflow/dags/crawl_f1_data.py
[2025-03-27T10:25:04.635+0000] {logging_mixin.py:190} INFO - [2025-03-27T10:25:04.634+0000] {dag.py:3239} INFO - Sync 1 DAGs
[2025-03-27T10:25:04.663+0000] {logging_mixin.py:190} INFO - [2025-03-27T10:25:04.663+0000] {dag.py:4180} INFO - Setting next_dagrun for crawl_f1_data to 2024-01-01 00:00:00+00:00, run_after=2024-02-01 00:00:00+00:00
[2025-03-27T10:25:04.689+0000] {processor.py:208} INFO - Processing /opt/airflow/dags/crawl_f1_data.py took 0.135 seconds
[2025-03-27T10:25:34.923+0000] {processor.py:186} INFO - Started process (PID=710) to work on /opt/airflow/dags/crawl_f1_data.py
[2025-03-27T10:25:34.924+0000] {processor.py:914} INFO - Processing file /opt/airflow/dags/crawl_f1_data.py for tasks to queue
[2025-03-27T10:25:34.927+0000] {logging_mixin.py:190} INFO - [2025-03-27T10:25:34.926+0000] {dagbag.py:588} INFO - Filling up the DagBag from /opt/airflow/dags/crawl_f1_data.py
[2025-03-27T10:25:34.968+0000] {processor.py:925} INFO - DAG(s) 'crawl_f1_data' retrieved from /opt/airflow/dags/crawl_f1_data.py
[2025-03-27T10:25:35.006+0000] {logging_mixin.py:190} INFO - [2025-03-27T10:25:35.006+0000] {dag.py:3239} INFO - Sync 1 DAGs
[2025-03-27T10:25:35.039+0000] {logging_mixin.py:190} INFO - [2025-03-27T10:25:35.039+0000] {dag.py:4180} INFO - Setting next_dagrun for crawl_f1_data to 2024-01-01 00:00:00+00:00, run_after=2024-02-01 00:00:00+00:00
[2025-03-27T10:25:35.069+0000] {processor.py:208} INFO - Processing /opt/airflow/dags/crawl_f1_data.py took 0.155 seconds
[2025-03-27T10:26:05.176+0000] {processor.py:186} INFO - Started process (PID=715) to work on /opt/airflow/dags/crawl_f1_data.py
[2025-03-27T10:26:05.179+0000] {processor.py:914} INFO - Processing file /opt/airflow/dags/crawl_f1_data.py for tasks to queue
[2025-03-27T10:26:05.184+0000] {logging_mixin.py:190} INFO - [2025-03-27T10:26:05.183+0000] {dagbag.py:588} INFO - Filling up the DagBag from /opt/airflow/dags/crawl_f1_data.py
[2025-03-27T10:26:05.227+0000] {processor.py:925} INFO - DAG(s) 'crawl_f1_data' retrieved from /opt/airflow/dags/crawl_f1_data.py
[2025-03-27T10:26:05.269+0000] {logging_mixin.py:190} INFO - [2025-03-27T10:26:05.269+0000] {dag.py:3239} INFO - Sync 1 DAGs
[2025-03-27T10:26:05.307+0000] {logging_mixin.py:190} INFO - [2025-03-27T10:26:05.307+0000] {dag.py:4180} INFO - Setting next_dagrun for crawl_f1_data to 2024-01-01 00:00:00+00:00, run_after=2024-02-01 00:00:00+00:00
[2025-03-27T10:26:05.340+0000] {processor.py:208} INFO - Processing /opt/airflow/dags/crawl_f1_data.py took 0.174 seconds
[2025-03-27T10:26:35.621+0000] {processor.py:186} INFO - Started process (PID=720) to work on /opt/airflow/dags/crawl_f1_data.py
[2025-03-27T10:26:35.623+0000] {processor.py:914} INFO - Processing file /opt/airflow/dags/crawl_f1_data.py for tasks to queue
[2025-03-27T10:26:35.628+0000] {logging_mixin.py:190} INFO - [2025-03-27T10:26:35.628+0000] {dagbag.py:588} INFO - Filling up the DagBag from /opt/airflow/dags/crawl_f1_data.py
[2025-03-27T10:26:35.672+0000] {processor.py:925} INFO - DAG(s) 'crawl_f1_data' retrieved from /opt/airflow/dags/crawl_f1_data.py
[2025-03-27T10:26:35.707+0000] {logging_mixin.py:190} INFO - [2025-03-27T10:26:35.706+0000] {dag.py:3239} INFO - Sync 1 DAGs
[2025-03-27T10:26:35.742+0000] {logging_mixin.py:190} INFO - [2025-03-27T10:26:35.742+0000] {dag.py:4180} INFO - Setting next_dagrun for crawl_f1_data to 2024-01-01 00:00:00+00:00, run_after=2024-02-01 00:00:00+00:00
[2025-03-27T10:26:35.773+0000] {processor.py:208} INFO - Processing /opt/airflow/dags/crawl_f1_data.py took 0.161 seconds
[2025-03-27T10:27:05.864+0000] {processor.py:186} INFO - Started process (PID=725) to work on /opt/airflow/dags/crawl_f1_data.py
[2025-03-27T10:27:05.865+0000] {processor.py:914} INFO - Processing file /opt/airflow/dags/crawl_f1_data.py for tasks to queue
[2025-03-27T10:27:05.868+0000] {logging_mixin.py:190} INFO - [2025-03-27T10:27:05.867+0000] {dagbag.py:588} INFO - Filling up the DagBag from /opt/airflow/dags/crawl_f1_data.py
[2025-03-27T10:27:05.907+0000] {processor.py:925} INFO - DAG(s) 'crawl_f1_data' retrieved from /opt/airflow/dags/crawl_f1_data.py
[2025-03-27T10:27:05.944+0000] {logging_mixin.py:190} INFO - [2025-03-27T10:27:05.943+0000] {dag.py:3239} INFO - Sync 1 DAGs
[2025-03-27T10:27:05.970+0000] {logging_mixin.py:190} INFO - [2025-03-27T10:27:05.969+0000] {dag.py:4180} INFO - Setting next_dagrun for crawl_f1_data to 2024-01-01 00:00:00+00:00, run_after=2024-02-01 00:00:00+00:00
[2025-03-27T10:27:05.993+0000] {processor.py:208} INFO - Processing /opt/airflow/dags/crawl_f1_data.py took 0.137 seconds
[2025-03-27T10:27:36.272+0000] {processor.py:186} INFO - Started process (PID=730) to work on /opt/airflow/dags/crawl_f1_data.py
[2025-03-27T10:27:36.273+0000] {processor.py:914} INFO - Processing file /opt/airflow/dags/crawl_f1_data.py for tasks to queue
[2025-03-27T10:27:36.276+0000] {logging_mixin.py:190} INFO - [2025-03-27T10:27:36.276+0000] {dagbag.py:588} INFO - Filling up the DagBag from /opt/airflow/dags/crawl_f1_data.py
[2025-03-27T10:27:36.317+0000] {processor.py:925} INFO - DAG(s) 'crawl_f1_data' retrieved from /opt/airflow/dags/crawl_f1_data.py
[2025-03-27T10:27:36.349+0000] {logging_mixin.py:190} INFO - [2025-03-27T10:27:36.349+0000] {dag.py:3239} INFO - Sync 1 DAGs
[2025-03-27T10:27:36.377+0000] {logging_mixin.py:190} INFO - [2025-03-27T10:27:36.376+0000] {dag.py:4180} INFO - Setting next_dagrun for crawl_f1_data to 2024-01-01 00:00:00+00:00, run_after=2024-02-01 00:00:00+00:00
[2025-03-27T10:27:36.409+0000] {processor.py:208} INFO - Processing /opt/airflow/dags/crawl_f1_data.py took 0.145 seconds
[2025-03-27T10:28:06.531+0000] {processor.py:186} INFO - Started process (PID=735) to work on /opt/airflow/dags/crawl_f1_data.py
[2025-03-27T10:28:06.532+0000] {processor.py:914} INFO - Processing file /opt/airflow/dags/crawl_f1_data.py for tasks to queue
[2025-03-27T10:28:06.535+0000] {logging_mixin.py:190} INFO - [2025-03-27T10:28:06.535+0000] {dagbag.py:588} INFO - Filling up the DagBag from /opt/airflow/dags/crawl_f1_data.py
[2025-03-27T10:28:06.574+0000] {processor.py:925} INFO - DAG(s) 'crawl_f1_data' retrieved from /opt/airflow/dags/crawl_f1_data.py
[2025-03-27T10:28:06.605+0000] {logging_mixin.py:190} INFO - [2025-03-27T10:28:06.605+0000] {dag.py:3239} INFO - Sync 1 DAGs
[2025-03-27T10:28:06.639+0000] {logging_mixin.py:190} INFO - [2025-03-27T10:28:06.639+0000] {dag.py:4180} INFO - Setting next_dagrun for crawl_f1_data to 2024-01-01 00:00:00+00:00, run_after=2024-02-01 00:00:00+00:00
[2025-03-27T10:28:06.675+0000] {processor.py:208} INFO - Processing /opt/airflow/dags/crawl_f1_data.py took 0.151 seconds
[2025-03-27T10:28:36.954+0000] {processor.py:186} INFO - Started process (PID=740) to work on /opt/airflow/dags/crawl_f1_data.py
[2025-03-27T10:28:36.955+0000] {processor.py:914} INFO - Processing file /opt/airflow/dags/crawl_f1_data.py for tasks to queue
[2025-03-27T10:28:36.959+0000] {logging_mixin.py:190} INFO - [2025-03-27T10:28:36.958+0000] {dagbag.py:588} INFO - Filling up the DagBag from /opt/airflow/dags/crawl_f1_data.py
[2025-03-27T10:28:37.007+0000] {processor.py:925} INFO - DAG(s) 'crawl_f1_data' retrieved from /opt/airflow/dags/crawl_f1_data.py
[2025-03-27T10:28:37.044+0000] {logging_mixin.py:190} INFO - [2025-03-27T10:28:37.043+0000] {dag.py:3239} INFO - Sync 1 DAGs
[2025-03-27T10:28:37.088+0000] {logging_mixin.py:190} INFO - [2025-03-27T10:28:37.087+0000] {dag.py:4180} INFO - Setting next_dagrun for crawl_f1_data to 2024-01-01 00:00:00+00:00, run_after=2024-02-01 00:00:00+00:00
[2025-03-27T10:28:37.119+0000] {processor.py:208} INFO - Processing /opt/airflow/dags/crawl_f1_data.py took 0.175 seconds
[2025-03-27T10:29:07.209+0000] {processor.py:186} INFO - Started process (PID=745) to work on /opt/airflow/dags/crawl_f1_data.py
[2025-03-27T10:29:07.211+0000] {processor.py:914} INFO - Processing file /opt/airflow/dags/crawl_f1_data.py for tasks to queue
[2025-03-27T10:29:07.215+0000] {logging_mixin.py:190} INFO - [2025-03-27T10:29:07.215+0000] {dagbag.py:588} INFO - Filling up the DagBag from /opt/airflow/dags/crawl_f1_data.py
[2025-03-27T10:29:07.262+0000] {processor.py:925} INFO - DAG(s) 'crawl_f1_data' retrieved from /opt/airflow/dags/crawl_f1_data.py
[2025-03-27T10:29:07.301+0000] {logging_mixin.py:190} INFO - [2025-03-27T10:29:07.300+0000] {dag.py:3239} INFO - Sync 1 DAGs
[2025-03-27T10:29:07.337+0000] {logging_mixin.py:190} INFO - [2025-03-27T10:29:07.337+0000] {dag.py:4180} INFO - Setting next_dagrun for crawl_f1_data to 2024-01-01 00:00:00+00:00, run_after=2024-02-01 00:00:00+00:00
[2025-03-27T10:29:07.360+0000] {processor.py:208} INFO - Processing /opt/airflow/dags/crawl_f1_data.py took 0.159 seconds
[2025-03-27T10:29:37.678+0000] {processor.py:186} INFO - Started process (PID=750) to work on /opt/airflow/dags/crawl_f1_data.py
[2025-03-27T10:29:37.679+0000] {processor.py:914} INFO - Processing file /opt/airflow/dags/crawl_f1_data.py for tasks to queue
[2025-03-27T10:29:37.682+0000] {logging_mixin.py:190} INFO - [2025-03-27T10:29:37.681+0000] {dagbag.py:588} INFO - Filling up the DagBag from /opt/airflow/dags/crawl_f1_data.py
[2025-03-27T10:29:37.724+0000] {processor.py:925} INFO - DAG(s) 'crawl_f1_data' retrieved from /opt/airflow/dags/crawl_f1_data.py
[2025-03-27T10:29:37.764+0000] {logging_mixin.py:190} INFO - [2025-03-27T10:29:37.763+0000] {dag.py:3239} INFO - Sync 1 DAGs
[2025-03-27T10:29:37.803+0000] {logging_mixin.py:190} INFO - [2025-03-27T10:29:37.802+0000] {dag.py:4180} INFO - Setting next_dagrun for crawl_f1_data to 2024-01-01 00:00:00+00:00, run_after=2024-02-01 00:00:00+00:00
[2025-03-27T10:29:37.839+0000] {processor.py:208} INFO - Processing /opt/airflow/dags/crawl_f1_data.py took 0.168 seconds
[2025-03-27T10:30:08.110+0000] {processor.py:186} INFO - Started process (PID=755) to work on /opt/airflow/dags/crawl_f1_data.py
[2025-03-27T10:30:08.111+0000] {processor.py:914} INFO - Processing file /opt/airflow/dags/crawl_f1_data.py for tasks to queue
[2025-03-27T10:30:08.117+0000] {logging_mixin.py:190} INFO - [2025-03-27T10:30:08.116+0000] {dagbag.py:588} INFO - Filling up the DagBag from /opt/airflow/dags/crawl_f1_data.py
[2025-03-27T10:30:08.173+0000] {processor.py:925} INFO - DAG(s) 'crawl_f1_data' retrieved from /opt/airflow/dags/crawl_f1_data.py
[2025-03-27T10:30:08.207+0000] {logging_mixin.py:190} INFO - [2025-03-27T10:30:08.206+0000] {dag.py:3239} INFO - Sync 1 DAGs
[2025-03-27T10:30:08.245+0000] {logging_mixin.py:190} INFO - [2025-03-27T10:30:08.244+0000] {dag.py:4180} INFO - Setting next_dagrun for crawl_f1_data to 2024-01-01 00:00:00+00:00, run_after=2024-02-01 00:00:00+00:00
[2025-03-27T10:30:08.276+0000] {processor.py:208} INFO - Processing /opt/airflow/dags/crawl_f1_data.py took 0.175 seconds
[2025-03-27T10:30:38.434+0000] {processor.py:186} INFO - Started process (PID=760) to work on /opt/airflow/dags/crawl_f1_data.py
[2025-03-27T10:30:38.435+0000] {processor.py:914} INFO - Processing file /opt/airflow/dags/crawl_f1_data.py for tasks to queue
[2025-03-27T10:30:38.438+0000] {logging_mixin.py:190} INFO - [2025-03-27T10:30:38.438+0000] {dagbag.py:588} INFO - Filling up the DagBag from /opt/airflow/dags/crawl_f1_data.py
[2025-03-27T10:30:38.479+0000] {processor.py:925} INFO - DAG(s) 'crawl_f1_data' retrieved from /opt/airflow/dags/crawl_f1_data.py
[2025-03-27T10:30:38.514+0000] {logging_mixin.py:190} INFO - [2025-03-27T10:30:38.514+0000] {dag.py:3239} INFO - Sync 1 DAGs
[2025-03-27T10:30:38.542+0000] {logging_mixin.py:190} INFO - [2025-03-27T10:30:38.541+0000] {dag.py:4180} INFO - Setting next_dagrun for crawl_f1_data to 2024-01-01 00:00:00+00:00, run_after=2024-02-01 00:00:00+00:00
[2025-03-27T10:30:38.569+0000] {processor.py:208} INFO - Processing /opt/airflow/dags/crawl_f1_data.py took 0.141 seconds
[2025-03-27T10:31:08.812+0000] {processor.py:186} INFO - Started process (PID=765) to work on /opt/airflow/dags/crawl_f1_data.py
[2025-03-27T10:31:08.813+0000] {processor.py:914} INFO - Processing file /opt/airflow/dags/crawl_f1_data.py for tasks to queue
[2025-03-27T10:31:08.818+0000] {logging_mixin.py:190} INFO - [2025-03-27T10:31:08.817+0000] {dagbag.py:588} INFO - Filling up the DagBag from /opt/airflow/dags/crawl_f1_data.py
[2025-03-27T10:31:08.871+0000] {processor.py:925} INFO - DAG(s) 'crawl_f1_data' retrieved from /opt/airflow/dags/crawl_f1_data.py
[2025-03-27T10:31:08.916+0000] {logging_mixin.py:190} INFO - [2025-03-27T10:31:08.916+0000] {dag.py:3239} INFO - Sync 1 DAGs
[2025-03-27T10:31:08.957+0000] {logging_mixin.py:190} INFO - [2025-03-27T10:31:08.957+0000] {dag.py:4180} INFO - Setting next_dagrun for crawl_f1_data to 2024-01-01 00:00:00+00:00, run_after=2024-02-01 00:00:00+00:00
[2025-03-27T10:31:08.985+0000] {processor.py:208} INFO - Processing /opt/airflow/dags/crawl_f1_data.py took 0.186 seconds
[2025-03-27T10:31:39.091+0000] {processor.py:186} INFO - Started process (PID=770) to work on /opt/airflow/dags/crawl_f1_data.py
[2025-03-27T10:31:39.092+0000] {processor.py:914} INFO - Processing file /opt/airflow/dags/crawl_f1_data.py for tasks to queue
[2025-03-27T10:31:39.095+0000] {logging_mixin.py:190} INFO - [2025-03-27T10:31:39.095+0000] {dagbag.py:588} INFO - Filling up the DagBag from /opt/airflow/dags/crawl_f1_data.py
[2025-03-27T10:31:39.135+0000] {processor.py:925} INFO - DAG(s) 'crawl_f1_data' retrieved from /opt/airflow/dags/crawl_f1_data.py
[2025-03-27T10:31:39.173+0000] {logging_mixin.py:190} INFO - [2025-03-27T10:31:39.173+0000] {dag.py:3239} INFO - Sync 1 DAGs
[2025-03-27T10:31:39.199+0000] {logging_mixin.py:190} INFO - [2025-03-27T10:31:39.199+0000] {dag.py:4180} INFO - Setting next_dagrun for crawl_f1_data to 2024-01-01 00:00:00+00:00, run_after=2024-02-01 00:00:00+00:00
[2025-03-27T10:31:39.220+0000] {processor.py:208} INFO - Processing /opt/airflow/dags/crawl_f1_data.py took 0.138 seconds
[2025-03-27T10:32:09.449+0000] {processor.py:186} INFO - Started process (PID=775) to work on /opt/airflow/dags/crawl_f1_data.py
[2025-03-27T10:32:09.450+0000] {processor.py:914} INFO - Processing file /opt/airflow/dags/crawl_f1_data.py for tasks to queue
[2025-03-27T10:32:09.452+0000] {logging_mixin.py:190} INFO - [2025-03-27T10:32:09.452+0000] {dagbag.py:588} INFO - Filling up the DagBag from /opt/airflow/dags/crawl_f1_data.py
[2025-03-27T10:32:09.484+0000] {processor.py:925} INFO - DAG(s) 'crawl_f1_data' retrieved from /opt/airflow/dags/crawl_f1_data.py
[2025-03-27T10:32:09.513+0000] {logging_mixin.py:190} INFO - [2025-03-27T10:32:09.513+0000] {dag.py:3239} INFO - Sync 1 DAGs
[2025-03-27T10:32:09.541+0000] {logging_mixin.py:190} INFO - [2025-03-27T10:32:09.541+0000] {dag.py:4180} INFO - Setting next_dagrun for crawl_f1_data to 2024-01-01 00:00:00+00:00, run_after=2024-02-01 00:00:00+00:00
[2025-03-27T10:32:09.565+0000] {processor.py:208} INFO - Processing /opt/airflow/dags/crawl_f1_data.py took 0.121 seconds
[2025-03-27T10:32:39.702+0000] {processor.py:186} INFO - Started process (PID=780) to work on /opt/airflow/dags/crawl_f1_data.py
[2025-03-27T10:32:39.703+0000] {processor.py:914} INFO - Processing file /opt/airflow/dags/crawl_f1_data.py for tasks to queue
[2025-03-27T10:32:39.705+0000] {logging_mixin.py:190} INFO - [2025-03-27T10:32:39.705+0000] {dagbag.py:588} INFO - Filling up the DagBag from /opt/airflow/dags/crawl_f1_data.py
[2025-03-27T10:32:39.738+0000] {processor.py:925} INFO - DAG(s) 'crawl_f1_data' retrieved from /opt/airflow/dags/crawl_f1_data.py
[2025-03-27T10:32:39.766+0000] {logging_mixin.py:190} INFO - [2025-03-27T10:32:39.766+0000] {dag.py:3239} INFO - Sync 1 DAGs
[2025-03-27T10:32:39.797+0000] {logging_mixin.py:190} INFO - [2025-03-27T10:32:39.797+0000] {dag.py:4180} INFO - Setting next_dagrun for crawl_f1_data to 2024-01-01 00:00:00+00:00, run_after=2024-02-01 00:00:00+00:00
[2025-03-27T10:32:39.822+0000] {processor.py:208} INFO - Processing /opt/airflow/dags/crawl_f1_data.py took 0.127 seconds
[2025-03-27T10:33:10.068+0000] {processor.py:186} INFO - Started process (PID=785) to work on /opt/airflow/dags/crawl_f1_data.py
[2025-03-27T10:33:10.069+0000] {processor.py:914} INFO - Processing file /opt/airflow/dags/crawl_f1_data.py for tasks to queue
[2025-03-27T10:33:10.072+0000] {logging_mixin.py:190} INFO - [2025-03-27T10:33:10.072+0000] {dagbag.py:588} INFO - Filling up the DagBag from /opt/airflow/dags/crawl_f1_data.py
[2025-03-27T10:33:10.113+0000] {processor.py:925} INFO - DAG(s) 'crawl_f1_data' retrieved from /opt/airflow/dags/crawl_f1_data.py
[2025-03-27T10:33:10.153+0000] {logging_mixin.py:190} INFO - [2025-03-27T10:33:10.153+0000] {dag.py:3239} INFO - Sync 1 DAGs
[2025-03-27T10:33:10.185+0000] {logging_mixin.py:190} INFO - [2025-03-27T10:33:10.185+0000] {dag.py:4180} INFO - Setting next_dagrun for crawl_f1_data to 2024-01-01 00:00:00+00:00, run_after=2024-02-01 00:00:00+00:00
[2025-03-27T10:33:10.216+0000] {processor.py:208} INFO - Processing /opt/airflow/dags/crawl_f1_data.py took 0.155 seconds
[2025-03-27T10:33:40.302+0000] {processor.py:186} INFO - Started process (PID=790) to work on /opt/airflow/dags/crawl_f1_data.py
[2025-03-27T10:33:40.303+0000] {processor.py:914} INFO - Processing file /opt/airflow/dags/crawl_f1_data.py for tasks to queue
[2025-03-27T10:33:40.305+0000] {logging_mixin.py:190} INFO - [2025-03-27T10:33:40.305+0000] {dagbag.py:588} INFO - Filling up the DagBag from /opt/airflow/dags/crawl_f1_data.py
[2025-03-27T10:33:40.346+0000] {processor.py:925} INFO - DAG(s) 'crawl_f1_data' retrieved from /opt/airflow/dags/crawl_f1_data.py
[2025-03-27T10:33:40.380+0000] {logging_mixin.py:190} INFO - [2025-03-27T10:33:40.379+0000] {dag.py:3239} INFO - Sync 1 DAGs
[2025-03-27T10:33:40.410+0000] {logging_mixin.py:190} INFO - [2025-03-27T10:33:40.410+0000] {dag.py:4180} INFO - Setting next_dagrun for crawl_f1_data to 2024-01-01 00:00:00+00:00, run_after=2024-02-01 00:00:00+00:00
[2025-03-27T10:33:40.436+0000] {processor.py:208} INFO - Processing /opt/airflow/dags/crawl_f1_data.py took 0.141 seconds
[2025-03-27T10:34:10.690+0000] {processor.py:186} INFO - Started process (PID=795) to work on /opt/airflow/dags/crawl_f1_data.py
[2025-03-27T10:34:10.691+0000] {processor.py:914} INFO - Processing file /opt/airflow/dags/crawl_f1_data.py for tasks to queue
[2025-03-27T10:34:10.694+0000] {logging_mixin.py:190} INFO - [2025-03-27T10:34:10.694+0000] {dagbag.py:588} INFO - Filling up the DagBag from /opt/airflow/dags/crawl_f1_data.py
[2025-03-27T10:34:10.729+0000] {processor.py:925} INFO - DAG(s) 'crawl_f1_data' retrieved from /opt/airflow/dags/crawl_f1_data.py
[2025-03-27T10:34:10.757+0000] {logging_mixin.py:190} INFO - [2025-03-27T10:34:10.757+0000] {dag.py:3239} INFO - Sync 1 DAGs
[2025-03-27T10:34:10.783+0000] {logging_mixin.py:190} INFO - [2025-03-27T10:34:10.782+0000] {dag.py:4180} INFO - Setting next_dagrun for crawl_f1_data to 2024-01-01 00:00:00+00:00, run_after=2024-02-01 00:00:00+00:00
[2025-03-27T10:34:10.812+0000] {processor.py:208} INFO - Processing /opt/airflow/dags/crawl_f1_data.py took 0.129 seconds
[2025-03-27T10:34:40.945+0000] {processor.py:186} INFO - Started process (PID=800) to work on /opt/airflow/dags/crawl_f1_data.py
[2025-03-27T10:34:40.946+0000] {processor.py:914} INFO - Processing file /opt/airflow/dags/crawl_f1_data.py for tasks to queue
[2025-03-27T10:34:40.950+0000] {logging_mixin.py:190} INFO - [2025-03-27T10:34:40.949+0000] {dagbag.py:588} INFO - Filling up the DagBag from /opt/airflow/dags/crawl_f1_data.py
[2025-03-27T10:34:40.975+0000] {processor.py:925} INFO - DAG(s) 'crawl_f1_data' retrieved from /opt/airflow/dags/crawl_f1_data.py
[2025-03-27T10:34:41.011+0000] {logging_mixin.py:190} INFO - [2025-03-27T10:34:41.011+0000] {dag.py:3239} INFO - Sync 1 DAGs
[2025-03-27T10:34:41.044+0000] {logging_mixin.py:190} INFO - [2025-03-27T10:34:41.044+0000] {dag.py:4180} INFO - Setting next_dagrun for crawl_f1_data to 2024-01-01 00:00:00+00:00, run_after=2024-02-01 00:00:00+00:00
[2025-03-27T10:34:41.077+0000] {processor.py:208} INFO - Processing /opt/airflow/dags/crawl_f1_data.py took 0.139 seconds
[2025-03-27T10:35:11.288+0000] {processor.py:186} INFO - Started process (PID=805) to work on /opt/airflow/dags/crawl_f1_data.py
[2025-03-27T10:35:11.289+0000] {processor.py:914} INFO - Processing file /opt/airflow/dags/crawl_f1_data.py for tasks to queue
[2025-03-27T10:35:11.292+0000] {logging_mixin.py:190} INFO - [2025-03-27T10:35:11.292+0000] {dagbag.py:588} INFO - Filling up the DagBag from /opt/airflow/dags/crawl_f1_data.py
[2025-03-27T10:35:11.320+0000] {processor.py:925} INFO - DAG(s) 'crawl_f1_data' retrieved from /opt/airflow/dags/crawl_f1_data.py
[2025-03-27T10:35:11.358+0000] {logging_mixin.py:190} INFO - [2025-03-27T10:35:11.357+0000] {dag.py:3239} INFO - Sync 1 DAGs
[2025-03-27T10:35:11.394+0000] {logging_mixin.py:190} INFO - [2025-03-27T10:35:11.394+0000] {dag.py:4180} INFO - Setting next_dagrun for crawl_f1_data to 2024-01-01 00:00:00+00:00, run_after=2024-02-01 00:00:00+00:00
[2025-03-27T10:35:11.424+0000] {processor.py:208} INFO - Processing /opt/airflow/dags/crawl_f1_data.py took 0.143 seconds
[2025-03-27T10:35:41.555+0000] {processor.py:186} INFO - Started process (PID=810) to work on /opt/airflow/dags/crawl_f1_data.py
[2025-03-27T10:35:41.556+0000] {processor.py:914} INFO - Processing file /opt/airflow/dags/crawl_f1_data.py for tasks to queue
[2025-03-27T10:35:41.559+0000] {logging_mixin.py:190} INFO - [2025-03-27T10:35:41.559+0000] {dagbag.py:588} INFO - Filling up the DagBag from /opt/airflow/dags/crawl_f1_data.py
[2025-03-27T10:35:41.581+0000] {processor.py:925} INFO - DAG(s) 'crawl_f1_data' retrieved from /opt/airflow/dags/crawl_f1_data.py
[2025-03-27T10:35:41.610+0000] {logging_mixin.py:190} INFO - [2025-03-27T10:35:41.610+0000] {dag.py:3239} INFO - Sync 1 DAGs
[2025-03-27T10:35:41.642+0000] {logging_mixin.py:190} INFO - [2025-03-27T10:35:41.642+0000] {dag.py:4180} INFO - Setting next_dagrun for crawl_f1_data to 2024-01-01 00:00:00+00:00, run_after=2024-02-01 00:00:00+00:00
[2025-03-27T10:35:41.666+0000] {processor.py:208} INFO - Processing /opt/airflow/dags/crawl_f1_data.py took 0.117 seconds
[2025-03-27T10:36:11.930+0000] {processor.py:186} INFO - Started process (PID=815) to work on /opt/airflow/dags/crawl_f1_data.py
[2025-03-27T10:36:11.932+0000] {processor.py:914} INFO - Processing file /opt/airflow/dags/crawl_f1_data.py for tasks to queue
[2025-03-27T10:36:11.935+0000] {logging_mixin.py:190} INFO - [2025-03-27T10:36:11.935+0000] {dagbag.py:588} INFO - Filling up the DagBag from /opt/airflow/dags/crawl_f1_data.py
[2025-03-27T10:36:11.962+0000] {processor.py:925} INFO - DAG(s) 'crawl_f1_data' retrieved from /opt/airflow/dags/crawl_f1_data.py
[2025-03-27T10:36:11.994+0000] {logging_mixin.py:190} INFO - [2025-03-27T10:36:11.993+0000] {dag.py:3239} INFO - Sync 1 DAGs
[2025-03-27T10:36:12.026+0000] {logging_mixin.py:190} INFO - [2025-03-27T10:36:12.026+0000] {dag.py:4180} INFO - Setting next_dagrun for crawl_f1_data to 2024-01-01 00:00:00+00:00, run_after=2024-02-01 00:00:00+00:00
[2025-03-27T10:36:12.056+0000] {processor.py:208} INFO - Processing /opt/airflow/dags/crawl_f1_data.py took 0.132 seconds
[2025-03-27T10:36:42.163+0000] {processor.py:186} INFO - Started process (PID=820) to work on /opt/airflow/dags/crawl_f1_data.py
[2025-03-27T10:36:42.165+0000] {processor.py:914} INFO - Processing file /opt/airflow/dags/crawl_f1_data.py for tasks to queue
[2025-03-27T10:36:42.167+0000] {logging_mixin.py:190} INFO - [2025-03-27T10:36:42.167+0000] {dagbag.py:588} INFO - Filling up the DagBag from /opt/airflow/dags/crawl_f1_data.py
[2025-03-27T10:36:42.191+0000] {processor.py:925} INFO - DAG(s) 'crawl_f1_data' retrieved from /opt/airflow/dags/crawl_f1_data.py
[2025-03-27T10:36:42.219+0000] {logging_mixin.py:190} INFO - [2025-03-27T10:36:42.219+0000] {dag.py:3239} INFO - Sync 1 DAGs
[2025-03-27T10:36:42.248+0000] {logging_mixin.py:190} INFO - [2025-03-27T10:36:42.247+0000] {dag.py:4180} INFO - Setting next_dagrun for crawl_f1_data to 2024-01-01 00:00:00+00:00, run_after=2024-02-01 00:00:00+00:00
[2025-03-27T10:36:42.272+0000] {processor.py:208} INFO - Processing /opt/airflow/dags/crawl_f1_data.py took 0.114 seconds
[2025-03-27T10:37:12.513+0000] {processor.py:186} INFO - Started process (PID=825) to work on /opt/airflow/dags/crawl_f1_data.py
[2025-03-27T10:37:12.514+0000] {processor.py:914} INFO - Processing file /opt/airflow/dags/crawl_f1_data.py for tasks to queue
[2025-03-27T10:37:12.516+0000] {logging_mixin.py:190} INFO - [2025-03-27T10:37:12.516+0000] {dagbag.py:588} INFO - Filling up the DagBag from /opt/airflow/dags/crawl_f1_data.py
[2025-03-27T10:37:12.542+0000] {processor.py:925} INFO - DAG(s) 'crawl_f1_data' retrieved from /opt/airflow/dags/crawl_f1_data.py
[2025-03-27T10:37:12.572+0000] {logging_mixin.py:190} INFO - [2025-03-27T10:37:12.572+0000] {dag.py:3239} INFO - Sync 1 DAGs
[2025-03-27T10:37:12.599+0000] {logging_mixin.py:190} INFO - [2025-03-27T10:37:12.599+0000] {dag.py:4180} INFO - Setting next_dagrun for crawl_f1_data to 2024-01-01 00:00:00+00:00, run_after=2024-02-01 00:00:00+00:00
[2025-03-27T10:37:12.622+0000] {processor.py:208} INFO - Processing /opt/airflow/dags/crawl_f1_data.py took 0.115 seconds
[2025-03-27T10:37:42.763+0000] {processor.py:186} INFO - Started process (PID=830) to work on /opt/airflow/dags/crawl_f1_data.py
[2025-03-27T10:37:42.764+0000] {processor.py:914} INFO - Processing file /opt/airflow/dags/crawl_f1_data.py for tasks to queue
[2025-03-27T10:37:42.769+0000] {logging_mixin.py:190} INFO - [2025-03-27T10:37:42.767+0000] {dagbag.py:588} INFO - Filling up the DagBag from /opt/airflow/dags/crawl_f1_data.py
[2025-03-27T10:37:42.794+0000] {processor.py:925} INFO - DAG(s) 'crawl_f1_data' retrieved from /opt/airflow/dags/crawl_f1_data.py
[2025-03-27T10:37:42.828+0000] {logging_mixin.py:190} INFO - [2025-03-27T10:37:42.828+0000] {dag.py:3239} INFO - Sync 1 DAGs
[2025-03-27T10:37:42.859+0000] {logging_mixin.py:190} INFO - [2025-03-27T10:37:42.859+0000] {dag.py:4180} INFO - Setting next_dagrun for crawl_f1_data to 2024-01-01 00:00:00+00:00, run_after=2024-02-01 00:00:00+00:00
[2025-03-27T10:37:42.889+0000] {processor.py:208} INFO - Processing /opt/airflow/dags/crawl_f1_data.py took 0.133 seconds
[2025-03-27T10:38:13.103+0000] {processor.py:186} INFO - Started process (PID=835) to work on /opt/airflow/dags/crawl_f1_data.py
[2025-03-27T10:38:13.104+0000] {processor.py:914} INFO - Processing file /opt/airflow/dags/crawl_f1_data.py for tasks to queue
[2025-03-27T10:38:13.108+0000] {logging_mixin.py:190} INFO - [2025-03-27T10:38:13.107+0000] {dagbag.py:588} INFO - Filling up the DagBag from /opt/airflow/dags/crawl_f1_data.py
[2025-03-27T10:38:13.138+0000] {processor.py:925} INFO - DAG(s) 'crawl_f1_data' retrieved from /opt/airflow/dags/crawl_f1_data.py
[2025-03-27T10:38:13.178+0000] {logging_mixin.py:190} INFO - [2025-03-27T10:38:13.177+0000] {dag.py:3239} INFO - Sync 1 DAGs
[2025-03-27T10:38:13.220+0000] {logging_mixin.py:190} INFO - [2025-03-27T10:38:13.220+0000] {dag.py:4180} INFO - Setting next_dagrun for crawl_f1_data to 2024-01-01 00:00:00+00:00, run_after=2024-02-01 00:00:00+00:00
[2025-03-27T10:38:13.258+0000] {processor.py:208} INFO - Processing /opt/airflow/dags/crawl_f1_data.py took 0.161 seconds
[2025-03-27T10:38:43.393+0000] {processor.py:186} INFO - Started process (PID=840) to work on /opt/airflow/dags/crawl_f1_data.py
[2025-03-27T10:38:43.395+0000] {processor.py:914} INFO - Processing file /opt/airflow/dags/crawl_f1_data.py for tasks to queue
[2025-03-27T10:38:43.399+0000] {logging_mixin.py:190} INFO - [2025-03-27T10:38:43.399+0000] {dagbag.py:588} INFO - Filling up the DagBag from /opt/airflow/dags/crawl_f1_data.py
[2025-03-27T10:38:43.446+0000] {processor.py:925} INFO - DAG(s) 'crawl_f1_data' retrieved from /opt/airflow/dags/crawl_f1_data.py
[2025-03-27T10:38:43.491+0000] {logging_mixin.py:190} INFO - [2025-03-27T10:38:43.491+0000] {dag.py:3239} INFO - Sync 1 DAGs
[2025-03-27T10:38:43.526+0000] {logging_mixin.py:190} INFO - [2025-03-27T10:38:43.526+0000] {dag.py:4180} INFO - Setting next_dagrun for crawl_f1_data to 2024-01-01 00:00:00+00:00, run_after=2024-02-01 00:00:00+00:00
[2025-03-27T10:38:43.553+0000] {processor.py:208} INFO - Processing /opt/airflow/dags/crawl_f1_data.py took 0.168 seconds
[2025-03-27T10:39:13.811+0000] {processor.py:186} INFO - Started process (PID=845) to work on /opt/airflow/dags/crawl_f1_data.py
[2025-03-27T10:39:13.813+0000] {processor.py:914} INFO - Processing file /opt/airflow/dags/crawl_f1_data.py for tasks to queue
[2025-03-27T10:39:13.817+0000] {logging_mixin.py:190} INFO - [2025-03-27T10:39:13.816+0000] {dagbag.py:588} INFO - Filling up the DagBag from /opt/airflow/dags/crawl_f1_data.py
[2025-03-27T10:39:13.856+0000] {processor.py:925} INFO - DAG(s) 'crawl_f1_data' retrieved from /opt/airflow/dags/crawl_f1_data.py
[2025-03-27T10:39:13.906+0000] {logging_mixin.py:190} INFO - [2025-03-27T10:39:13.905+0000] {dag.py:3239} INFO - Sync 1 DAGs
[2025-03-27T10:39:13.949+0000] {logging_mixin.py:190} INFO - [2025-03-27T10:39:13.948+0000] {dag.py:4180} INFO - Setting next_dagrun for crawl_f1_data to 2024-01-01 00:00:00+00:00, run_after=2024-02-01 00:00:00+00:00
[2025-03-27T10:39:13.985+0000] {processor.py:208} INFO - Processing /opt/airflow/dags/crawl_f1_data.py took 0.183 seconds
[2025-03-27T10:39:44.062+0000] {processor.py:186} INFO - Started process (PID=850) to work on /opt/airflow/dags/crawl_f1_data.py
[2025-03-27T10:39:44.063+0000] {processor.py:914} INFO - Processing file /opt/airflow/dags/crawl_f1_data.py for tasks to queue
[2025-03-27T10:39:44.066+0000] {logging_mixin.py:190} INFO - [2025-03-27T10:39:44.066+0000] {dagbag.py:588} INFO - Filling up the DagBag from /opt/airflow/dags/crawl_f1_data.py
[2025-03-27T10:39:44.089+0000] {processor.py:925} INFO - DAG(s) 'crawl_f1_data' retrieved from /opt/airflow/dags/crawl_f1_data.py
[2025-03-27T10:39:44.121+0000] {logging_mixin.py:190} INFO - [2025-03-27T10:39:44.120+0000] {dag.py:3239} INFO - Sync 1 DAGs
[2025-03-27T10:39:44.150+0000] {logging_mixin.py:190} INFO - [2025-03-27T10:39:44.150+0000] {dag.py:4180} INFO - Setting next_dagrun for crawl_f1_data to 2024-01-01 00:00:00+00:00, run_after=2024-02-01 00:00:00+00:00
[2025-03-27T10:39:44.175+0000] {processor.py:208} INFO - Processing /opt/airflow/dags/crawl_f1_data.py took 0.119 seconds
[2025-03-27T10:40:14.305+0000] {processor.py:186} INFO - Started process (PID=855) to work on /opt/airflow/dags/crawl_f1_data.py
[2025-03-27T10:40:14.306+0000] {processor.py:914} INFO - Processing file /opt/airflow/dags/crawl_f1_data.py for tasks to queue
[2025-03-27T10:40:14.308+0000] {logging_mixin.py:190} INFO - [2025-03-27T10:40:14.308+0000] {dagbag.py:588} INFO - Filling up the DagBag from /opt/airflow/dags/crawl_f1_data.py
[2025-03-27T10:40:14.336+0000] {processor.py:925} INFO - DAG(s) 'crawl_f1_data' retrieved from /opt/airflow/dags/crawl_f1_data.py
[2025-03-27T10:40:14.373+0000] {logging_mixin.py:190} INFO - [2025-03-27T10:40:14.373+0000] {dag.py:3239} INFO - Sync 1 DAGs
[2025-03-27T10:40:14.401+0000] {logging_mixin.py:190} INFO - [2025-03-27T10:40:14.401+0000] {dag.py:4180} INFO - Setting next_dagrun for crawl_f1_data to 2024-01-01 00:00:00+00:00, run_after=2024-02-01 00:00:00+00:00
[2025-03-27T10:40:14.425+0000] {processor.py:208} INFO - Processing /opt/airflow/dags/crawl_f1_data.py took 0.135 seconds
[2025-03-27T10:40:44.667+0000] {processor.py:186} INFO - Started process (PID=860) to work on /opt/airflow/dags/crawl_f1_data.py
[2025-03-27T10:40:44.668+0000] {processor.py:914} INFO - Processing file /opt/airflow/dags/crawl_f1_data.py for tasks to queue
[2025-03-27T10:40:44.671+0000] {logging_mixin.py:190} INFO - [2025-03-27T10:40:44.670+0000] {dagbag.py:588} INFO - Filling up the DagBag from /opt/airflow/dags/crawl_f1_data.py
[2025-03-27T10:40:44.696+0000] {processor.py:925} INFO - DAG(s) 'crawl_f1_data' retrieved from /opt/airflow/dags/crawl_f1_data.py
[2025-03-27T10:40:44.730+0000] {logging_mixin.py:190} INFO - [2025-03-27T10:40:44.730+0000] {dag.py:3239} INFO - Sync 1 DAGs
[2025-03-27T10:40:44.761+0000] {logging_mixin.py:190} INFO - [2025-03-27T10:40:44.761+0000] {dag.py:4180} INFO - Setting next_dagrun for crawl_f1_data to 2024-01-01 00:00:00+00:00, run_after=2024-02-01 00:00:00+00:00
[2025-03-27T10:40:44.796+0000] {processor.py:208} INFO - Processing /opt/airflow/dags/crawl_f1_data.py took 0.135 seconds
[2025-03-27T10:41:14.974+0000] {processor.py:186} INFO - Started process (PID=865) to work on /opt/airflow/dags/crawl_f1_data.py
[2025-03-27T10:41:14.975+0000] {processor.py:914} INFO - Processing file /opt/airflow/dags/crawl_f1_data.py for tasks to queue
[2025-03-27T10:41:14.978+0000] {logging_mixin.py:190} INFO - [2025-03-27T10:41:14.978+0000] {dagbag.py:588} INFO - Filling up the DagBag from /opt/airflow/dags/crawl_f1_data.py
[2025-03-27T10:41:15.007+0000] {processor.py:925} INFO - DAG(s) 'crawl_f1_data' retrieved from /opt/airflow/dags/crawl_f1_data.py
[2025-03-27T10:41:15.039+0000] {logging_mixin.py:190} INFO - [2025-03-27T10:41:15.039+0000] {dag.py:3239} INFO - Sync 1 DAGs
[2025-03-27T10:41:15.074+0000] {logging_mixin.py:190} INFO - [2025-03-27T10:41:15.074+0000] {dag.py:4180} INFO - Setting next_dagrun for crawl_f1_data to 2024-01-01 00:00:00+00:00, run_after=2024-02-01 00:00:00+00:00
[2025-03-27T10:41:15.983+0000] {processor.py:208} INFO - Processing /opt/airflow/dags/crawl_f1_data.py took 1.016 seconds
[2025-03-27T10:41:46.240+0000] {processor.py:186} INFO - Started process (PID=870) to work on /opt/airflow/dags/crawl_f1_data.py
[2025-03-27T10:41:46.241+0000] {processor.py:914} INFO - Processing file /opt/airflow/dags/crawl_f1_data.py for tasks to queue
[2025-03-27T10:41:46.245+0000] {logging_mixin.py:190} INFO - [2025-03-27T10:41:46.245+0000] {dagbag.py:588} INFO - Filling up the DagBag from /opt/airflow/dags/crawl_f1_data.py
[2025-03-27T10:41:46.279+0000] {processor.py:925} INFO - DAG(s) 'crawl_f1_data' retrieved from /opt/airflow/dags/crawl_f1_data.py
[2025-03-27T10:41:46.323+0000] {logging_mixin.py:190} INFO - [2025-03-27T10:41:46.323+0000] {dag.py:3239} INFO - Sync 1 DAGs
[2025-03-27T10:41:46.370+0000] {logging_mixin.py:190} INFO - [2025-03-27T10:41:46.369+0000] {dag.py:4180} INFO - Setting next_dagrun for crawl_f1_data to 2024-01-01 00:00:00+00:00, run_after=2024-02-01 00:00:00+00:00
[2025-03-27T10:41:46.401+0000] {processor.py:208} INFO - Processing /opt/airflow/dags/crawl_f1_data.py took 0.172 seconds
[2025-03-27T10:42:16.484+0000] {processor.py:186} INFO - Started process (PID=875) to work on /opt/airflow/dags/crawl_f1_data.py
[2025-03-27T10:42:16.486+0000] {processor.py:914} INFO - Processing file /opt/airflow/dags/crawl_f1_data.py for tasks to queue
[2025-03-27T10:42:16.493+0000] {logging_mixin.py:190} INFO - [2025-03-27T10:42:16.492+0000] {dagbag.py:588} INFO - Filling up the DagBag from /opt/airflow/dags/crawl_f1_data.py
[2025-03-27T10:42:16.531+0000] {processor.py:925} INFO - DAG(s) 'crawl_f1_data' retrieved from /opt/airflow/dags/crawl_f1_data.py
[2025-03-27T10:42:16.578+0000] {logging_mixin.py:190} INFO - [2025-03-27T10:42:16.578+0000] {dag.py:3239} INFO - Sync 1 DAGs
[2025-03-27T10:42:16.616+0000] {logging_mixin.py:190} INFO - [2025-03-27T10:42:16.616+0000] {dag.py:4180} INFO - Setting next_dagrun for crawl_f1_data to 2024-01-01 00:00:00+00:00, run_after=2024-02-01 00:00:00+00:00
[2025-03-27T10:42:16.649+0000] {processor.py:208} INFO - Processing /opt/airflow/dags/crawl_f1_data.py took 0.172 seconds
[2025-03-27T10:42:46.924+0000] {processor.py:186} INFO - Started process (PID=880) to work on /opt/airflow/dags/crawl_f1_data.py
[2025-03-27T10:42:46.925+0000] {processor.py:914} INFO - Processing file /opt/airflow/dags/crawl_f1_data.py for tasks to queue
[2025-03-27T10:42:46.929+0000] {logging_mixin.py:190} INFO - [2025-03-27T10:42:46.928+0000] {dagbag.py:588} INFO - Filling up the DagBag from /opt/airflow/dags/crawl_f1_data.py
[2025-03-27T10:42:46.969+0000] {processor.py:925} INFO - DAG(s) 'crawl_f1_data' retrieved from /opt/airflow/dags/crawl_f1_data.py
[2025-03-27T10:42:47.016+0000] {logging_mixin.py:190} INFO - [2025-03-27T10:42:47.016+0000] {dag.py:3239} INFO - Sync 1 DAGs
[2025-03-27T10:42:47.046+0000] {logging_mixin.py:190} INFO - [2025-03-27T10:42:47.046+0000] {dag.py:4180} INFO - Setting next_dagrun for crawl_f1_data to 2024-01-01 00:00:00+00:00, run_after=2024-02-01 00:00:00+00:00
[2025-03-27T10:42:47.081+0000] {processor.py:208} INFO - Processing /opt/airflow/dags/crawl_f1_data.py took 0.165 seconds
[2025-03-27T10:43:17.172+0000] {processor.py:186} INFO - Started process (PID=885) to work on /opt/airflow/dags/crawl_f1_data.py
[2025-03-27T10:43:17.174+0000] {processor.py:914} INFO - Processing file /opt/airflow/dags/crawl_f1_data.py for tasks to queue
[2025-03-27T10:43:17.177+0000] {logging_mixin.py:190} INFO - [2025-03-27T10:43:17.177+0000] {dagbag.py:588} INFO - Filling up the DagBag from /opt/airflow/dags/crawl_f1_data.py
[2025-03-27T10:43:17.202+0000] {processor.py:925} INFO - DAG(s) 'crawl_f1_data' retrieved from /opt/airflow/dags/crawl_f1_data.py
[2025-03-27T10:43:17.232+0000] {logging_mixin.py:190} INFO - [2025-03-27T10:43:17.232+0000] {dag.py:3239} INFO - Sync 1 DAGs
[2025-03-27T10:43:17.261+0000] {logging_mixin.py:190} INFO - [2025-03-27T10:43:17.260+0000] {dag.py:4180} INFO - Setting next_dagrun for crawl_f1_data to 2024-01-01 00:00:00+00:00, run_after=2024-02-01 00:00:00+00:00
[2025-03-27T10:43:17.285+0000] {processor.py:208} INFO - Processing /opt/airflow/dags/crawl_f1_data.py took 0.120 seconds
[2025-03-27T10:43:47.404+0000] {processor.py:186} INFO - Started process (PID=890) to work on /opt/airflow/dags/crawl_f1_data.py
[2025-03-27T10:43:47.405+0000] {processor.py:914} INFO - Processing file /opt/airflow/dags/crawl_f1_data.py for tasks to queue
[2025-03-27T10:43:47.408+0000] {logging_mixin.py:190} INFO - [2025-03-27T10:43:47.407+0000] {dagbag.py:588} INFO - Filling up the DagBag from /opt/airflow/dags/crawl_f1_data.py
[2025-03-27T10:43:47.433+0000] {processor.py:925} INFO - DAG(s) 'crawl_f1_data' retrieved from /opt/airflow/dags/crawl_f1_data.py
[2025-03-27T10:43:47.462+0000] {logging_mixin.py:190} INFO - [2025-03-27T10:43:47.461+0000] {dag.py:3239} INFO - Sync 1 DAGs
[2025-03-27T10:43:47.492+0000] {logging_mixin.py:190} INFO - [2025-03-27T10:43:47.492+0000] {dag.py:4180} INFO - Setting next_dagrun for crawl_f1_data to 2024-01-01 00:00:00+00:00, run_after=2024-02-01 00:00:00+00:00
[2025-03-27T10:43:47.518+0000] {processor.py:208} INFO - Processing /opt/airflow/dags/crawl_f1_data.py took 0.121 seconds
[2025-03-27T10:44:17.779+0000] {processor.py:186} INFO - Started process (PID=895) to work on /opt/airflow/dags/crawl_f1_data.py
[2025-03-27T10:44:17.780+0000] {processor.py:914} INFO - Processing file /opt/airflow/dags/crawl_f1_data.py for tasks to queue
[2025-03-27T10:44:17.783+0000] {logging_mixin.py:190} INFO - [2025-03-27T10:44:17.783+0000] {dagbag.py:588} INFO - Filling up the DagBag from /opt/airflow/dags/crawl_f1_data.py
[2025-03-27T10:44:17.813+0000] {processor.py:925} INFO - DAG(s) 'crawl_f1_data' retrieved from /opt/airflow/dags/crawl_f1_data.py
[2025-03-27T10:44:17.851+0000] {logging_mixin.py:190} INFO - [2025-03-27T10:44:17.850+0000] {dag.py:3239} INFO - Sync 1 DAGs
[2025-03-27T10:44:17.887+0000] {logging_mixin.py:190} INFO - [2025-03-27T10:44:17.887+0000] {dag.py:4180} INFO - Setting next_dagrun for crawl_f1_data to 2024-01-01 00:00:00+00:00, run_after=2024-02-01 00:00:00+00:00
[2025-03-27T10:44:17.929+0000] {processor.py:208} INFO - Processing /opt/airflow/dags/crawl_f1_data.py took 0.157 seconds
[2025-03-27T10:44:48.052+0000] {processor.py:186} INFO - Started process (PID=900) to work on /opt/airflow/dags/crawl_f1_data.py
[2025-03-27T10:44:48.053+0000] {processor.py:914} INFO - Processing file /opt/airflow/dags/crawl_f1_data.py for tasks to queue
[2025-03-27T10:44:48.057+0000] {logging_mixin.py:190} INFO - [2025-03-27T10:44:48.056+0000] {dagbag.py:588} INFO - Filling up the DagBag from /opt/airflow/dags/crawl_f1_data.py
[2025-03-27T10:44:48.100+0000] {processor.py:925} INFO - DAG(s) 'crawl_f1_data' retrieved from /opt/airflow/dags/crawl_f1_data.py
[2025-03-27T10:44:48.145+0000] {logging_mixin.py:190} INFO - [2025-03-27T10:44:48.145+0000] {dag.py:3239} INFO - Sync 1 DAGs
[2025-03-27T10:44:48.187+0000] {logging_mixin.py:190} INFO - [2025-03-27T10:44:48.187+0000] {dag.py:4180} INFO - Setting next_dagrun for crawl_f1_data to 2024-01-01 00:00:00+00:00, run_after=2024-02-01 00:00:00+00:00
[2025-03-27T10:44:48.211+0000] {processor.py:208} INFO - Processing /opt/airflow/dags/crawl_f1_data.py took 0.171 seconds
[2025-03-27T10:45:18.421+0000] {processor.py:186} INFO - Started process (PID=905) to work on /opt/airflow/dags/crawl_f1_data.py
[2025-03-27T10:45:18.422+0000] {processor.py:914} INFO - Processing file /opt/airflow/dags/crawl_f1_data.py for tasks to queue
[2025-03-27T10:45:18.425+0000] {logging_mixin.py:190} INFO - [2025-03-27T10:45:18.424+0000] {dagbag.py:588} INFO - Filling up the DagBag from /opt/airflow/dags/crawl_f1_data.py
[2025-03-27T10:45:18.447+0000] {processor.py:925} INFO - DAG(s) 'crawl_f1_data' retrieved from /opt/airflow/dags/crawl_f1_data.py
[2025-03-27T10:45:18.491+0000] {logging_mixin.py:190} INFO - [2025-03-27T10:45:18.491+0000] {dag.py:3239} INFO - Sync 1 DAGs
[2025-03-27T10:45:18.533+0000] {logging_mixin.py:190} INFO - [2025-03-27T10:45:18.532+0000] {dag.py:4180} INFO - Setting next_dagrun for crawl_f1_data to 2024-01-01 00:00:00+00:00, run_after=2024-02-01 00:00:00+00:00
[2025-03-27T10:45:18.563+0000] {processor.py:208} INFO - Processing /opt/airflow/dags/crawl_f1_data.py took 0.148 seconds
[2025-03-27T10:45:48.690+0000] {processor.py:186} INFO - Started process (PID=910) to work on /opt/airflow/dags/crawl_f1_data.py
[2025-03-27T10:45:48.691+0000] {processor.py:914} INFO - Processing file /opt/airflow/dags/crawl_f1_data.py for tasks to queue
[2025-03-27T10:45:48.694+0000] {logging_mixin.py:190} INFO - [2025-03-27T10:45:48.694+0000] {dagbag.py:588} INFO - Filling up the DagBag from /opt/airflow/dags/crawl_f1_data.py
[2025-03-27T10:45:48.721+0000] {processor.py:925} INFO - DAG(s) 'crawl_f1_data' retrieved from /opt/airflow/dags/crawl_f1_data.py
[2025-03-27T10:45:48.762+0000] {logging_mixin.py:190} INFO - [2025-03-27T10:45:48.761+0000] {dag.py:3239} INFO - Sync 1 DAGs
[2025-03-27T10:45:48.796+0000] {logging_mixin.py:190} INFO - [2025-03-27T10:45:48.795+0000] {dag.py:4180} INFO - Setting next_dagrun for crawl_f1_data to 2024-01-01 00:00:00+00:00, run_after=2024-02-01 00:00:00+00:00
[2025-03-27T10:45:48.823+0000] {processor.py:208} INFO - Processing /opt/airflow/dags/crawl_f1_data.py took 0.141 seconds
[2025-03-27T10:46:19.071+0000] {processor.py:186} INFO - Started process (PID=915) to work on /opt/airflow/dags/crawl_f1_data.py
[2025-03-27T10:46:19.073+0000] {processor.py:914} INFO - Processing file /opt/airflow/dags/crawl_f1_data.py for tasks to queue
[2025-03-27T10:46:19.077+0000] {logging_mixin.py:190} INFO - [2025-03-27T10:46:19.076+0000] {dagbag.py:588} INFO - Filling up the DagBag from /opt/airflow/dags/crawl_f1_data.py
[2025-03-27T10:46:19.106+0000] {processor.py:925} INFO - DAG(s) 'crawl_f1_data' retrieved from /opt/airflow/dags/crawl_f1_data.py
[2025-03-27T10:46:19.139+0000] {logging_mixin.py:190} INFO - [2025-03-27T10:46:19.138+0000] {dag.py:3239} INFO - Sync 1 DAGs
[2025-03-27T10:46:19.176+0000] {logging_mixin.py:190} INFO - [2025-03-27T10:46:19.176+0000] {dag.py:4180} INFO - Setting next_dagrun for crawl_f1_data to 2024-01-01 00:00:00+00:00, run_after=2024-02-01 00:00:00+00:00
[2025-03-27T10:46:19.206+0000] {processor.py:208} INFO - Processing /opt/airflow/dags/crawl_f1_data.py took 0.141 seconds
[2025-03-27T10:46:49.304+0000] {processor.py:186} INFO - Started process (PID=920) to work on /opt/airflow/dags/crawl_f1_data.py
[2025-03-27T10:46:49.305+0000] {processor.py:914} INFO - Processing file /opt/airflow/dags/crawl_f1_data.py for tasks to queue
[2025-03-27T10:46:49.309+0000] {logging_mixin.py:190} INFO - [2025-03-27T10:46:49.308+0000] {dagbag.py:588} INFO - Filling up the DagBag from /opt/airflow/dags/crawl_f1_data.py
[2025-03-27T10:46:49.334+0000] {processor.py:925} INFO - DAG(s) 'crawl_f1_data' retrieved from /opt/airflow/dags/crawl_f1_data.py
[2025-03-27T10:46:49.367+0000] {logging_mixin.py:190} INFO - [2025-03-27T10:46:49.367+0000] {dag.py:3239} INFO - Sync 1 DAGs
[2025-03-27T10:46:49.396+0000] {logging_mixin.py:190} INFO - [2025-03-27T10:46:49.396+0000] {dag.py:4180} INFO - Setting next_dagrun for crawl_f1_data to 2024-01-01 00:00:00+00:00, run_after=2024-02-01 00:00:00+00:00
[2025-03-27T10:46:49.420+0000] {processor.py:208} INFO - Processing /opt/airflow/dags/crawl_f1_data.py took 0.122 seconds
[2025-03-27T10:47:19.672+0000] {processor.py:186} INFO - Started process (PID=925) to work on /opt/airflow/dags/crawl_f1_data.py
[2025-03-27T10:47:19.672+0000] {processor.py:914} INFO - Processing file /opt/airflow/dags/crawl_f1_data.py for tasks to queue
[2025-03-27T10:47:19.675+0000] {logging_mixin.py:190} INFO - [2025-03-27T10:47:19.675+0000] {dagbag.py:588} INFO - Filling up the DagBag from /opt/airflow/dags/crawl_f1_data.py
[2025-03-27T10:47:19.698+0000] {processor.py:925} INFO - DAG(s) 'crawl_f1_data' retrieved from /opt/airflow/dags/crawl_f1_data.py
[2025-03-27T10:47:19.730+0000] {logging_mixin.py:190} INFO - [2025-03-27T10:47:19.730+0000] {dag.py:3239} INFO - Sync 1 DAGs
[2025-03-27T10:47:19.757+0000] {logging_mixin.py:190} INFO - [2025-03-27T10:47:19.757+0000] {dag.py:4180} INFO - Setting next_dagrun for crawl_f1_data to 2024-01-01 00:00:00+00:00, run_after=2024-02-01 00:00:00+00:00
[2025-03-27T10:47:19.785+0000] {processor.py:208} INFO - Processing /opt/airflow/dags/crawl_f1_data.py took 0.119 seconds
[2025-03-27T10:47:49.909+0000] {processor.py:186} INFO - Started process (PID=930) to work on /opt/airflow/dags/crawl_f1_data.py
[2025-03-27T10:47:49.910+0000] {processor.py:914} INFO - Processing file /opt/airflow/dags/crawl_f1_data.py for tasks to queue
[2025-03-27T10:47:49.912+0000] {logging_mixin.py:190} INFO - [2025-03-27T10:47:49.912+0000] {dagbag.py:588} INFO - Filling up the DagBag from /opt/airflow/dags/crawl_f1_data.py
[2025-03-27T10:47:49.936+0000] {processor.py:925} INFO - DAG(s) 'crawl_f1_data' retrieved from /opt/airflow/dags/crawl_f1_data.py
[2025-03-27T10:47:49.971+0000] {logging_mixin.py:190} INFO - [2025-03-27T10:47:49.970+0000] {dag.py:3239} INFO - Sync 1 DAGs
[2025-03-27T10:47:49.996+0000] {logging_mixin.py:190} INFO - [2025-03-27T10:47:49.996+0000] {dag.py:4180} INFO - Setting next_dagrun for crawl_f1_data to 2024-01-01 00:00:00+00:00, run_after=2024-02-01 00:00:00+00:00
[2025-03-27T10:47:50.022+0000] {processor.py:208} INFO - Processing /opt/airflow/dags/crawl_f1_data.py took 0.122 seconds
[2025-03-27T10:48:20.253+0000] {processor.py:186} INFO - Started process (PID=935) to work on /opt/airflow/dags/crawl_f1_data.py
[2025-03-27T10:48:20.254+0000] {processor.py:914} INFO - Processing file /opt/airflow/dags/crawl_f1_data.py for tasks to queue
[2025-03-27T10:48:20.256+0000] {logging_mixin.py:190} INFO - [2025-03-27T10:48:20.256+0000] {dagbag.py:588} INFO - Filling up the DagBag from /opt/airflow/dags/crawl_f1_data.py
[2025-03-27T10:48:20.283+0000] {processor.py:925} INFO - DAG(s) 'crawl_f1_data' retrieved from /opt/airflow/dags/crawl_f1_data.py
[2025-03-27T10:48:20.311+0000] {logging_mixin.py:190} INFO - [2025-03-27T10:48:20.311+0000] {dag.py:3239} INFO - Sync 1 DAGs
[2025-03-27T10:48:20.338+0000] {logging_mixin.py:190} INFO - [2025-03-27T10:48:20.337+0000] {dag.py:4180} INFO - Setting next_dagrun for crawl_f1_data to 2024-01-01 00:00:00+00:00, run_after=2024-02-01 00:00:00+00:00
[2025-03-27T10:48:20.362+0000] {processor.py:208} INFO - Processing /opt/airflow/dags/crawl_f1_data.py took 0.115 seconds
[2025-03-27T10:48:50.498+0000] {processor.py:186} INFO - Started process (PID=940) to work on /opt/airflow/dags/crawl_f1_data.py
[2025-03-27T10:48:50.499+0000] {processor.py:914} INFO - Processing file /opt/airflow/dags/crawl_f1_data.py for tasks to queue
[2025-03-27T10:48:50.501+0000] {logging_mixin.py:190} INFO - [2025-03-27T10:48:50.501+0000] {dagbag.py:588} INFO - Filling up the DagBag from /opt/airflow/dags/crawl_f1_data.py
[2025-03-27T10:48:50.525+0000] {processor.py:925} INFO - DAG(s) 'crawl_f1_data' retrieved from /opt/airflow/dags/crawl_f1_data.py
[2025-03-27T10:48:50.555+0000] {logging_mixin.py:190} INFO - [2025-03-27T10:48:50.555+0000] {dag.py:3239} INFO - Sync 1 DAGs
[2025-03-27T10:48:50.580+0000] {logging_mixin.py:190} INFO - [2025-03-27T10:48:50.580+0000] {dag.py:4180} INFO - Setting next_dagrun for crawl_f1_data to 2024-01-01 00:00:00+00:00, run_after=2024-02-01 00:00:00+00:00
[2025-03-27T10:48:50.611+0000] {processor.py:208} INFO - Processing /opt/airflow/dags/crawl_f1_data.py took 0.119 seconds
[2025-03-27T10:49:20.827+0000] {processor.py:186} INFO - Started process (PID=945) to work on /opt/airflow/dags/crawl_f1_data.py
[2025-03-27T10:49:20.829+0000] {processor.py:914} INFO - Processing file /opt/airflow/dags/crawl_f1_data.py for tasks to queue
[2025-03-27T10:49:20.832+0000] {logging_mixin.py:190} INFO - [2025-03-27T10:49:20.831+0000] {dagbag.py:588} INFO - Filling up the DagBag from /opt/airflow/dags/crawl_f1_data.py
[2025-03-27T10:49:20.859+0000] {processor.py:925} INFO - DAG(s) 'crawl_f1_data' retrieved from /opt/airflow/dags/crawl_f1_data.py
[2025-03-27T10:49:20.888+0000] {logging_mixin.py:190} INFO - [2025-03-27T10:49:20.887+0000] {dag.py:3239} INFO - Sync 1 DAGs
[2025-03-27T10:49:20.917+0000] {logging_mixin.py:190} INFO - [2025-03-27T10:49:20.917+0000] {dag.py:4180} INFO - Setting next_dagrun for crawl_f1_data to 2024-01-01 00:00:00+00:00, run_after=2024-02-01 00:00:00+00:00
[2025-03-27T10:49:20.942+0000] {processor.py:208} INFO - Processing /opt/airflow/dags/crawl_f1_data.py took 0.124 seconds
[2025-03-27T10:49:51.068+0000] {processor.py:186} INFO - Started process (PID=950) to work on /opt/airflow/dags/crawl_f1_data.py
[2025-03-27T10:49:51.069+0000] {processor.py:914} INFO - Processing file /opt/airflow/dags/crawl_f1_data.py for tasks to queue
[2025-03-27T10:49:51.072+0000] {logging_mixin.py:190} INFO - [2025-03-27T10:49:51.071+0000] {dagbag.py:588} INFO - Filling up the DagBag from /opt/airflow/dags/crawl_f1_data.py
[2025-03-27T10:49:51.097+0000] {processor.py:925} INFO - DAG(s) 'crawl_f1_data' retrieved from /opt/airflow/dags/crawl_f1_data.py
[2025-03-27T10:49:51.127+0000] {logging_mixin.py:190} INFO - [2025-03-27T10:49:51.127+0000] {dag.py:3239} INFO - Sync 1 DAGs
[2025-03-27T10:49:51.157+0000] {logging_mixin.py:190} INFO - [2025-03-27T10:49:51.157+0000] {dag.py:4180} INFO - Setting next_dagrun for crawl_f1_data to 2024-01-01 00:00:00+00:00, run_after=2024-02-01 00:00:00+00:00
[2025-03-27T10:49:51.434+0000] {processor.py:208} INFO - Processing /opt/airflow/dags/crawl_f1_data.py took 0.372 seconds
[2025-03-27T10:50:21.687+0000] {processor.py:186} INFO - Started process (PID=955) to work on /opt/airflow/dags/crawl_f1_data.py
[2025-03-27T10:50:21.689+0000] {processor.py:914} INFO - Processing file /opt/airflow/dags/crawl_f1_data.py for tasks to queue
[2025-03-27T10:50:21.691+0000] {logging_mixin.py:190} INFO - [2025-03-27T10:50:21.691+0000] {dagbag.py:588} INFO - Filling up the DagBag from /opt/airflow/dags/crawl_f1_data.py
[2025-03-27T10:50:21.714+0000] {processor.py:925} INFO - DAG(s) 'crawl_f1_data' retrieved from /opt/airflow/dags/crawl_f1_data.py
[2025-03-27T10:50:21.744+0000] {logging_mixin.py:190} INFO - [2025-03-27T10:50:21.744+0000] {dag.py:3239} INFO - Sync 1 DAGs
[2025-03-27T10:50:21.769+0000] {logging_mixin.py:190} INFO - [2025-03-27T10:50:21.768+0000] {dag.py:4180} INFO - Setting next_dagrun for crawl_f1_data to 2024-01-01 00:00:00+00:00, run_after=2024-02-01 00:00:00+00:00
[2025-03-27T10:50:21.791+0000] {processor.py:208} INFO - Processing /opt/airflow/dags/crawl_f1_data.py took 0.110 seconds
[2025-03-27T10:50:51.928+0000] {processor.py:186} INFO - Started process (PID=967) to work on /opt/airflow/dags/crawl_f1_data.py
[2025-03-27T10:50:51.930+0000] {processor.py:914} INFO - Processing file /opt/airflow/dags/crawl_f1_data.py for tasks to queue
[2025-03-27T10:50:51.934+0000] {logging_mixin.py:190} INFO - [2025-03-27T10:50:51.933+0000] {dagbag.py:588} INFO - Filling up the DagBag from /opt/airflow/dags/crawl_f1_data.py
[2025-03-27T10:50:51.962+0000] {processor.py:925} INFO - DAG(s) 'crawl_f1_data' retrieved from /opt/airflow/dags/crawl_f1_data.py
[2025-03-27T10:50:51.995+0000] {logging_mixin.py:190} INFO - [2025-03-27T10:50:51.995+0000] {dag.py:3239} INFO - Sync 1 DAGs
[2025-03-27T10:50:52.024+0000] {logging_mixin.py:190} INFO - [2025-03-27T10:50:52.024+0000] {dag.py:4180} INFO - Setting next_dagrun for crawl_f1_data to 2024-01-01 00:00:00+00:00, run_after=2024-02-01 00:00:00+00:00
[2025-03-27T10:50:52.051+0000] {processor.py:208} INFO - Processing /opt/airflow/dags/crawl_f1_data.py took 0.129 seconds
[2025-03-27T10:51:22.274+0000] {processor.py:186} INFO - Started process (PID=1041) to work on /opt/airflow/dags/crawl_f1_data.py
[2025-03-27T10:51:22.275+0000] {processor.py:914} INFO - Processing file /opt/airflow/dags/crawl_f1_data.py for tasks to queue
[2025-03-27T10:51:22.278+0000] {logging_mixin.py:190} INFO - [2025-03-27T10:51:22.278+0000] {dagbag.py:588} INFO - Filling up the DagBag from /opt/airflow/dags/crawl_f1_data.py
[2025-03-27T10:51:22.300+0000] {processor.py:925} INFO - DAG(s) 'crawl_f1_data' retrieved from /opt/airflow/dags/crawl_f1_data.py
[2025-03-27T10:51:22.327+0000] {logging_mixin.py:190} INFO - [2025-03-27T10:51:22.327+0000] {dag.py:3239} INFO - Sync 1 DAGs
[2025-03-27T10:51:22.351+0000] {logging_mixin.py:190} INFO - [2025-03-27T10:51:22.351+0000] {dag.py:4180} INFO - Setting next_dagrun for crawl_f1_data to 2025-03-01 00:00:00+00:00, run_after=2025-04-01 00:00:00+00:00
[2025-03-27T10:51:22.373+0000] {processor.py:208} INFO - Processing /opt/airflow/dags/crawl_f1_data.py took 0.104 seconds
[2025-03-27T10:51:52.487+0000] {processor.py:186} INFO - Started process (PID=1059) to work on /opt/airflow/dags/crawl_f1_data.py
[2025-03-27T10:51:52.488+0000] {processor.py:914} INFO - Processing file /opt/airflow/dags/crawl_f1_data.py for tasks to queue
[2025-03-27T10:51:52.490+0000] {logging_mixin.py:190} INFO - [2025-03-27T10:51:52.489+0000] {dagbag.py:588} INFO - Filling up the DagBag from /opt/airflow/dags/crawl_f1_data.py
[2025-03-27T10:51:52.509+0000] {processor.py:925} INFO - DAG(s) 'crawl_f1_data' retrieved from /opt/airflow/dags/crawl_f1_data.py
[2025-03-27T10:51:52.533+0000] {logging_mixin.py:190} INFO - [2025-03-27T10:51:52.532+0000] {dag.py:3239} INFO - Sync 1 DAGs
[2025-03-27T10:51:52.556+0000] {logging_mixin.py:190} INFO - [2025-03-27T10:51:52.556+0000] {dag.py:4180} INFO - Setting next_dagrun for crawl_f1_data to 2025-03-01 00:00:00+00:00, run_after=2025-04-01 00:00:00+00:00
[2025-03-27T10:51:52.573+0000] {processor.py:208} INFO - Processing /opt/airflow/dags/crawl_f1_data.py took 0.091 seconds
[2025-03-27T10:52:22.787+0000] {processor.py:186} INFO - Started process (PID=1070) to work on /opt/airflow/dags/crawl_f1_data.py
[2025-03-27T10:52:22.788+0000] {processor.py:914} INFO - Processing file /opt/airflow/dags/crawl_f1_data.py for tasks to queue
[2025-03-27T10:52:22.790+0000] {logging_mixin.py:190} INFO - [2025-03-27T10:52:22.789+0000] {dagbag.py:588} INFO - Filling up the DagBag from /opt/airflow/dags/crawl_f1_data.py
[2025-03-27T10:52:22.810+0000] {processor.py:925} INFO - DAG(s) 'crawl_f1_data' retrieved from /opt/airflow/dags/crawl_f1_data.py
[2025-03-27T10:52:22.835+0000] {logging_mixin.py:190} INFO - [2025-03-27T10:52:22.835+0000] {dag.py:3239} INFO - Sync 1 DAGs
[2025-03-27T10:52:22.858+0000] {logging_mixin.py:190} INFO - [2025-03-27T10:52:22.858+0000] {dag.py:4180} INFO - Setting next_dagrun for crawl_f1_data to 2025-03-01 00:00:00+00:00, run_after=2025-04-01 00:00:00+00:00
[2025-03-27T10:52:22.890+0000] {processor.py:208} INFO - Processing /opt/airflow/dags/crawl_f1_data.py took 0.108 seconds
[2025-03-27T10:52:52.997+0000] {processor.py:186} INFO - Started process (PID=1087) to work on /opt/airflow/dags/crawl_f1_data.py
[2025-03-27T10:52:52.998+0000] {processor.py:914} INFO - Processing file /opt/airflow/dags/crawl_f1_data.py for tasks to queue
[2025-03-27T10:52:53.000+0000] {logging_mixin.py:190} INFO - [2025-03-27T10:52:53.000+0000] {dagbag.py:588} INFO - Filling up the DagBag from /opt/airflow/dags/crawl_f1_data.py
[2025-03-27T10:52:53.020+0000] {processor.py:925} INFO - DAG(s) 'crawl_f1_data' retrieved from /opt/airflow/dags/crawl_f1_data.py
[2025-03-27T10:52:53.046+0000] {logging_mixin.py:190} INFO - [2025-03-27T10:52:53.045+0000] {dag.py:3239} INFO - Sync 1 DAGs
[2025-03-27T10:52:53.068+0000] {logging_mixin.py:190} INFO - [2025-03-27T10:52:53.068+0000] {dag.py:4180} INFO - Setting next_dagrun for crawl_f1_data to 2025-03-01 00:00:00+00:00, run_after=2025-04-01 00:00:00+00:00
[2025-03-27T10:52:53.094+0000] {processor.py:208} INFO - Processing /opt/airflow/dags/crawl_f1_data.py took 0.101 seconds
[2025-03-27T10:53:23.349+0000] {processor.py:186} INFO - Started process (PID=1092) to work on /opt/airflow/dags/crawl_f1_data.py
[2025-03-27T10:53:23.351+0000] {processor.py:914} INFO - Processing file /opt/airflow/dags/crawl_f1_data.py for tasks to queue
[2025-03-27T10:53:23.355+0000] {logging_mixin.py:190} INFO - [2025-03-27T10:53:23.354+0000] {dagbag.py:588} INFO - Filling up the DagBag from /opt/airflow/dags/crawl_f1_data.py
[2025-03-27T10:53:23.381+0000] {processor.py:925} INFO - DAG(s) 'crawl_f1_data' retrieved from /opt/airflow/dags/crawl_f1_data.py
[2025-03-27T10:53:23.415+0000] {logging_mixin.py:190} INFO - [2025-03-27T10:53:23.414+0000] {dag.py:3239} INFO - Sync 1 DAGs
[2025-03-27T10:53:23.454+0000] {logging_mixin.py:190} INFO - [2025-03-27T10:53:23.454+0000] {dag.py:4180} INFO - Setting next_dagrun for crawl_f1_data to 2025-03-01 00:00:00+00:00, run_after=2025-04-01 00:00:00+00:00
[2025-03-27T10:53:23.485+0000] {processor.py:208} INFO - Processing /opt/airflow/dags/crawl_f1_data.py took 0.144 seconds
[2025-03-27T10:53:53.589+0000] {processor.py:186} INFO - Started process (PID=1097) to work on /opt/airflow/dags/crawl_f1_data.py
[2025-03-27T10:53:53.590+0000] {processor.py:914} INFO - Processing file /opt/airflow/dags/crawl_f1_data.py for tasks to queue
[2025-03-27T10:53:53.592+0000] {logging_mixin.py:190} INFO - [2025-03-27T10:53:53.592+0000] {dagbag.py:588} INFO - Filling up the DagBag from /opt/airflow/dags/crawl_f1_data.py
[2025-03-27T10:53:53.620+0000] {processor.py:925} INFO - DAG(s) 'crawl_f1_data' retrieved from /opt/airflow/dags/crawl_f1_data.py
[2025-03-27T10:53:53.656+0000] {logging_mixin.py:190} INFO - [2025-03-27T10:53:53.656+0000] {dag.py:3239} INFO - Sync 1 DAGs
[2025-03-27T10:53:53.694+0000] {logging_mixin.py:190} INFO - [2025-03-27T10:53:53.693+0000] {dag.py:4180} INFO - Setting next_dagrun for crawl_f1_data to 2025-03-01 00:00:00+00:00, run_after=2025-04-01 00:00:00+00:00
[2025-03-27T10:53:53.721+0000] {processor.py:208} INFO - Processing /opt/airflow/dags/crawl_f1_data.py took 0.138 seconds
[2025-03-27T10:54:23.951+0000] {processor.py:186} INFO - Started process (PID=1102) to work on /opt/airflow/dags/crawl_f1_data.py
[2025-03-27T10:54:23.952+0000] {processor.py:914} INFO - Processing file /opt/airflow/dags/crawl_f1_data.py for tasks to queue
[2025-03-27T10:54:23.955+0000] {logging_mixin.py:190} INFO - [2025-03-27T10:54:23.954+0000] {dagbag.py:588} INFO - Filling up the DagBag from /opt/airflow/dags/crawl_f1_data.py
[2025-03-27T10:54:23.979+0000] {processor.py:925} INFO - DAG(s) 'crawl_f1_data' retrieved from /opt/airflow/dags/crawl_f1_data.py
[2025-03-27T10:54:24.011+0000] {logging_mixin.py:190} INFO - [2025-03-27T10:54:24.011+0000] {dag.py:3239} INFO - Sync 1 DAGs
[2025-03-27T10:54:24.040+0000] {logging_mixin.py:190} INFO - [2025-03-27T10:54:24.040+0000] {dag.py:4180} INFO - Setting next_dagrun for crawl_f1_data to 2025-03-01 00:00:00+00:00, run_after=2025-04-01 00:00:00+00:00
[2025-03-27T10:54:24.061+0000] {processor.py:208} INFO - Processing /opt/airflow/dags/crawl_f1_data.py took 0.115 seconds
[2025-03-27T10:54:54.199+0000] {processor.py:186} INFO - Started process (PID=1107) to work on /opt/airflow/dags/crawl_f1_data.py
[2025-03-27T10:54:54.201+0000] {processor.py:914} INFO - Processing file /opt/airflow/dags/crawl_f1_data.py for tasks to queue
[2025-03-27T10:54:54.204+0000] {logging_mixin.py:190} INFO - [2025-03-27T10:54:54.204+0000] {dagbag.py:588} INFO - Filling up the DagBag from /opt/airflow/dags/crawl_f1_data.py
[2025-03-27T10:54:54.232+0000] {processor.py:925} INFO - DAG(s) 'crawl_f1_data' retrieved from /opt/airflow/dags/crawl_f1_data.py
[2025-03-27T10:54:54.266+0000] {logging_mixin.py:190} INFO - [2025-03-27T10:54:54.265+0000] {dag.py:3239} INFO - Sync 1 DAGs
[2025-03-27T10:54:54.302+0000] {logging_mixin.py:190} INFO - [2025-03-27T10:54:54.301+0000] {dag.py:4180} INFO - Setting next_dagrun for crawl_f1_data to 2025-03-01 00:00:00+00:00, run_after=2025-04-01 00:00:00+00:00
[2025-03-27T10:54:54.331+0000] {processor.py:208} INFO - Processing /opt/airflow/dags/crawl_f1_data.py took 0.141 seconds
[2025-03-27T10:55:24.513+0000] {processor.py:186} INFO - Started process (PID=1112) to work on /opt/airflow/dags/crawl_f1_data.py
[2025-03-27T10:55:24.514+0000] {processor.py:914} INFO - Processing file /opt/airflow/dags/crawl_f1_data.py for tasks to queue
[2025-03-27T10:55:24.517+0000] {logging_mixin.py:190} INFO - [2025-03-27T10:55:24.517+0000] {dagbag.py:588} INFO - Filling up the DagBag from /opt/airflow/dags/crawl_f1_data.py
[2025-03-27T10:55:24.550+0000] {processor.py:925} INFO - DAG(s) 'crawl_f1_data' retrieved from /opt/airflow/dags/crawl_f1_data.py
[2025-03-27T10:55:24.592+0000] {logging_mixin.py:190} INFO - [2025-03-27T10:55:24.591+0000] {dag.py:3239} INFO - Sync 1 DAGs
[2025-03-27T10:55:24.623+0000] {logging_mixin.py:190} INFO - [2025-03-27T10:55:24.623+0000] {dag.py:4180} INFO - Setting next_dagrun for crawl_f1_data to 2025-03-01 00:00:00+00:00, run_after=2025-04-01 00:00:00+00:00
[2025-03-27T10:55:24.649+0000] {processor.py:208} INFO - Processing /opt/airflow/dags/crawl_f1_data.py took 0.142 seconds
[2025-03-27T10:55:54.784+0000] {processor.py:186} INFO - Started process (PID=1117) to work on /opt/airflow/dags/crawl_f1_data.py
[2025-03-27T10:55:54.785+0000] {processor.py:914} INFO - Processing file /opt/airflow/dags/crawl_f1_data.py for tasks to queue
[2025-03-27T10:55:54.788+0000] {logging_mixin.py:190} INFO - [2025-03-27T10:55:54.788+0000] {dagbag.py:588} INFO - Filling up the DagBag from /opt/airflow/dags/crawl_f1_data.py
[2025-03-27T10:55:54.810+0000] {processor.py:925} INFO - DAG(s) 'crawl_f1_data' retrieved from /opt/airflow/dags/crawl_f1_data.py
[2025-03-27T10:55:54.841+0000] {logging_mixin.py:190} INFO - [2025-03-27T10:55:54.840+0000] {dag.py:3239} INFO - Sync 1 DAGs
[2025-03-27T10:55:54.868+0000] {logging_mixin.py:190} INFO - [2025-03-27T10:55:54.868+0000] {dag.py:4180} INFO - Setting next_dagrun for crawl_f1_data to 2025-03-01 00:00:00+00:00, run_after=2025-04-01 00:00:00+00:00
[2025-03-27T10:55:54.892+0000] {processor.py:208} INFO - Processing /opt/airflow/dags/crawl_f1_data.py took 0.115 seconds
[2025-03-27T10:56:25.160+0000] {processor.py:186} INFO - Started process (PID=1178) to work on /opt/airflow/dags/crawl_f1_data.py
[2025-03-27T10:56:25.161+0000] {processor.py:914} INFO - Processing file /opt/airflow/dags/crawl_f1_data.py for tasks to queue
[2025-03-27T10:56:25.164+0000] {logging_mixin.py:190} INFO - [2025-03-27T10:56:25.163+0000] {dagbag.py:588} INFO - Filling up the DagBag from /opt/airflow/dags/crawl_f1_data.py
[2025-03-27T10:56:25.190+0000] {processor.py:925} INFO - DAG(s) 'crawl_f1_data' retrieved from /opt/airflow/dags/crawl_f1_data.py
[2025-03-27T10:56:25.228+0000] {logging_mixin.py:190} INFO - [2025-03-27T10:56:25.228+0000] {dag.py:3239} INFO - Sync 1 DAGs
[2025-03-27T10:56:25.268+0000] {logging_mixin.py:190} INFO - [2025-03-27T10:56:25.268+0000] {dag.py:4180} INFO - Setting next_dagrun for crawl_f1_data to 2025-03-01 00:00:00+00:00, run_after=2025-04-01 00:00:00+00:00
[2025-03-27T10:56:25.297+0000] {processor.py:208} INFO - Processing /opt/airflow/dags/crawl_f1_data.py took 0.149 seconds
[2025-03-27T10:56:55.384+0000] {processor.py:186} INFO - Started process (PID=1183) to work on /opt/airflow/dags/crawl_f1_data.py
[2025-03-27T10:56:55.385+0000] {processor.py:914} INFO - Processing file /opt/airflow/dags/crawl_f1_data.py for tasks to queue
[2025-03-27T10:56:55.387+0000] {logging_mixin.py:190} INFO - [2025-03-27T10:56:55.387+0000] {dagbag.py:588} INFO - Filling up the DagBag from /opt/airflow/dags/crawl_f1_data.py
[2025-03-27T10:56:55.412+0000] {processor.py:925} INFO - DAG(s) 'crawl_f1_data' retrieved from /opt/airflow/dags/crawl_f1_data.py
[2025-03-27T10:56:55.450+0000] {logging_mixin.py:190} INFO - [2025-03-27T10:56:55.449+0000] {dag.py:3239} INFO - Sync 1 DAGs
[2025-03-27T10:56:55.480+0000] {logging_mixin.py:190} INFO - [2025-03-27T10:56:55.480+0000] {dag.py:4180} INFO - Setting next_dagrun for crawl_f1_data to 2025-03-01 00:00:00+00:00, run_after=2025-04-01 00:00:00+00:00
[2025-03-27T10:56:55.505+0000] {processor.py:208} INFO - Processing /opt/airflow/dags/crawl_f1_data.py took 0.127 seconds
[2025-03-27T10:57:25.773+0000] {processor.py:186} INFO - Started process (PID=1188) to work on /opt/airflow/dags/crawl_f1_data.py
[2025-03-27T10:57:25.774+0000] {processor.py:914} INFO - Processing file /opt/airflow/dags/crawl_f1_data.py for tasks to queue
[2025-03-27T10:57:25.776+0000] {logging_mixin.py:190} INFO - [2025-03-27T10:57:25.776+0000] {dagbag.py:588} INFO - Filling up the DagBag from /opt/airflow/dags/crawl_f1_data.py
[2025-03-27T10:57:25.800+0000] {processor.py:925} INFO - DAG(s) 'crawl_f1_data' retrieved from /opt/airflow/dags/crawl_f1_data.py
[2025-03-27T10:57:25.835+0000] {logging_mixin.py:190} INFO - [2025-03-27T10:57:25.834+0000] {dag.py:3239} INFO - Sync 1 DAGs
[2025-03-27T10:57:25.864+0000] {logging_mixin.py:190} INFO - [2025-03-27T10:57:25.864+0000] {dag.py:4180} INFO - Setting next_dagrun for crawl_f1_data to 2025-03-01 00:00:00+00:00, run_after=2025-04-01 00:00:00+00:00
[2025-03-27T10:57:25.888+0000] {processor.py:208} INFO - Processing /opt/airflow/dags/crawl_f1_data.py took 0.121 seconds
[2025-03-27T10:57:55.996+0000] {processor.py:186} INFO - Started process (PID=1193) to work on /opt/airflow/dags/crawl_f1_data.py
[2025-03-27T10:57:55.997+0000] {processor.py:914} INFO - Processing file /opt/airflow/dags/crawl_f1_data.py for tasks to queue
[2025-03-27T10:57:55.999+0000] {logging_mixin.py:190} INFO - [2025-03-27T10:57:55.999+0000] {dagbag.py:588} INFO - Filling up the DagBag from /opt/airflow/dags/crawl_f1_data.py
[2025-03-27T10:57:56.023+0000] {processor.py:925} INFO - DAG(s) 'crawl_f1_data' retrieved from /opt/airflow/dags/crawl_f1_data.py
[2025-03-27T10:57:56.056+0000] {logging_mixin.py:190} INFO - [2025-03-27T10:57:56.056+0000] {dag.py:3239} INFO - Sync 1 DAGs
[2025-03-27T10:57:56.082+0000] {logging_mixin.py:190} INFO - [2025-03-27T10:57:56.082+0000] {dag.py:4180} INFO - Setting next_dagrun for crawl_f1_data to 2025-03-01 00:00:00+00:00, run_after=2025-04-01 00:00:00+00:00
[2025-03-27T10:57:56.104+0000] {processor.py:208} INFO - Processing /opt/airflow/dags/crawl_f1_data.py took 0.115 seconds
[2025-03-27T10:58:26.339+0000] {processor.py:186} INFO - Started process (PID=1198) to work on /opt/airflow/dags/crawl_f1_data.py
[2025-03-27T10:58:26.340+0000] {processor.py:914} INFO - Processing file /opt/airflow/dags/crawl_f1_data.py for tasks to queue
[2025-03-27T10:58:26.342+0000] {logging_mixin.py:190} INFO - [2025-03-27T10:58:26.342+0000] {dagbag.py:588} INFO - Filling up the DagBag from /opt/airflow/dags/crawl_f1_data.py
[2025-03-27T10:58:26.367+0000] {processor.py:925} INFO - DAG(s) 'crawl_f1_data' retrieved from /opt/airflow/dags/crawl_f1_data.py
[2025-03-27T10:58:26.398+0000] {logging_mixin.py:190} INFO - [2025-03-27T10:58:26.398+0000] {dag.py:3239} INFO - Sync 1 DAGs
[2025-03-27T10:58:26.426+0000] {logging_mixin.py:190} INFO - [2025-03-27T10:58:26.426+0000] {dag.py:4180} INFO - Setting next_dagrun for crawl_f1_data to 2025-03-01 00:00:00+00:00, run_after=2025-04-01 00:00:00+00:00
[2025-03-27T10:58:26.633+0000] {processor.py:208} INFO - Processing /opt/airflow/dags/crawl_f1_data.py took 0.302 seconds
[2025-03-27T10:58:56.888+0000] {processor.py:186} INFO - Started process (PID=1203) to work on /opt/airflow/dags/crawl_f1_data.py
[2025-03-27T10:58:56.889+0000] {processor.py:914} INFO - Processing file /opt/airflow/dags/crawl_f1_data.py for tasks to queue
[2025-03-27T10:58:56.893+0000] {logging_mixin.py:190} INFO - [2025-03-27T10:58:56.892+0000] {dagbag.py:588} INFO - Filling up the DagBag from /opt/airflow/dags/crawl_f1_data.py
[2025-03-27T10:58:56.915+0000] {processor.py:925} INFO - DAG(s) 'crawl_f1_data' retrieved from /opt/airflow/dags/crawl_f1_data.py
[2025-03-27T10:58:56.946+0000] {logging_mixin.py:190} INFO - [2025-03-27T10:58:56.946+0000] {dag.py:3239} INFO - Sync 1 DAGs
[2025-03-27T10:58:56.973+0000] {logging_mixin.py:190} INFO - [2025-03-27T10:58:56.972+0000] {dag.py:4180} INFO - Setting next_dagrun for crawl_f1_data to 2025-03-01 00:00:00+00:00, run_after=2025-04-01 00:00:00+00:00
[2025-03-27T10:58:56.996+0000] {processor.py:208} INFO - Processing /opt/airflow/dags/crawl_f1_data.py took 0.115 seconds
[2025-03-27T10:59:27.124+0000] {processor.py:186} INFO - Started process (PID=1208) to work on /opt/airflow/dags/crawl_f1_data.py
[2025-03-27T10:59:27.125+0000] {processor.py:914} INFO - Processing file /opt/airflow/dags/crawl_f1_data.py for tasks to queue
[2025-03-27T10:59:27.129+0000] {logging_mixin.py:190} INFO - [2025-03-27T10:59:27.129+0000] {dagbag.py:588} INFO - Filling up the DagBag from /opt/airflow/dags/crawl_f1_data.py
[2025-03-27T10:59:27.151+0000] {processor.py:925} INFO - DAG(s) 'crawl_f1_data' retrieved from /opt/airflow/dags/crawl_f1_data.py
[2025-03-27T10:59:27.188+0000] {logging_mixin.py:190} INFO - [2025-03-27T10:59:27.188+0000] {dag.py:3239} INFO - Sync 1 DAGs
[2025-03-27T10:59:27.213+0000] {logging_mixin.py:190} INFO - [2025-03-27T10:59:27.213+0000] {dag.py:4180} INFO - Setting next_dagrun for crawl_f1_data to 2025-03-01 00:00:00+00:00, run_after=2025-04-01 00:00:00+00:00
[2025-03-27T10:59:27.244+0000] {processor.py:208} INFO - Processing /opt/airflow/dags/crawl_f1_data.py took 0.126 seconds
[2025-03-27T10:59:57.442+0000] {processor.py:186} INFO - Started process (PID=1213) to work on /opt/airflow/dags/crawl_f1_data.py
[2025-03-27T10:59:57.443+0000] {processor.py:914} INFO - Processing file /opt/airflow/dags/crawl_f1_data.py for tasks to queue
[2025-03-27T10:59:57.445+0000] {logging_mixin.py:190} INFO - [2025-03-27T10:59:57.445+0000] {dagbag.py:588} INFO - Filling up the DagBag from /opt/airflow/dags/crawl_f1_data.py
[2025-03-27T10:59:57.465+0000] {processor.py:925} INFO - DAG(s) 'crawl_f1_data' retrieved from /opt/airflow/dags/crawl_f1_data.py
[2025-03-27T10:59:57.488+0000] {logging_mixin.py:190} INFO - [2025-03-27T10:59:57.488+0000] {dag.py:3239} INFO - Sync 1 DAGs
[2025-03-27T10:59:57.509+0000] {logging_mixin.py:190} INFO - [2025-03-27T10:59:57.509+0000] {dag.py:4180} INFO - Setting next_dagrun for crawl_f1_data to 2025-03-01 00:00:00+00:00, run_after=2025-04-01 00:00:00+00:00
[2025-03-27T10:59:57.528+0000] {processor.py:208} INFO - Processing /opt/airflow/dags/crawl_f1_data.py took 0.090 seconds
