[2025-04-24T06:23:29.719+0000] {processor.py:186} INFO - Started process (PID=173) to work on /opt/airflow/dags/crawl_f1_data.py
[2025-04-24T06:23:29.720+0000] {processor.py:914} INFO - Processing file /opt/airflow/dags/crawl_f1_data.py for tasks to queue
[2025-04-24T06:23:29.723+0000] {logging_mixin.py:190} INFO - [2025-04-24T06:23:29.722+0000] {dagbag.py:588} INFO - Filling up the DagBag from /opt/airflow/dags/crawl_f1_data.py
[2025-04-24T06:23:29.768+0000] {processor.py:925} INFO - DAG(s) 'crawl_f1_data' retrieved from /opt/airflow/dags/crawl_f1_data.py
[2025-04-24T06:23:29.819+0000] {logging_mixin.py:190} INFO - [2025-04-24T06:23:29.819+0000] {dag.py:3239} INFO - Sync 1 DAGs
[2025-04-24T06:23:29.870+0000] {logging_mixin.py:190} INFO - [2025-04-24T06:23:29.870+0000] {dag.py:4180} INFO - Setting next_dagrun for crawl_f1_data to 2025-04-01 00:00:00+00:00, run_after=2025-05-01 00:00:00+00:00
[2025-04-24T06:23:29.906+0000] {processor.py:208} INFO - Processing /opt/airflow/dags/crawl_f1_data.py took 0.196 seconds
[2025-04-24T06:24:00.223+0000] {processor.py:186} INFO - Started process (PID=178) to work on /opt/airflow/dags/crawl_f1_data.py
[2025-04-24T06:24:00.224+0000] {processor.py:914} INFO - Processing file /opt/airflow/dags/crawl_f1_data.py for tasks to queue
[2025-04-24T06:24:00.227+0000] {logging_mixin.py:190} INFO - [2025-04-24T06:24:00.227+0000] {dagbag.py:588} INFO - Filling up the DagBag from /opt/airflow/dags/crawl_f1_data.py
[2025-04-24T06:24:00.256+0000] {processor.py:925} INFO - DAG(s) 'crawl_f1_data' retrieved from /opt/airflow/dags/crawl_f1_data.py
[2025-04-24T06:24:00.296+0000] {logging_mixin.py:190} INFO - [2025-04-24T06:24:00.295+0000] {dag.py:3239} INFO - Sync 1 DAGs
[2025-04-24T06:24:00.336+0000] {logging_mixin.py:190} INFO - [2025-04-24T06:24:00.336+0000] {dag.py:4180} INFO - Setting next_dagrun for crawl_f1_data to 2025-04-01 00:00:00+00:00, run_after=2025-05-01 00:00:00+00:00
[2025-04-24T06:24:00.362+0000] {processor.py:208} INFO - Processing /opt/airflow/dags/crawl_f1_data.py took 0.146 seconds
[2025-04-24T06:24:30.414+0000] {processor.py:186} INFO - Started process (PID=183) to work on /opt/airflow/dags/crawl_f1_data.py
[2025-04-24T06:24:30.415+0000] {processor.py:914} INFO - Processing file /opt/airflow/dags/crawl_f1_data.py for tasks to queue
[2025-04-24T06:24:30.417+0000] {logging_mixin.py:190} INFO - [2025-04-24T06:24:30.417+0000] {dagbag.py:588} INFO - Filling up the DagBag from /opt/airflow/dags/crawl_f1_data.py
[2025-04-24T06:24:30.440+0000] {processor.py:925} INFO - DAG(s) 'crawl_f1_data' retrieved from /opt/airflow/dags/crawl_f1_data.py
[2025-04-24T06:24:30.465+0000] {logging_mixin.py:190} INFO - [2025-04-24T06:24:30.465+0000] {dag.py:3239} INFO - Sync 1 DAGs
[2025-04-24T06:24:30.490+0000] {logging_mixin.py:190} INFO - [2025-04-24T06:24:30.490+0000] {dag.py:4180} INFO - Setting next_dagrun for crawl_f1_data to 2025-04-01 00:00:00+00:00, run_after=2025-05-01 00:00:00+00:00
[2025-04-24T06:24:30.510+0000] {processor.py:208} INFO - Processing /opt/airflow/dags/crawl_f1_data.py took 0.101 seconds
[2025-04-24T06:25:00.607+0000] {processor.py:186} INFO - Started process (PID=188) to work on /opt/airflow/dags/crawl_f1_data.py
[2025-04-24T06:25:00.607+0000] {processor.py:914} INFO - Processing file /opt/airflow/dags/crawl_f1_data.py for tasks to queue
[2025-04-24T06:25:00.609+0000] {logging_mixin.py:190} INFO - [2025-04-24T06:25:00.609+0000] {dagbag.py:588} INFO - Filling up the DagBag from /opt/airflow/dags/crawl_f1_data.py
[2025-04-24T06:25:00.629+0000] {processor.py:925} INFO - DAG(s) 'crawl_f1_data' retrieved from /opt/airflow/dags/crawl_f1_data.py
[2025-04-24T06:25:00.653+0000] {logging_mixin.py:190} INFO - [2025-04-24T06:25:00.653+0000] {dag.py:3239} INFO - Sync 1 DAGs
[2025-04-24T06:25:00.674+0000] {logging_mixin.py:190} INFO - [2025-04-24T06:25:00.673+0000] {dag.py:4180} INFO - Setting next_dagrun for crawl_f1_data to 2025-04-01 00:00:00+00:00, run_after=2025-05-01 00:00:00+00:00
[2025-04-24T06:25:00.733+0000] {processor.py:208} INFO - Processing /opt/airflow/dags/crawl_f1_data.py took 0.132 seconds
[2025-04-24T06:25:30.895+0000] {processor.py:186} INFO - Started process (PID=193) to work on /opt/airflow/dags/crawl_f1_data.py
[2025-04-24T06:25:30.899+0000] {processor.py:914} INFO - Processing file /opt/airflow/dags/crawl_f1_data.py for tasks to queue
[2025-04-24T06:25:30.902+0000] {logging_mixin.py:190} INFO - [2025-04-24T06:25:30.902+0000] {dagbag.py:588} INFO - Filling up the DagBag from /opt/airflow/dags/crawl_f1_data.py
[2025-04-24T06:25:30.927+0000] {processor.py:925} INFO - DAG(s) 'crawl_f1_data' retrieved from /opt/airflow/dags/crawl_f1_data.py
[2025-04-24T06:25:30.955+0000] {logging_mixin.py:190} INFO - [2025-04-24T06:25:30.954+0000] {dag.py:3239} INFO - Sync 1 DAGs
[2025-04-24T06:25:30.984+0000] {logging_mixin.py:190} INFO - [2025-04-24T06:25:30.984+0000] {dag.py:4180} INFO - Setting next_dagrun for crawl_f1_data to 2025-04-01 00:00:00+00:00, run_after=2025-05-01 00:00:00+00:00
[2025-04-24T06:25:31.009+0000] {processor.py:208} INFO - Processing /opt/airflow/dags/crawl_f1_data.py took 0.120 seconds
[2025-04-24T06:26:01.116+0000] {processor.py:186} INFO - Started process (PID=198) to work on /opt/airflow/dags/crawl_f1_data.py
[2025-04-24T06:26:01.116+0000] {processor.py:914} INFO - Processing file /opt/airflow/dags/crawl_f1_data.py for tasks to queue
[2025-04-24T06:26:01.118+0000] {logging_mixin.py:190} INFO - [2025-04-24T06:26:01.118+0000] {dagbag.py:588} INFO - Filling up the DagBag from /opt/airflow/dags/crawl_f1_data.py
[2025-04-24T06:26:01.138+0000] {processor.py:925} INFO - DAG(s) 'crawl_f1_data' retrieved from /opt/airflow/dags/crawl_f1_data.py
[2025-04-24T06:26:01.160+0000] {logging_mixin.py:190} INFO - [2025-04-24T06:26:01.160+0000] {dag.py:3239} INFO - Sync 1 DAGs
[2025-04-24T06:26:01.181+0000] {logging_mixin.py:190} INFO - [2025-04-24T06:26:01.181+0000] {dag.py:4180} INFO - Setting next_dagrun for crawl_f1_data to 2025-04-01 00:00:00+00:00, run_after=2025-05-01 00:00:00+00:00
[2025-04-24T06:26:01.198+0000] {processor.py:208} INFO - Processing /opt/airflow/dags/crawl_f1_data.py took 0.087 seconds
[2025-04-24T06:26:31.400+0000] {processor.py:186} INFO - Started process (PID=203) to work on /opt/airflow/dags/crawl_f1_data.py
[2025-04-24T06:26:31.401+0000] {processor.py:914} INFO - Processing file /opt/airflow/dags/crawl_f1_data.py for tasks to queue
[2025-04-24T06:26:31.403+0000] {logging_mixin.py:190} INFO - [2025-04-24T06:26:31.402+0000] {dagbag.py:588} INFO - Filling up the DagBag from /opt/airflow/dags/crawl_f1_data.py
[2025-04-24T06:26:31.423+0000] {processor.py:925} INFO - DAG(s) 'crawl_f1_data' retrieved from /opt/airflow/dags/crawl_f1_data.py
[2025-04-24T06:26:31.449+0000] {logging_mixin.py:190} INFO - [2025-04-24T06:26:31.448+0000] {dag.py:3239} INFO - Sync 1 DAGs
[2025-04-24T06:26:31.469+0000] {logging_mixin.py:190} INFO - [2025-04-24T06:26:31.469+0000] {dag.py:4180} INFO - Setting next_dagrun for crawl_f1_data to 2025-04-01 00:00:00+00:00, run_after=2025-05-01 00:00:00+00:00
[2025-04-24T06:26:31.489+0000] {processor.py:208} INFO - Processing /opt/airflow/dags/crawl_f1_data.py took 0.094 seconds
[2025-04-24T06:27:01.604+0000] {processor.py:186} INFO - Started process (PID=208) to work on /opt/airflow/dags/crawl_f1_data.py
[2025-04-24T06:27:01.605+0000] {processor.py:914} INFO - Processing file /opt/airflow/dags/crawl_f1_data.py for tasks to queue
[2025-04-24T06:27:01.607+0000] {logging_mixin.py:190} INFO - [2025-04-24T06:27:01.607+0000] {dagbag.py:588} INFO - Filling up the DagBag from /opt/airflow/dags/crawl_f1_data.py
[2025-04-24T06:27:01.629+0000] {processor.py:925} INFO - DAG(s) 'crawl_f1_data' retrieved from /opt/airflow/dags/crawl_f1_data.py
[2025-04-24T06:27:01.654+0000] {logging_mixin.py:190} INFO - [2025-04-24T06:27:01.654+0000] {dag.py:3239} INFO - Sync 1 DAGs
[2025-04-24T06:27:01.678+0000] {logging_mixin.py:190} INFO - [2025-04-24T06:27:01.678+0000] {dag.py:4180} INFO - Setting next_dagrun for crawl_f1_data to 2025-04-01 00:00:00+00:00, run_after=2025-05-01 00:00:00+00:00
[2025-04-24T06:27:01.699+0000] {processor.py:208} INFO - Processing /opt/airflow/dags/crawl_f1_data.py took 0.099 seconds
[2025-04-24T06:27:31.889+0000] {processor.py:186} INFO - Started process (PID=213) to work on /opt/airflow/dags/crawl_f1_data.py
[2025-04-24T06:27:31.890+0000] {processor.py:914} INFO - Processing file /opt/airflow/dags/crawl_f1_data.py for tasks to queue
[2025-04-24T06:27:31.892+0000] {logging_mixin.py:190} INFO - [2025-04-24T06:27:31.892+0000] {dagbag.py:588} INFO - Filling up the DagBag from /opt/airflow/dags/crawl_f1_data.py
[2025-04-24T06:27:31.912+0000] {processor.py:925} INFO - DAG(s) 'crawl_f1_data' retrieved from /opt/airflow/dags/crawl_f1_data.py
[2025-04-24T06:27:31.942+0000] {logging_mixin.py:190} INFO - [2025-04-24T06:27:31.941+0000] {dag.py:3239} INFO - Sync 1 DAGs
[2025-04-24T06:27:31.971+0000] {logging_mixin.py:190} INFO - [2025-04-24T06:27:31.971+0000] {dag.py:4180} INFO - Setting next_dagrun for crawl_f1_data to 2025-04-01 00:00:00+00:00, run_after=2025-05-01 00:00:00+00:00
[2025-04-24T06:27:31.999+0000] {processor.py:208} INFO - Processing /opt/airflow/dags/crawl_f1_data.py took 0.116 seconds
[2025-04-24T06:28:02.138+0000] {processor.py:186} INFO - Started process (PID=218) to work on /opt/airflow/dags/crawl_f1_data.py
[2025-04-24T06:28:02.138+0000] {processor.py:914} INFO - Processing file /opt/airflow/dags/crawl_f1_data.py for tasks to queue
[2025-04-24T06:28:02.141+0000] {logging_mixin.py:190} INFO - [2025-04-24T06:28:02.141+0000] {dagbag.py:588} INFO - Filling up the DagBag from /opt/airflow/dags/crawl_f1_data.py
[2025-04-24T06:28:02.164+0000] {processor.py:925} INFO - DAG(s) 'crawl_f1_data' retrieved from /opt/airflow/dags/crawl_f1_data.py
[2025-04-24T06:28:02.189+0000] {logging_mixin.py:190} INFO - [2025-04-24T06:28:02.189+0000] {dag.py:3239} INFO - Sync 1 DAGs
[2025-04-24T06:28:02.212+0000] {logging_mixin.py:190} INFO - [2025-04-24T06:28:02.212+0000] {dag.py:4180} INFO - Setting next_dagrun for crawl_f1_data to 2025-04-01 00:00:00+00:00, run_after=2025-05-01 00:00:00+00:00
[2025-04-24T06:28:02.233+0000] {processor.py:208} INFO - Processing /opt/airflow/dags/crawl_f1_data.py took 0.101 seconds
[2025-04-24T06:28:32.451+0000] {processor.py:186} INFO - Started process (PID=223) to work on /opt/airflow/dags/crawl_f1_data.py
[2025-04-24T06:28:32.452+0000] {processor.py:914} INFO - Processing file /opt/airflow/dags/crawl_f1_data.py for tasks to queue
[2025-04-24T06:28:32.454+0000] {logging_mixin.py:190} INFO - [2025-04-24T06:28:32.454+0000] {dagbag.py:588} INFO - Filling up the DagBag from /opt/airflow/dags/crawl_f1_data.py
[2025-04-24T06:28:32.473+0000] {processor.py:925} INFO - DAG(s) 'crawl_f1_data' retrieved from /opt/airflow/dags/crawl_f1_data.py
[2025-04-24T06:28:32.495+0000] {logging_mixin.py:190} INFO - [2025-04-24T06:28:32.495+0000] {dag.py:3239} INFO - Sync 1 DAGs
[2025-04-24T06:28:32.515+0000] {logging_mixin.py:190} INFO - [2025-04-24T06:28:32.515+0000] {dag.py:4180} INFO - Setting next_dagrun for crawl_f1_data to 2025-04-01 00:00:00+00:00, run_after=2025-05-01 00:00:00+00:00
[2025-04-24T06:28:32.533+0000] {processor.py:208} INFO - Processing /opt/airflow/dags/crawl_f1_data.py took 0.086 seconds
[2025-04-24T06:29:02.658+0000] {processor.py:186} INFO - Started process (PID=228) to work on /opt/airflow/dags/crawl_f1_data.py
[2025-04-24T06:29:02.659+0000] {processor.py:914} INFO - Processing file /opt/airflow/dags/crawl_f1_data.py for tasks to queue
[2025-04-24T06:29:02.661+0000] {logging_mixin.py:190} INFO - [2025-04-24T06:29:02.660+0000] {dagbag.py:588} INFO - Filling up the DagBag from /opt/airflow/dags/crawl_f1_data.py
[2025-04-24T06:29:02.683+0000] {processor.py:925} INFO - DAG(s) 'crawl_f1_data' retrieved from /opt/airflow/dags/crawl_f1_data.py
[2025-04-24T06:29:02.717+0000] {logging_mixin.py:190} INFO - [2025-04-24T06:29:02.716+0000] {dag.py:3239} INFO - Sync 1 DAGs
[2025-04-24T06:29:02.749+0000] {logging_mixin.py:190} INFO - [2025-04-24T06:29:02.749+0000] {dag.py:4180} INFO - Setting next_dagrun for crawl_f1_data to 2025-04-01 00:00:00+00:00, run_after=2025-05-01 00:00:00+00:00
[2025-04-24T06:29:02.776+0000] {processor.py:208} INFO - Processing /opt/airflow/dags/crawl_f1_data.py took 0.124 seconds
[2025-04-24T06:29:32.917+0000] {processor.py:186} INFO - Started process (PID=233) to work on /opt/airflow/dags/crawl_f1_data.py
[2025-04-24T06:29:32.918+0000] {processor.py:914} INFO - Processing file /opt/airflow/dags/crawl_f1_data.py for tasks to queue
[2025-04-24T06:29:32.919+0000] {logging_mixin.py:190} INFO - [2025-04-24T06:29:32.919+0000] {dagbag.py:588} INFO - Filling up the DagBag from /opt/airflow/dags/crawl_f1_data.py
[2025-04-24T06:29:32.939+0000] {processor.py:925} INFO - DAG(s) 'crawl_f1_data' retrieved from /opt/airflow/dags/crawl_f1_data.py
[2025-04-24T06:29:32.963+0000] {logging_mixin.py:190} INFO - [2025-04-24T06:29:32.963+0000] {dag.py:3239} INFO - Sync 1 DAGs
[2025-04-24T06:29:32.987+0000] {logging_mixin.py:190} INFO - [2025-04-24T06:29:32.987+0000] {dag.py:4180} INFO - Setting next_dagrun for crawl_f1_data to 2025-04-01 00:00:00+00:00, run_after=2025-05-01 00:00:00+00:00
[2025-04-24T06:29:33.006+0000] {processor.py:208} INFO - Processing /opt/airflow/dags/crawl_f1_data.py took 0.094 seconds
[2025-04-24T06:30:03.203+0000] {processor.py:186} INFO - Started process (PID=238) to work on /opt/airflow/dags/crawl_f1_data.py
[2025-04-24T06:30:03.203+0000] {processor.py:914} INFO - Processing file /opt/airflow/dags/crawl_f1_data.py for tasks to queue
[2025-04-24T06:30:03.205+0000] {logging_mixin.py:190} INFO - [2025-04-24T06:30:03.205+0000] {dagbag.py:588} INFO - Filling up the DagBag from /opt/airflow/dags/crawl_f1_data.py
[2025-04-24T06:30:03.224+0000] {processor.py:925} INFO - DAG(s) 'crawl_f1_data' retrieved from /opt/airflow/dags/crawl_f1_data.py
[2025-04-24T06:30:03.247+0000] {logging_mixin.py:190} INFO - [2025-04-24T06:30:03.247+0000] {dag.py:3239} INFO - Sync 1 DAGs
[2025-04-24T06:30:03.269+0000] {logging_mixin.py:190} INFO - [2025-04-24T06:30:03.268+0000] {dag.py:4180} INFO - Setting next_dagrun for crawl_f1_data to 2025-04-01 00:00:00+00:00, run_after=2025-05-01 00:00:00+00:00
[2025-04-24T06:30:03.292+0000] {processor.py:208} INFO - Processing /opt/airflow/dags/crawl_f1_data.py took 0.093 seconds
[2025-04-24T06:30:33.409+0000] {processor.py:186} INFO - Started process (PID=243) to work on /opt/airflow/dags/crawl_f1_data.py
[2025-04-24T06:30:33.410+0000] {processor.py:914} INFO - Processing file /opt/airflow/dags/crawl_f1_data.py for tasks to queue
[2025-04-24T06:30:33.412+0000] {logging_mixin.py:190} INFO - [2025-04-24T06:30:33.412+0000] {dagbag.py:588} INFO - Filling up the DagBag from /opt/airflow/dags/crawl_f1_data.py
[2025-04-24T06:30:33.434+0000] {processor.py:925} INFO - DAG(s) 'crawl_f1_data' retrieved from /opt/airflow/dags/crawl_f1_data.py
[2025-04-24T06:30:33.459+0000] {logging_mixin.py:190} INFO - [2025-04-24T06:30:33.459+0000] {dag.py:3239} INFO - Sync 1 DAGs
[2025-04-24T06:30:33.485+0000] {logging_mixin.py:190} INFO - [2025-04-24T06:30:33.485+0000] {dag.py:4180} INFO - Setting next_dagrun for crawl_f1_data to 2025-04-01 00:00:00+00:00, run_after=2025-05-01 00:00:00+00:00
[2025-04-24T06:30:33.505+0000] {processor.py:208} INFO - Processing /opt/airflow/dags/crawl_f1_data.py took 0.101 seconds
[2025-04-24T06:31:03.686+0000] {processor.py:186} INFO - Started process (PID=248) to work on /opt/airflow/dags/crawl_f1_data.py
[2025-04-24T06:31:03.686+0000] {processor.py:914} INFO - Processing file /opt/airflow/dags/crawl_f1_data.py for tasks to queue
[2025-04-24T06:31:03.688+0000] {logging_mixin.py:190} INFO - [2025-04-24T06:31:03.688+0000] {dagbag.py:588} INFO - Filling up the DagBag from /opt/airflow/dags/crawl_f1_data.py
[2025-04-24T06:31:03.706+0000] {processor.py:925} INFO - DAG(s) 'crawl_f1_data' retrieved from /opt/airflow/dags/crawl_f1_data.py
[2025-04-24T06:31:03.728+0000] {logging_mixin.py:190} INFO - [2025-04-24T06:31:03.728+0000] {dag.py:3239} INFO - Sync 1 DAGs
[2025-04-24T06:31:03.748+0000] {logging_mixin.py:190} INFO - [2025-04-24T06:31:03.748+0000] {dag.py:4180} INFO - Setting next_dagrun for crawl_f1_data to 2025-04-01 00:00:00+00:00, run_after=2025-05-01 00:00:00+00:00
[2025-04-24T06:31:03.767+0000] {processor.py:208} INFO - Processing /opt/airflow/dags/crawl_f1_data.py took 0.086 seconds
[2025-04-24T06:31:33.890+0000] {processor.py:186} INFO - Started process (PID=253) to work on /opt/airflow/dags/crawl_f1_data.py
[2025-04-24T06:31:33.891+0000] {processor.py:914} INFO - Processing file /opt/airflow/dags/crawl_f1_data.py for tasks to queue
[2025-04-24T06:31:33.893+0000] {logging_mixin.py:190} INFO - [2025-04-24T06:31:33.893+0000] {dagbag.py:588} INFO - Filling up the DagBag from /opt/airflow/dags/crawl_f1_data.py
[2025-04-24T06:31:33.912+0000] {processor.py:925} INFO - DAG(s) 'crawl_f1_data' retrieved from /opt/airflow/dags/crawl_f1_data.py
[2025-04-24T06:31:33.934+0000] {logging_mixin.py:190} INFO - [2025-04-24T06:31:33.934+0000] {dag.py:3239} INFO - Sync 1 DAGs
[2025-04-24T06:31:33.960+0000] {logging_mixin.py:190} INFO - [2025-04-24T06:31:33.959+0000] {dag.py:4180} INFO - Setting next_dagrun for crawl_f1_data to 2025-04-01 00:00:00+00:00, run_after=2025-05-01 00:00:00+00:00
[2025-04-24T06:31:33.980+0000] {processor.py:208} INFO - Processing /opt/airflow/dags/crawl_f1_data.py took 0.095 seconds
[2025-04-24T06:32:04.162+0000] {processor.py:186} INFO - Started process (PID=258) to work on /opt/airflow/dags/crawl_f1_data.py
[2025-04-24T06:32:04.163+0000] {processor.py:914} INFO - Processing file /opt/airflow/dags/crawl_f1_data.py for tasks to queue
[2025-04-24T06:32:04.165+0000] {logging_mixin.py:190} INFO - [2025-04-24T06:32:04.165+0000] {dagbag.py:588} INFO - Filling up the DagBag from /opt/airflow/dags/crawl_f1_data.py
[2025-04-24T06:32:04.183+0000] {processor.py:925} INFO - DAG(s) 'crawl_f1_data' retrieved from /opt/airflow/dags/crawl_f1_data.py
[2025-04-24T06:32:04.207+0000] {logging_mixin.py:190} INFO - [2025-04-24T06:32:04.207+0000] {dag.py:3239} INFO - Sync 1 DAGs
[2025-04-24T06:32:04.232+0000] {logging_mixin.py:190} INFO - [2025-04-24T06:32:04.231+0000] {dag.py:4180} INFO - Setting next_dagrun for crawl_f1_data to 2025-04-01 00:00:00+00:00, run_after=2025-05-01 00:00:00+00:00
[2025-04-24T06:32:04.253+0000] {processor.py:208} INFO - Processing /opt/airflow/dags/crawl_f1_data.py took 0.095 seconds
[2025-04-24T06:32:34.371+0000] {processor.py:186} INFO - Started process (PID=263) to work on /opt/airflow/dags/crawl_f1_data.py
[2025-04-24T06:32:34.372+0000] {processor.py:914} INFO - Processing file /opt/airflow/dags/crawl_f1_data.py for tasks to queue
[2025-04-24T06:32:34.374+0000] {logging_mixin.py:190} INFO - [2025-04-24T06:32:34.374+0000] {dagbag.py:588} INFO - Filling up the DagBag from /opt/airflow/dags/crawl_f1_data.py
[2025-04-24T06:32:34.395+0000] {processor.py:925} INFO - DAG(s) 'crawl_f1_data' retrieved from /opt/airflow/dags/crawl_f1_data.py
[2025-04-24T06:32:34.421+0000] {logging_mixin.py:190} INFO - [2025-04-24T06:32:34.421+0000] {dag.py:3239} INFO - Sync 1 DAGs
[2025-04-24T06:32:34.448+0000] {logging_mixin.py:190} INFO - [2025-04-24T06:32:34.447+0000] {dag.py:4180} INFO - Setting next_dagrun for crawl_f1_data to 2025-04-01 00:00:00+00:00, run_after=2025-05-01 00:00:00+00:00
[2025-04-24T06:32:34.466+0000] {processor.py:208} INFO - Processing /opt/airflow/dags/crawl_f1_data.py took 0.099 seconds
[2025-04-24T06:33:04.650+0000] {processor.py:186} INFO - Started process (PID=268) to work on /opt/airflow/dags/crawl_f1_data.py
[2025-04-24T06:33:04.652+0000] {processor.py:914} INFO - Processing file /opt/airflow/dags/crawl_f1_data.py for tasks to queue
[2025-04-24T06:33:04.654+0000] {logging_mixin.py:190} INFO - [2025-04-24T06:33:04.654+0000] {dagbag.py:588} INFO - Filling up the DagBag from /opt/airflow/dags/crawl_f1_data.py
[2025-04-24T06:33:04.683+0000] {processor.py:925} INFO - DAG(s) 'crawl_f1_data' retrieved from /opt/airflow/dags/crawl_f1_data.py
[2025-04-24T06:33:04.731+0000] {logging_mixin.py:190} INFO - [2025-04-24T06:33:04.731+0000] {dag.py:3239} INFO - Sync 1 DAGs
[2025-04-24T06:33:04.777+0000] {logging_mixin.py:190} INFO - [2025-04-24T06:33:04.777+0000] {dag.py:4180} INFO - Setting next_dagrun for crawl_f1_data to 2025-04-01 00:00:00+00:00, run_after=2025-05-01 00:00:00+00:00
[2025-04-24T06:33:04.805+0000] {processor.py:208} INFO - Processing /opt/airflow/dags/crawl_f1_data.py took 0.160 seconds
[2025-04-24T06:33:34.885+0000] {processor.py:186} INFO - Started process (PID=273) to work on /opt/airflow/dags/crawl_f1_data.py
[2025-04-24T06:33:34.886+0000] {processor.py:914} INFO - Processing file /opt/airflow/dags/crawl_f1_data.py for tasks to queue
[2025-04-24T06:33:34.888+0000] {logging_mixin.py:190} INFO - [2025-04-24T06:33:34.888+0000] {dagbag.py:588} INFO - Filling up the DagBag from /opt/airflow/dags/crawl_f1_data.py
[2025-04-24T06:33:34.908+0000] {processor.py:925} INFO - DAG(s) 'crawl_f1_data' retrieved from /opt/airflow/dags/crawl_f1_data.py
[2025-04-24T06:33:34.932+0000] {logging_mixin.py:190} INFO - [2025-04-24T06:33:34.932+0000] {dag.py:3239} INFO - Sync 1 DAGs
[2025-04-24T06:33:34.955+0000] {logging_mixin.py:190} INFO - [2025-04-24T06:33:34.954+0000] {dag.py:4180} INFO - Setting next_dagrun for crawl_f1_data to 2025-04-01 00:00:00+00:00, run_after=2025-05-01 00:00:00+00:00
[2025-04-24T06:33:34.984+0000] {processor.py:208} INFO - Processing /opt/airflow/dags/crawl_f1_data.py took 0.103 seconds
[2025-04-24T06:34:05.082+0000] {processor.py:186} INFO - Started process (PID=278) to work on /opt/airflow/dags/crawl_f1_data.py
[2025-04-24T06:34:05.083+0000] {processor.py:914} INFO - Processing file /opt/airflow/dags/crawl_f1_data.py for tasks to queue
[2025-04-24T06:34:05.085+0000] {logging_mixin.py:190} INFO - [2025-04-24T06:34:05.085+0000] {dagbag.py:588} INFO - Filling up the DagBag from /opt/airflow/dags/crawl_f1_data.py
[2025-04-24T06:34:05.112+0000] {processor.py:925} INFO - DAG(s) 'crawl_f1_data' retrieved from /opt/airflow/dags/crawl_f1_data.py
[2025-04-24T06:34:05.146+0000] {logging_mixin.py:190} INFO - [2025-04-24T06:34:05.146+0000] {dag.py:3239} INFO - Sync 1 DAGs
[2025-04-24T06:34:05.173+0000] {logging_mixin.py:190} INFO - [2025-04-24T06:34:05.173+0000] {dag.py:4180} INFO - Setting next_dagrun for crawl_f1_data to 2025-04-01 00:00:00+00:00, run_after=2025-05-01 00:00:00+00:00
[2025-04-24T06:34:05.200+0000] {processor.py:208} INFO - Processing /opt/airflow/dags/crawl_f1_data.py took 0.123 seconds
[2025-04-24T06:34:35.377+0000] {processor.py:186} INFO - Started process (PID=283) to work on /opt/airflow/dags/crawl_f1_data.py
[2025-04-24T06:34:35.378+0000] {processor.py:914} INFO - Processing file /opt/airflow/dags/crawl_f1_data.py for tasks to queue
[2025-04-24T06:34:35.380+0000] {logging_mixin.py:190} INFO - [2025-04-24T06:34:35.380+0000] {dagbag.py:588} INFO - Filling up the DagBag from /opt/airflow/dags/crawl_f1_data.py
[2025-04-24T06:34:35.399+0000] {processor.py:925} INFO - DAG(s) 'crawl_f1_data' retrieved from /opt/airflow/dags/crawl_f1_data.py
[2025-04-24T06:34:35.422+0000] {logging_mixin.py:190} INFO - [2025-04-24T06:34:35.422+0000] {dag.py:3239} INFO - Sync 1 DAGs
[2025-04-24T06:34:35.444+0000] {logging_mixin.py:190} INFO - [2025-04-24T06:34:35.444+0000] {dag.py:4180} INFO - Setting next_dagrun for crawl_f1_data to 2025-04-01 00:00:00+00:00, run_after=2025-05-01 00:00:00+00:00
[2025-04-24T06:34:35.466+0000] {processor.py:208} INFO - Processing /opt/airflow/dags/crawl_f1_data.py took 0.093 seconds
[2025-04-24T06:35:05.576+0000] {processor.py:186} INFO - Started process (PID=288) to work on /opt/airflow/dags/crawl_f1_data.py
[2025-04-24T06:35:05.577+0000] {processor.py:914} INFO - Processing file /opt/airflow/dags/crawl_f1_data.py for tasks to queue
[2025-04-24T06:35:05.579+0000] {logging_mixin.py:190} INFO - [2025-04-24T06:35:05.579+0000] {dagbag.py:588} INFO - Filling up the DagBag from /opt/airflow/dags/crawl_f1_data.py
[2025-04-24T06:35:05.600+0000] {processor.py:925} INFO - DAG(s) 'crawl_f1_data' retrieved from /opt/airflow/dags/crawl_f1_data.py
[2025-04-24T06:35:05.625+0000] {logging_mixin.py:190} INFO - [2025-04-24T06:35:05.625+0000] {dag.py:3239} INFO - Sync 1 DAGs
[2025-04-24T06:35:05.648+0000] {logging_mixin.py:190} INFO - [2025-04-24T06:35:05.648+0000] {dag.py:4180} INFO - Setting next_dagrun for crawl_f1_data to 2025-04-01 00:00:00+00:00, run_after=2025-05-01 00:00:00+00:00
[2025-04-24T06:35:05.671+0000] {processor.py:208} INFO - Processing /opt/airflow/dags/crawl_f1_data.py took 0.100 seconds
[2025-04-24T06:35:35.848+0000] {processor.py:186} INFO - Started process (PID=293) to work on /opt/airflow/dags/crawl_f1_data.py
[2025-04-24T06:35:35.848+0000] {processor.py:914} INFO - Processing file /opt/airflow/dags/crawl_f1_data.py for tasks to queue
[2025-04-24T06:35:35.850+0000] {logging_mixin.py:190} INFO - [2025-04-24T06:35:35.850+0000] {dagbag.py:588} INFO - Filling up the DagBag from /opt/airflow/dags/crawl_f1_data.py
[2025-04-24T06:35:35.868+0000] {processor.py:925} INFO - DAG(s) 'crawl_f1_data' retrieved from /opt/airflow/dags/crawl_f1_data.py
[2025-04-24T06:35:35.890+0000] {logging_mixin.py:190} INFO - [2025-04-24T06:35:35.889+0000] {dag.py:3239} INFO - Sync 1 DAGs
[2025-04-24T06:35:35.910+0000] {logging_mixin.py:190} INFO - [2025-04-24T06:35:35.910+0000] {dag.py:4180} INFO - Setting next_dagrun for crawl_f1_data to 2025-04-01 00:00:00+00:00, run_after=2025-05-01 00:00:00+00:00
[2025-04-24T06:35:35.928+0000] {processor.py:208} INFO - Processing /opt/airflow/dags/crawl_f1_data.py took 0.085 seconds
[2025-04-24T06:36:06.053+0000] {processor.py:186} INFO - Started process (PID=298) to work on /opt/airflow/dags/crawl_f1_data.py
[2025-04-24T06:36:06.053+0000] {processor.py:914} INFO - Processing file /opt/airflow/dags/crawl_f1_data.py for tasks to queue
[2025-04-24T06:36:06.056+0000] {logging_mixin.py:190} INFO - [2025-04-24T06:36:06.055+0000] {dagbag.py:588} INFO - Filling up the DagBag from /opt/airflow/dags/crawl_f1_data.py
[2025-04-24T06:36:06.074+0000] {processor.py:925} INFO - DAG(s) 'crawl_f1_data' retrieved from /opt/airflow/dags/crawl_f1_data.py
[2025-04-24T06:36:06.096+0000] {logging_mixin.py:190} INFO - [2025-04-24T06:36:06.096+0000] {dag.py:3239} INFO - Sync 1 DAGs
[2025-04-24T06:36:06.115+0000] {logging_mixin.py:190} INFO - [2025-04-24T06:36:06.115+0000] {dag.py:4180} INFO - Setting next_dagrun for crawl_f1_data to 2025-04-01 00:00:00+00:00, run_after=2025-05-01 00:00:00+00:00
[2025-04-24T06:36:06.139+0000] {processor.py:208} INFO - Processing /opt/airflow/dags/crawl_f1_data.py took 0.090 seconds
[2025-04-24T06:36:36.312+0000] {processor.py:186} INFO - Started process (PID=303) to work on /opt/airflow/dags/crawl_f1_data.py
[2025-04-24T06:36:36.313+0000] {processor.py:914} INFO - Processing file /opt/airflow/dags/crawl_f1_data.py for tasks to queue
[2025-04-24T06:36:36.315+0000] {logging_mixin.py:190} INFO - [2025-04-24T06:36:36.315+0000] {dagbag.py:588} INFO - Filling up the DagBag from /opt/airflow/dags/crawl_f1_data.py
[2025-04-24T06:36:36.335+0000] {processor.py:925} INFO - DAG(s) 'crawl_f1_data' retrieved from /opt/airflow/dags/crawl_f1_data.py
[2025-04-24T06:36:36.358+0000] {logging_mixin.py:190} INFO - [2025-04-24T06:36:36.358+0000] {dag.py:3239} INFO - Sync 1 DAGs
[2025-04-24T06:36:36.380+0000] {logging_mixin.py:190} INFO - [2025-04-24T06:36:36.379+0000] {dag.py:4180} INFO - Setting next_dagrun for crawl_f1_data to 2025-04-01 00:00:00+00:00, run_after=2025-05-01 00:00:00+00:00
[2025-04-24T06:36:36.396+0000] {processor.py:208} INFO - Processing /opt/airflow/dags/crawl_f1_data.py took 0.089 seconds
[2025-04-24T06:37:06.510+0000] {processor.py:186} INFO - Started process (PID=308) to work on /opt/airflow/dags/crawl_f1_data.py
[2025-04-24T06:37:06.511+0000] {processor.py:914} INFO - Processing file /opt/airflow/dags/crawl_f1_data.py for tasks to queue
[2025-04-24T06:37:06.512+0000] {logging_mixin.py:190} INFO - [2025-04-24T06:37:06.512+0000] {dagbag.py:588} INFO - Filling up the DagBag from /opt/airflow/dags/crawl_f1_data.py
[2025-04-24T06:37:06.532+0000] {processor.py:925} INFO - DAG(s) 'crawl_f1_data' retrieved from /opt/airflow/dags/crawl_f1_data.py
[2025-04-24T06:37:06.555+0000] {logging_mixin.py:190} INFO - [2025-04-24T06:37:06.555+0000] {dag.py:3239} INFO - Sync 1 DAGs
[2025-04-24T06:37:06.578+0000] {logging_mixin.py:190} INFO - [2025-04-24T06:37:06.577+0000] {dag.py:4180} INFO - Setting next_dagrun for crawl_f1_data to 2025-04-01 00:00:00+00:00, run_after=2025-05-01 00:00:00+00:00
[2025-04-24T06:37:06.605+0000] {processor.py:208} INFO - Processing /opt/airflow/dags/crawl_f1_data.py took 0.099 seconds
[2025-04-24T06:37:36.779+0000] {processor.py:186} INFO - Started process (PID=313) to work on /opt/airflow/dags/crawl_f1_data.py
[2025-04-24T06:37:36.779+0000] {processor.py:914} INFO - Processing file /opt/airflow/dags/crawl_f1_data.py for tasks to queue
[2025-04-24T06:37:36.781+0000] {logging_mixin.py:190} INFO - [2025-04-24T06:37:36.781+0000] {dagbag.py:588} INFO - Filling up the DagBag from /opt/airflow/dags/crawl_f1_data.py
[2025-04-24T06:37:36.799+0000] {processor.py:925} INFO - DAG(s) 'crawl_f1_data' retrieved from /opt/airflow/dags/crawl_f1_data.py
[2025-04-24T06:37:36.821+0000] {logging_mixin.py:190} INFO - [2025-04-24T06:37:36.821+0000] {dag.py:3239} INFO - Sync 1 DAGs
[2025-04-24T06:37:36.842+0000] {logging_mixin.py:190} INFO - [2025-04-24T06:37:36.842+0000] {dag.py:4180} INFO - Setting next_dagrun for crawl_f1_data to 2025-04-01 00:00:00+00:00, run_after=2025-05-01 00:00:00+00:00
[2025-04-24T06:37:36.865+0000] {processor.py:208} INFO - Processing /opt/airflow/dags/crawl_f1_data.py took 0.091 seconds
[2025-04-24T06:38:06.994+0000] {processor.py:186} INFO - Started process (PID=318) to work on /opt/airflow/dags/crawl_f1_data.py
[2025-04-24T06:38:06.994+0000] {processor.py:914} INFO - Processing file /opt/airflow/dags/crawl_f1_data.py for tasks to queue
[2025-04-24T06:38:06.996+0000] {logging_mixin.py:190} INFO - [2025-04-24T06:38:06.996+0000] {dagbag.py:588} INFO - Filling up the DagBag from /opt/airflow/dags/crawl_f1_data.py
[2025-04-24T06:38:07.020+0000] {processor.py:925} INFO - DAG(s) 'crawl_f1_data' retrieved from /opt/airflow/dags/crawl_f1_data.py
[2025-04-24T06:38:07.050+0000] {logging_mixin.py:190} INFO - [2025-04-24T06:38:07.050+0000] {dag.py:3239} INFO - Sync 1 DAGs
[2025-04-24T06:38:07.070+0000] {logging_mixin.py:190} INFO - [2025-04-24T06:38:07.070+0000] {dag.py:4180} INFO - Setting next_dagrun for crawl_f1_data to 2025-04-01 00:00:00+00:00, run_after=2025-05-01 00:00:00+00:00
[2025-04-24T06:38:07.086+0000] {processor.py:208} INFO - Processing /opt/airflow/dags/crawl_f1_data.py took 0.105 seconds
[2025-04-24T06:38:37.279+0000] {processor.py:186} INFO - Started process (PID=323) to work on /opt/airflow/dags/crawl_f1_data.py
[2025-04-24T06:38:37.280+0000] {processor.py:914} INFO - Processing file /opt/airflow/dags/crawl_f1_data.py for tasks to queue
[2025-04-24T06:38:37.282+0000] {logging_mixin.py:190} INFO - [2025-04-24T06:38:37.281+0000] {dagbag.py:588} INFO - Filling up the DagBag from /opt/airflow/dags/crawl_f1_data.py
[2025-04-24T06:38:37.303+0000] {processor.py:925} INFO - DAG(s) 'crawl_f1_data' retrieved from /opt/airflow/dags/crawl_f1_data.py
[2025-04-24T06:38:37.326+0000] {logging_mixin.py:190} INFO - [2025-04-24T06:38:37.326+0000] {dag.py:3239} INFO - Sync 1 DAGs
[2025-04-24T06:38:37.351+0000] {logging_mixin.py:190} INFO - [2025-04-24T06:38:37.351+0000] {dag.py:4180} INFO - Setting next_dagrun for crawl_f1_data to 2025-04-01 00:00:00+00:00, run_after=2025-05-01 00:00:00+00:00
[2025-04-24T06:38:37.381+0000] {processor.py:208} INFO - Processing /opt/airflow/dags/crawl_f1_data.py took 0.108 seconds
[2025-04-24T06:39:07.477+0000] {processor.py:186} INFO - Started process (PID=328) to work on /opt/airflow/dags/crawl_f1_data.py
[2025-04-24T06:39:07.477+0000] {processor.py:914} INFO - Processing file /opt/airflow/dags/crawl_f1_data.py for tasks to queue
[2025-04-24T06:39:07.479+0000] {logging_mixin.py:190} INFO - [2025-04-24T06:39:07.479+0000] {dagbag.py:588} INFO - Filling up the DagBag from /opt/airflow/dags/crawl_f1_data.py
[2025-04-24T06:39:07.498+0000] {processor.py:925} INFO - DAG(s) 'crawl_f1_data' retrieved from /opt/airflow/dags/crawl_f1_data.py
[2025-04-24T06:39:07.520+0000] {logging_mixin.py:190} INFO - [2025-04-24T06:39:07.519+0000] {dag.py:3239} INFO - Sync 1 DAGs
[2025-04-24T06:39:07.546+0000] {logging_mixin.py:190} INFO - [2025-04-24T06:39:07.546+0000] {dag.py:4180} INFO - Setting next_dagrun for crawl_f1_data to 2025-04-01 00:00:00+00:00, run_after=2025-05-01 00:00:00+00:00
[2025-04-24T06:39:07.566+0000] {processor.py:208} INFO - Processing /opt/airflow/dags/crawl_f1_data.py took 0.094 seconds
[2025-04-24T06:39:37.771+0000] {processor.py:186} INFO - Started process (PID=333) to work on /opt/airflow/dags/crawl_f1_data.py
[2025-04-24T06:39:37.772+0000] {processor.py:914} INFO - Processing file /opt/airflow/dags/crawl_f1_data.py for tasks to queue
[2025-04-24T06:39:37.774+0000] {logging_mixin.py:190} INFO - [2025-04-24T06:39:37.774+0000] {dagbag.py:588} INFO - Filling up the DagBag from /opt/airflow/dags/crawl_f1_data.py
[2025-04-24T06:39:37.794+0000] {processor.py:925} INFO - DAG(s) 'crawl_f1_data' retrieved from /opt/airflow/dags/crawl_f1_data.py
[2025-04-24T06:39:37.816+0000] {logging_mixin.py:190} INFO - [2025-04-24T06:39:37.816+0000] {dag.py:3239} INFO - Sync 1 DAGs
[2025-04-24T06:39:37.836+0000] {logging_mixin.py:190} INFO - [2025-04-24T06:39:37.835+0000] {dag.py:4180} INFO - Setting next_dagrun for crawl_f1_data to 2025-04-01 00:00:00+00:00, run_after=2025-05-01 00:00:00+00:00
[2025-04-24T06:39:37.853+0000] {processor.py:208} INFO - Processing /opt/airflow/dags/crawl_f1_data.py took 0.086 seconds
[2025-04-24T06:40:07.983+0000] {processor.py:186} INFO - Started process (PID=338) to work on /opt/airflow/dags/crawl_f1_data.py
[2025-04-24T06:40:07.984+0000] {processor.py:914} INFO - Processing file /opt/airflow/dags/crawl_f1_data.py for tasks to queue
[2025-04-24T06:40:07.986+0000] {logging_mixin.py:190} INFO - [2025-04-24T06:40:07.986+0000] {dagbag.py:588} INFO - Filling up the DagBag from /opt/airflow/dags/crawl_f1_data.py
[2025-04-24T06:40:08.005+0000] {processor.py:925} INFO - DAG(s) 'crawl_f1_data' retrieved from /opt/airflow/dags/crawl_f1_data.py
[2025-04-24T06:40:08.028+0000] {logging_mixin.py:190} INFO - [2025-04-24T06:40:08.027+0000] {dag.py:3239} INFO - Sync 1 DAGs
[2025-04-24T06:40:08.050+0000] {logging_mixin.py:190} INFO - [2025-04-24T06:40:08.050+0000] {dag.py:4180} INFO - Setting next_dagrun for crawl_f1_data to 2025-04-01 00:00:00+00:00, run_after=2025-05-01 00:00:00+00:00
[2025-04-24T06:40:08.068+0000] {processor.py:208} INFO - Processing /opt/airflow/dags/crawl_f1_data.py took 0.089 seconds
[2025-04-24T06:40:38.234+0000] {processor.py:186} INFO - Started process (PID=343) to work on /opt/airflow/dags/crawl_f1_data.py
[2025-04-24T06:40:38.235+0000] {processor.py:914} INFO - Processing file /opt/airflow/dags/crawl_f1_data.py for tasks to queue
[2025-04-24T06:40:38.237+0000] {logging_mixin.py:190} INFO - [2025-04-24T06:40:38.237+0000] {dagbag.py:588} INFO - Filling up the DagBag from /opt/airflow/dags/crawl_f1_data.py
[2025-04-24T06:40:38.256+0000] {processor.py:925} INFO - DAG(s) 'crawl_f1_data' retrieved from /opt/airflow/dags/crawl_f1_data.py
[2025-04-24T06:40:38.279+0000] {logging_mixin.py:190} INFO - [2025-04-24T06:40:38.279+0000] {dag.py:3239} INFO - Sync 1 DAGs
[2025-04-24T06:40:38.301+0000] {logging_mixin.py:190} INFO - [2025-04-24T06:40:38.301+0000] {dag.py:4180} INFO - Setting next_dagrun for crawl_f1_data to 2025-04-01 00:00:00+00:00, run_after=2025-05-01 00:00:00+00:00
[2025-04-24T06:40:38.318+0000] {processor.py:208} INFO - Processing /opt/airflow/dags/crawl_f1_data.py took 0.089 seconds
[2025-04-24T06:41:08.439+0000] {processor.py:186} INFO - Started process (PID=348) to work on /opt/airflow/dags/crawl_f1_data.py
[2025-04-24T06:41:08.440+0000] {processor.py:914} INFO - Processing file /opt/airflow/dags/crawl_f1_data.py for tasks to queue
[2025-04-24T06:41:08.443+0000] {logging_mixin.py:190} INFO - [2025-04-24T06:41:08.442+0000] {dagbag.py:588} INFO - Filling up the DagBag from /opt/airflow/dags/crawl_f1_data.py
[2025-04-24T06:41:08.464+0000] {processor.py:925} INFO - DAG(s) 'crawl_f1_data' retrieved from /opt/airflow/dags/crawl_f1_data.py
[2025-04-24T06:41:08.489+0000] {logging_mixin.py:190} INFO - [2025-04-24T06:41:08.489+0000] {dag.py:3239} INFO - Sync 1 DAGs
[2025-04-24T06:41:08.511+0000] {logging_mixin.py:190} INFO - [2025-04-24T06:41:08.511+0000] {dag.py:4180} INFO - Setting next_dagrun for crawl_f1_data to 2025-04-01 00:00:00+00:00, run_after=2025-05-01 00:00:00+00:00
[2025-04-24T06:41:08.529+0000] {processor.py:208} INFO - Processing /opt/airflow/dags/crawl_f1_data.py took 0.095 seconds
[2025-04-24T06:41:38.703+0000] {processor.py:186} INFO - Started process (PID=353) to work on /opt/airflow/dags/crawl_f1_data.py
[2025-04-24T06:41:38.703+0000] {processor.py:914} INFO - Processing file /opt/airflow/dags/crawl_f1_data.py for tasks to queue
[2025-04-24T06:41:38.705+0000] {logging_mixin.py:190} INFO - [2025-04-24T06:41:38.705+0000] {dagbag.py:588} INFO - Filling up the DagBag from /opt/airflow/dags/crawl_f1_data.py
[2025-04-24T06:41:38.725+0000] {processor.py:925} INFO - DAG(s) 'crawl_f1_data' retrieved from /opt/airflow/dags/crawl_f1_data.py
[2025-04-24T06:41:38.748+0000] {logging_mixin.py:190} INFO - [2025-04-24T06:41:38.748+0000] {dag.py:3239} INFO - Sync 1 DAGs
[2025-04-24T06:41:38.770+0000] {logging_mixin.py:190} INFO - [2025-04-24T06:41:38.770+0000] {dag.py:4180} INFO - Setting next_dagrun for crawl_f1_data to 2025-04-01 00:00:00+00:00, run_after=2025-05-01 00:00:00+00:00
[2025-04-24T06:41:38.787+0000] {processor.py:208} INFO - Processing /opt/airflow/dags/crawl_f1_data.py took 0.089 seconds
[2025-04-24T06:42:08.904+0000] {processor.py:186} INFO - Started process (PID=358) to work on /opt/airflow/dags/crawl_f1_data.py
[2025-04-24T06:42:08.904+0000] {processor.py:914} INFO - Processing file /opt/airflow/dags/crawl_f1_data.py for tasks to queue
[2025-04-24T06:42:08.906+0000] {logging_mixin.py:190} INFO - [2025-04-24T06:42:08.906+0000] {dagbag.py:588} INFO - Filling up the DagBag from /opt/airflow/dags/crawl_f1_data.py
[2025-04-24T06:42:08.924+0000] {processor.py:925} INFO - DAG(s) 'crawl_f1_data' retrieved from /opt/airflow/dags/crawl_f1_data.py
[2025-04-24T06:42:08.947+0000] {logging_mixin.py:190} INFO - [2025-04-24T06:42:08.946+0000] {dag.py:3239} INFO - Sync 1 DAGs
[2025-04-24T06:42:08.967+0000] {logging_mixin.py:190} INFO - [2025-04-24T06:42:08.967+0000] {dag.py:4180} INFO - Setting next_dagrun for crawl_f1_data to 2025-04-01 00:00:00+00:00, run_after=2025-05-01 00:00:00+00:00
[2025-04-24T06:42:08.984+0000] {processor.py:208} INFO - Processing /opt/airflow/dags/crawl_f1_data.py took 0.084 seconds
[2025-04-24T06:42:39.172+0000] {processor.py:186} INFO - Started process (PID=363) to work on /opt/airflow/dags/crawl_f1_data.py
[2025-04-24T06:42:39.173+0000] {processor.py:914} INFO - Processing file /opt/airflow/dags/crawl_f1_data.py for tasks to queue
[2025-04-24T06:42:39.175+0000] {logging_mixin.py:190} INFO - [2025-04-24T06:42:39.175+0000] {dagbag.py:588} INFO - Filling up the DagBag from /opt/airflow/dags/crawl_f1_data.py
[2025-04-24T06:42:39.197+0000] {processor.py:925} INFO - DAG(s) 'crawl_f1_data' retrieved from /opt/airflow/dags/crawl_f1_data.py
[2025-04-24T06:42:39.224+0000] {logging_mixin.py:190} INFO - [2025-04-24T06:42:39.223+0000] {dag.py:3239} INFO - Sync 1 DAGs
[2025-04-24T06:42:39.249+0000] {logging_mixin.py:190} INFO - [2025-04-24T06:42:39.249+0000] {dag.py:4180} INFO - Setting next_dagrun for crawl_f1_data to 2025-04-01 00:00:00+00:00, run_after=2025-05-01 00:00:00+00:00
[2025-04-24T06:42:39.271+0000] {processor.py:208} INFO - Processing /opt/airflow/dags/crawl_f1_data.py took 0.103 seconds
[2025-04-24T06:43:09.376+0000] {processor.py:186} INFO - Started process (PID=368) to work on /opt/airflow/dags/crawl_f1_data.py
[2025-04-24T06:43:09.377+0000] {processor.py:914} INFO - Processing file /opt/airflow/dags/crawl_f1_data.py for tasks to queue
[2025-04-24T06:43:09.379+0000] {logging_mixin.py:190} INFO - [2025-04-24T06:43:09.379+0000] {dagbag.py:588} INFO - Filling up the DagBag from /opt/airflow/dags/crawl_f1_data.py
[2025-04-24T06:43:09.400+0000] {processor.py:925} INFO - DAG(s) 'crawl_f1_data' retrieved from /opt/airflow/dags/crawl_f1_data.py
[2025-04-24T06:43:09.426+0000] {logging_mixin.py:190} INFO - [2025-04-24T06:43:09.426+0000] {dag.py:3239} INFO - Sync 1 DAGs
[2025-04-24T06:43:09.450+0000] {logging_mixin.py:190} INFO - [2025-04-24T06:43:09.450+0000] {dag.py:4180} INFO - Setting next_dagrun for crawl_f1_data to 2025-04-01 00:00:00+00:00, run_after=2025-05-01 00:00:00+00:00
[2025-04-24T06:43:09.472+0000] {processor.py:208} INFO - Processing /opt/airflow/dags/crawl_f1_data.py took 0.102 seconds
[2025-04-24T06:43:39.687+0000] {processor.py:186} INFO - Started process (PID=373) to work on /opt/airflow/dags/crawl_f1_data.py
[2025-04-24T06:43:39.688+0000] {processor.py:914} INFO - Processing file /opt/airflow/dags/crawl_f1_data.py for tasks to queue
[2025-04-24T06:43:39.690+0000] {logging_mixin.py:190} INFO - [2025-04-24T06:43:39.690+0000] {dagbag.py:588} INFO - Filling up the DagBag from /opt/airflow/dags/crawl_f1_data.py
[2025-04-24T06:43:39.712+0000] {processor.py:925} INFO - DAG(s) 'crawl_f1_data' retrieved from /opt/airflow/dags/crawl_f1_data.py
[2025-04-24T06:43:39.737+0000] {logging_mixin.py:190} INFO - [2025-04-24T06:43:39.736+0000] {dag.py:3239} INFO - Sync 1 DAGs
[2025-04-24T06:43:39.762+0000] {logging_mixin.py:190} INFO - [2025-04-24T06:43:39.762+0000] {dag.py:4180} INFO - Setting next_dagrun for crawl_f1_data to 2025-04-01 00:00:00+00:00, run_after=2025-05-01 00:00:00+00:00
[2025-04-24T06:43:39.783+0000] {processor.py:208} INFO - Processing /opt/airflow/dags/crawl_f1_data.py took 0.101 seconds
[2025-04-24T06:44:09.882+0000] {processor.py:186} INFO - Started process (PID=378) to work on /opt/airflow/dags/crawl_f1_data.py
[2025-04-24T06:44:09.882+0000] {processor.py:914} INFO - Processing file /opt/airflow/dags/crawl_f1_data.py for tasks to queue
[2025-04-24T06:44:09.884+0000] {logging_mixin.py:190} INFO - [2025-04-24T06:44:09.884+0000] {dagbag.py:588} INFO - Filling up the DagBag from /opt/airflow/dags/crawl_f1_data.py
[2025-04-24T06:44:09.904+0000] {processor.py:925} INFO - DAG(s) 'crawl_f1_data' retrieved from /opt/airflow/dags/crawl_f1_data.py
[2025-04-24T06:44:09.928+0000] {logging_mixin.py:190} INFO - [2025-04-24T06:44:09.928+0000] {dag.py:3239} INFO - Sync 1 DAGs
[2025-04-24T06:44:09.951+0000] {logging_mixin.py:190} INFO - [2025-04-24T06:44:09.951+0000] {dag.py:4180} INFO - Setting next_dagrun for crawl_f1_data to 2025-04-01 00:00:00+00:00, run_after=2025-05-01 00:00:00+00:00
[2025-04-24T06:44:09.969+0000] {processor.py:208} INFO - Processing /opt/airflow/dags/crawl_f1_data.py took 0.092 seconds
[2025-04-24T06:44:40.156+0000] {processor.py:186} INFO - Started process (PID=383) to work on /opt/airflow/dags/crawl_f1_data.py
[2025-04-24T06:44:40.157+0000] {processor.py:914} INFO - Processing file /opt/airflow/dags/crawl_f1_data.py for tasks to queue
[2025-04-24T06:44:40.159+0000] {logging_mixin.py:190} INFO - [2025-04-24T06:44:40.158+0000] {dagbag.py:588} INFO - Filling up the DagBag from /opt/airflow/dags/crawl_f1_data.py
[2025-04-24T06:44:40.178+0000] {processor.py:925} INFO - DAG(s) 'crawl_f1_data' retrieved from /opt/airflow/dags/crawl_f1_data.py
[2025-04-24T06:44:40.204+0000] {logging_mixin.py:190} INFO - [2025-04-24T06:44:40.204+0000] {dag.py:3239} INFO - Sync 1 DAGs
[2025-04-24T06:44:40.227+0000] {logging_mixin.py:190} INFO - [2025-04-24T06:44:40.226+0000] {dag.py:4180} INFO - Setting next_dagrun for crawl_f1_data to 2025-04-01 00:00:00+00:00, run_after=2025-05-01 00:00:00+00:00
[2025-04-24T06:44:40.243+0000] {processor.py:208} INFO - Processing /opt/airflow/dags/crawl_f1_data.py took 0.091 seconds
[2025-04-24T06:45:10.355+0000] {processor.py:186} INFO - Started process (PID=388) to work on /opt/airflow/dags/crawl_f1_data.py
[2025-04-24T06:45:10.356+0000] {processor.py:914} INFO - Processing file /opt/airflow/dags/crawl_f1_data.py for tasks to queue
[2025-04-24T06:45:10.357+0000] {logging_mixin.py:190} INFO - [2025-04-24T06:45:10.357+0000] {dagbag.py:588} INFO - Filling up the DagBag from /opt/airflow/dags/crawl_f1_data.py
[2025-04-24T06:45:10.375+0000] {processor.py:925} INFO - DAG(s) 'crawl_f1_data' retrieved from /opt/airflow/dags/crawl_f1_data.py
[2025-04-24T06:45:10.397+0000] {logging_mixin.py:190} INFO - [2025-04-24T06:45:10.397+0000] {dag.py:3239} INFO - Sync 1 DAGs
[2025-04-24T06:45:10.418+0000] {logging_mixin.py:190} INFO - [2025-04-24T06:45:10.417+0000] {dag.py:4180} INFO - Setting next_dagrun for crawl_f1_data to 2025-04-01 00:00:00+00:00, run_after=2025-05-01 00:00:00+00:00
[2025-04-24T06:45:10.434+0000] {processor.py:208} INFO - Processing /opt/airflow/dags/crawl_f1_data.py took 0.084 seconds
[2025-04-24T06:45:40.631+0000] {processor.py:186} INFO - Started process (PID=393) to work on /opt/airflow/dags/crawl_f1_data.py
[2025-04-24T06:45:40.632+0000] {processor.py:914} INFO - Processing file /opt/airflow/dags/crawl_f1_data.py for tasks to queue
[2025-04-24T06:45:40.634+0000] {logging_mixin.py:190} INFO - [2025-04-24T06:45:40.633+0000] {dagbag.py:588} INFO - Filling up the DagBag from /opt/airflow/dags/crawl_f1_data.py
[2025-04-24T06:45:40.652+0000] {processor.py:925} INFO - DAG(s) 'crawl_f1_data' retrieved from /opt/airflow/dags/crawl_f1_data.py
[2025-04-24T06:45:40.674+0000] {logging_mixin.py:190} INFO - [2025-04-24T06:45:40.674+0000] {dag.py:3239} INFO - Sync 1 DAGs
[2025-04-24T06:45:40.696+0000] {logging_mixin.py:190} INFO - [2025-04-24T06:45:40.696+0000] {dag.py:4180} INFO - Setting next_dagrun for crawl_f1_data to 2025-04-01 00:00:00+00:00, run_after=2025-05-01 00:00:00+00:00
[2025-04-24T06:45:40.712+0000] {processor.py:208} INFO - Processing /opt/airflow/dags/crawl_f1_data.py took 0.085 seconds
[2025-04-24T06:46:10.851+0000] {processor.py:186} INFO - Started process (PID=398) to work on /opt/airflow/dags/crawl_f1_data.py
[2025-04-24T06:46:10.852+0000] {processor.py:914} INFO - Processing file /opt/airflow/dags/crawl_f1_data.py for tasks to queue
[2025-04-24T06:46:10.855+0000] {logging_mixin.py:190} INFO - [2025-04-24T06:46:10.855+0000] {dagbag.py:588} INFO - Filling up the DagBag from /opt/airflow/dags/crawl_f1_data.py
[2025-04-24T06:46:10.895+0000] {processor.py:925} INFO - DAG(s) 'crawl_f1_data' retrieved from /opt/airflow/dags/crawl_f1_data.py
[2025-04-24T06:46:10.937+0000] {logging_mixin.py:190} INFO - [2025-04-24T06:46:10.937+0000] {dag.py:3239} INFO - Sync 1 DAGs
[2025-04-24T06:46:10.976+0000] {logging_mixin.py:190} INFO - [2025-04-24T06:46:10.976+0000] {dag.py:4180} INFO - Setting next_dagrun for crawl_f1_data to 2025-04-01 00:00:00+00:00, run_after=2025-05-01 00:00:00+00:00
[2025-04-24T06:46:11.005+0000] {processor.py:208} INFO - Processing /opt/airflow/dags/crawl_f1_data.py took 0.163 seconds
[2025-04-24T06:46:41.111+0000] {processor.py:186} INFO - Started process (PID=403) to work on /opt/airflow/dags/crawl_f1_data.py
[2025-04-24T06:46:41.112+0000] {processor.py:914} INFO - Processing file /opt/airflow/dags/crawl_f1_data.py for tasks to queue
[2025-04-24T06:46:41.113+0000] {logging_mixin.py:190} INFO - [2025-04-24T06:46:41.113+0000] {dagbag.py:588} INFO - Filling up the DagBag from /opt/airflow/dags/crawl_f1_data.py
[2025-04-24T06:46:41.136+0000] {processor.py:925} INFO - DAG(s) 'crawl_f1_data' retrieved from /opt/airflow/dags/crawl_f1_data.py
[2025-04-24T06:46:41.162+0000] {logging_mixin.py:190} INFO - [2025-04-24T06:46:41.162+0000] {dag.py:3239} INFO - Sync 1 DAGs
[2025-04-24T06:46:41.187+0000] {logging_mixin.py:190} INFO - [2025-04-24T06:46:41.187+0000] {dag.py:4180} INFO - Setting next_dagrun for crawl_f1_data to 2025-04-01 00:00:00+00:00, run_after=2025-05-01 00:00:00+00:00
[2025-04-24T06:46:41.207+0000] {processor.py:208} INFO - Processing /opt/airflow/dags/crawl_f1_data.py took 0.101 seconds
[2025-04-24T06:47:11.406+0000] {processor.py:186} INFO - Started process (PID=408) to work on /opt/airflow/dags/crawl_f1_data.py
[2025-04-24T06:47:11.407+0000] {processor.py:914} INFO - Processing file /opt/airflow/dags/crawl_f1_data.py for tasks to queue
[2025-04-24T06:47:11.408+0000] {logging_mixin.py:190} INFO - [2025-04-24T06:47:11.408+0000] {dagbag.py:588} INFO - Filling up the DagBag from /opt/airflow/dags/crawl_f1_data.py
[2025-04-24T06:47:11.427+0000] {processor.py:925} INFO - DAG(s) 'crawl_f1_data' retrieved from /opt/airflow/dags/crawl_f1_data.py
[2025-04-24T06:47:11.449+0000] {logging_mixin.py:190} INFO - [2025-04-24T06:47:11.449+0000] {dag.py:3239} INFO - Sync 1 DAGs
[2025-04-24T06:47:11.470+0000] {logging_mixin.py:190} INFO - [2025-04-24T06:47:11.470+0000] {dag.py:4180} INFO - Setting next_dagrun for crawl_f1_data to 2025-04-01 00:00:00+00:00, run_after=2025-05-01 00:00:00+00:00
[2025-04-24T06:47:11.487+0000] {processor.py:208} INFO - Processing /opt/airflow/dags/crawl_f1_data.py took 0.086 seconds
[2025-04-24T06:47:41.608+0000] {processor.py:186} INFO - Started process (PID=413) to work on /opt/airflow/dags/crawl_f1_data.py
[2025-04-24T06:47:41.609+0000] {processor.py:914} INFO - Processing file /opt/airflow/dags/crawl_f1_data.py for tasks to queue
[2025-04-24T06:47:41.611+0000] {logging_mixin.py:190} INFO - [2025-04-24T06:47:41.610+0000] {dagbag.py:588} INFO - Filling up the DagBag from /opt/airflow/dags/crawl_f1_data.py
[2025-04-24T06:47:41.630+0000] {processor.py:925} INFO - DAG(s) 'crawl_f1_data' retrieved from /opt/airflow/dags/crawl_f1_data.py
[2025-04-24T06:47:41.652+0000] {logging_mixin.py:190} INFO - [2025-04-24T06:47:41.652+0000] {dag.py:3239} INFO - Sync 1 DAGs
[2025-04-24T06:47:41.674+0000] {logging_mixin.py:190} INFO - [2025-04-24T06:47:41.674+0000] {dag.py:4180} INFO - Setting next_dagrun for crawl_f1_data to 2025-04-01 00:00:00+00:00, run_after=2025-05-01 00:00:00+00:00
[2025-04-24T06:47:41.691+0000] {processor.py:208} INFO - Processing /opt/airflow/dags/crawl_f1_data.py took 0.087 seconds
[2025-04-24T06:48:11.867+0000] {processor.py:186} INFO - Started process (PID=418) to work on /opt/airflow/dags/crawl_f1_data.py
[2025-04-24T06:48:11.868+0000] {processor.py:914} INFO - Processing file /opt/airflow/dags/crawl_f1_data.py for tasks to queue
[2025-04-24T06:48:11.871+0000] {logging_mixin.py:190} INFO - [2025-04-24T06:48:11.871+0000] {dagbag.py:588} INFO - Filling up the DagBag from /opt/airflow/dags/crawl_f1_data.py
[2025-04-24T06:48:11.895+0000] {processor.py:925} INFO - DAG(s) 'crawl_f1_data' retrieved from /opt/airflow/dags/crawl_f1_data.py
[2025-04-24T06:48:11.923+0000] {logging_mixin.py:190} INFO - [2025-04-24T06:48:11.922+0000] {dag.py:3239} INFO - Sync 1 DAGs
[2025-04-24T06:48:11.951+0000] {logging_mixin.py:190} INFO - [2025-04-24T06:48:11.951+0000] {dag.py:4180} INFO - Setting next_dagrun for crawl_f1_data to 2025-04-01 00:00:00+00:00, run_after=2025-05-01 00:00:00+00:00
[2025-04-24T06:48:11.970+0000] {processor.py:208} INFO - Processing /opt/airflow/dags/crawl_f1_data.py took 0.108 seconds
[2025-04-24T06:48:42.114+0000] {processor.py:186} INFO - Started process (PID=423) to work on /opt/airflow/dags/crawl_f1_data.py
[2025-04-24T06:48:42.115+0000] {processor.py:914} INFO - Processing file /opt/airflow/dags/crawl_f1_data.py for tasks to queue
[2025-04-24T06:48:42.117+0000] {logging_mixin.py:190} INFO - [2025-04-24T06:48:42.117+0000] {dagbag.py:588} INFO - Filling up the DagBag from /opt/airflow/dags/crawl_f1_data.py
[2025-04-24T06:48:42.137+0000] {processor.py:925} INFO - DAG(s) 'crawl_f1_data' retrieved from /opt/airflow/dags/crawl_f1_data.py
[2025-04-24T06:48:42.162+0000] {logging_mixin.py:190} INFO - [2025-04-24T06:48:42.161+0000] {dag.py:3239} INFO - Sync 1 DAGs
[2025-04-24T06:48:42.185+0000] {logging_mixin.py:190} INFO - [2025-04-24T06:48:42.184+0000] {dag.py:4180} INFO - Setting next_dagrun for crawl_f1_data to 2025-04-01 00:00:00+00:00, run_after=2025-05-01 00:00:00+00:00
[2025-04-24T06:48:42.204+0000] {processor.py:208} INFO - Processing /opt/airflow/dags/crawl_f1_data.py took 0.095 seconds
[2025-04-24T06:49:12.367+0000] {processor.py:186} INFO - Started process (PID=428) to work on /opt/airflow/dags/crawl_f1_data.py
[2025-04-24T06:49:12.368+0000] {processor.py:914} INFO - Processing file /opt/airflow/dags/crawl_f1_data.py for tasks to queue
[2025-04-24T06:49:12.370+0000] {logging_mixin.py:190} INFO - [2025-04-24T06:49:12.370+0000] {dagbag.py:588} INFO - Filling up the DagBag from /opt/airflow/dags/crawl_f1_data.py
[2025-04-24T06:49:12.391+0000] {processor.py:925} INFO - DAG(s) 'crawl_f1_data' retrieved from /opt/airflow/dags/crawl_f1_data.py
[2025-04-24T06:49:12.417+0000] {logging_mixin.py:190} INFO - [2025-04-24T06:49:12.416+0000] {dag.py:3239} INFO - Sync 1 DAGs
[2025-04-24T06:49:12.443+0000] {logging_mixin.py:190} INFO - [2025-04-24T06:49:12.443+0000] {dag.py:4180} INFO - Setting next_dagrun for crawl_f1_data to 2025-04-01 00:00:00+00:00, run_after=2025-05-01 00:00:00+00:00
[2025-04-24T06:49:12.467+0000] {processor.py:208} INFO - Processing /opt/airflow/dags/crawl_f1_data.py took 0.106 seconds
[2025-04-24T06:49:42.600+0000] {processor.py:186} INFO - Started process (PID=433) to work on /opt/airflow/dags/crawl_f1_data.py
[2025-04-24T06:49:42.601+0000] {processor.py:914} INFO - Processing file /opt/airflow/dags/crawl_f1_data.py for tasks to queue
[2025-04-24T06:49:42.604+0000] {logging_mixin.py:190} INFO - [2025-04-24T06:49:42.603+0000] {dagbag.py:588} INFO - Filling up the DagBag from /opt/airflow/dags/crawl_f1_data.py
[2025-04-24T06:49:42.625+0000] {processor.py:925} INFO - DAG(s) 'crawl_f1_data' retrieved from /opt/airflow/dags/crawl_f1_data.py
[2025-04-24T06:49:42.650+0000] {logging_mixin.py:190} INFO - [2025-04-24T06:49:42.650+0000] {dag.py:3239} INFO - Sync 1 DAGs
[2025-04-24T06:49:42.675+0000] {logging_mixin.py:190} INFO - [2025-04-24T06:49:42.675+0000] {dag.py:4180} INFO - Setting next_dagrun for crawl_f1_data to 2025-04-01 00:00:00+00:00, run_after=2025-05-01 00:00:00+00:00
[2025-04-24T06:49:42.698+0000] {processor.py:208} INFO - Processing /opt/airflow/dags/crawl_f1_data.py took 0.102 seconds
[2025-04-24T06:50:12.862+0000] {processor.py:186} INFO - Started process (PID=438) to work on /opt/airflow/dags/crawl_f1_data.py
[2025-04-24T06:50:12.862+0000] {processor.py:914} INFO - Processing file /opt/airflow/dags/crawl_f1_data.py for tasks to queue
[2025-04-24T06:50:12.864+0000] {logging_mixin.py:190} INFO - [2025-04-24T06:50:12.864+0000] {dagbag.py:588} INFO - Filling up the DagBag from /opt/airflow/dags/crawl_f1_data.py
[2025-04-24T06:50:12.886+0000] {processor.py:925} INFO - DAG(s) 'crawl_f1_data' retrieved from /opt/airflow/dags/crawl_f1_data.py
[2025-04-24T06:50:12.909+0000] {logging_mixin.py:190} INFO - [2025-04-24T06:50:12.908+0000] {dag.py:3239} INFO - Sync 1 DAGs
[2025-04-24T06:50:12.930+0000] {logging_mixin.py:190} INFO - [2025-04-24T06:50:12.930+0000] {dag.py:4180} INFO - Setting next_dagrun for crawl_f1_data to 2025-04-01 00:00:00+00:00, run_after=2025-05-01 00:00:00+00:00
[2025-04-24T06:50:12.950+0000] {processor.py:208} INFO - Processing /opt/airflow/dags/crawl_f1_data.py took 0.093 seconds
[2025-04-24T06:50:43.095+0000] {processor.py:186} INFO - Started process (PID=443) to work on /opt/airflow/dags/crawl_f1_data.py
[2025-04-24T06:50:43.097+0000] {processor.py:914} INFO - Processing file /opt/airflow/dags/crawl_f1_data.py for tasks to queue
[2025-04-24T06:50:43.099+0000] {logging_mixin.py:190} INFO - [2025-04-24T06:50:43.099+0000] {dagbag.py:588} INFO - Filling up the DagBag from /opt/airflow/dags/crawl_f1_data.py
[2025-04-24T06:50:43.121+0000] {processor.py:925} INFO - DAG(s) 'crawl_f1_data' retrieved from /opt/airflow/dags/crawl_f1_data.py
[2025-04-24T06:50:43.145+0000] {logging_mixin.py:190} INFO - [2025-04-24T06:50:43.145+0000] {dag.py:3239} INFO - Sync 1 DAGs
[2025-04-24T06:50:43.170+0000] {logging_mixin.py:190} INFO - [2025-04-24T06:50:43.170+0000] {dag.py:4180} INFO - Setting next_dagrun for crawl_f1_data to 2025-04-01 00:00:00+00:00, run_after=2025-05-01 00:00:00+00:00
[2025-04-24T06:50:43.191+0000] {processor.py:208} INFO - Processing /opt/airflow/dags/crawl_f1_data.py took 0.103 seconds
[2025-04-24T06:51:13.335+0000] {processor.py:186} INFO - Started process (PID=448) to work on /opt/airflow/dags/crawl_f1_data.py
[2025-04-24T06:51:13.336+0000] {processor.py:914} INFO - Processing file /opt/airflow/dags/crawl_f1_data.py for tasks to queue
[2025-04-24T06:51:13.337+0000] {logging_mixin.py:190} INFO - [2025-04-24T06:51:13.337+0000] {dagbag.py:588} INFO - Filling up the DagBag from /opt/airflow/dags/crawl_f1_data.py
[2025-04-24T06:51:13.356+0000] {processor.py:925} INFO - DAG(s) 'crawl_f1_data' retrieved from /opt/airflow/dags/crawl_f1_data.py
[2025-04-24T06:51:13.379+0000] {logging_mixin.py:190} INFO - [2025-04-24T06:51:13.378+0000] {dag.py:3239} INFO - Sync 1 DAGs
[2025-04-24T06:51:13.399+0000] {logging_mixin.py:190} INFO - [2025-04-24T06:51:13.399+0000] {dag.py:4180} INFO - Setting next_dagrun for crawl_f1_data to 2025-04-01 00:00:00+00:00, run_after=2025-05-01 00:00:00+00:00
[2025-04-24T06:51:13.420+0000] {processor.py:208} INFO - Processing /opt/airflow/dags/crawl_f1_data.py took 0.089 seconds
[2025-04-24T06:51:43.585+0000] {processor.py:186} INFO - Started process (PID=453) to work on /opt/airflow/dags/crawl_f1_data.py
[2025-04-24T06:51:43.586+0000] {processor.py:914} INFO - Processing file /opt/airflow/dags/crawl_f1_data.py for tasks to queue
[2025-04-24T06:51:43.588+0000] {logging_mixin.py:190} INFO - [2025-04-24T06:51:43.588+0000] {dagbag.py:588} INFO - Filling up the DagBag from /opt/airflow/dags/crawl_f1_data.py
[2025-04-24T06:51:43.609+0000] {processor.py:925} INFO - DAG(s) 'crawl_f1_data' retrieved from /opt/airflow/dags/crawl_f1_data.py
[2025-04-24T06:51:43.634+0000] {logging_mixin.py:190} INFO - [2025-04-24T06:51:43.634+0000] {dag.py:3239} INFO - Sync 1 DAGs
[2025-04-24T06:51:43.658+0000] {logging_mixin.py:190} INFO - [2025-04-24T06:51:43.658+0000] {dag.py:4180} INFO - Setting next_dagrun for crawl_f1_data to 2025-04-01 00:00:00+00:00, run_after=2025-05-01 00:00:00+00:00
[2025-04-24T06:51:43.679+0000] {processor.py:208} INFO - Processing /opt/airflow/dags/crawl_f1_data.py took 0.099 seconds
[2025-04-24T06:52:13.810+0000] {processor.py:186} INFO - Started process (PID=458) to work on /opt/airflow/dags/crawl_f1_data.py
[2025-04-24T06:52:13.811+0000] {processor.py:914} INFO - Processing file /opt/airflow/dags/crawl_f1_data.py for tasks to queue
[2025-04-24T06:52:13.812+0000] {logging_mixin.py:190} INFO - [2025-04-24T06:52:13.812+0000] {dagbag.py:588} INFO - Filling up the DagBag from /opt/airflow/dags/crawl_f1_data.py
[2025-04-24T06:52:13.833+0000] {processor.py:925} INFO - DAG(s) 'crawl_f1_data' retrieved from /opt/airflow/dags/crawl_f1_data.py
[2025-04-24T06:52:13.859+0000] {logging_mixin.py:190} INFO - [2025-04-24T06:52:13.858+0000] {dag.py:3239} INFO - Sync 1 DAGs
[2025-04-24T06:52:13.886+0000] {logging_mixin.py:190} INFO - [2025-04-24T06:52:13.886+0000] {dag.py:4180} INFO - Setting next_dagrun for crawl_f1_data to 2025-04-01 00:00:00+00:00, run_after=2025-05-01 00:00:00+00:00
[2025-04-24T06:52:13.906+0000] {processor.py:208} INFO - Processing /opt/airflow/dags/crawl_f1_data.py took 0.100 seconds
[2025-04-24T06:52:44.071+0000] {processor.py:186} INFO - Started process (PID=463) to work on /opt/airflow/dags/crawl_f1_data.py
[2025-04-24T06:52:44.072+0000] {processor.py:914} INFO - Processing file /opt/airflow/dags/crawl_f1_data.py for tasks to queue
[2025-04-24T06:52:44.074+0000] {logging_mixin.py:190} INFO - [2025-04-24T06:52:44.074+0000] {dagbag.py:588} INFO - Filling up the DagBag from /opt/airflow/dags/crawl_f1_data.py
[2025-04-24T06:52:44.093+0000] {processor.py:925} INFO - DAG(s) 'crawl_f1_data' retrieved from /opt/airflow/dags/crawl_f1_data.py
[2025-04-24T06:52:44.119+0000] {logging_mixin.py:190} INFO - [2025-04-24T06:52:44.118+0000] {dag.py:3239} INFO - Sync 1 DAGs
[2025-04-24T06:52:44.141+0000] {logging_mixin.py:190} INFO - [2025-04-24T06:52:44.141+0000] {dag.py:4180} INFO - Setting next_dagrun for crawl_f1_data to 2025-04-01 00:00:00+00:00, run_after=2025-05-01 00:00:00+00:00
[2025-04-24T06:52:44.167+0000] {processor.py:208} INFO - Processing /opt/airflow/dags/crawl_f1_data.py took 0.101 seconds
[2025-04-24T06:53:14.295+0000] {processor.py:186} INFO - Started process (PID=468) to work on /opt/airflow/dags/crawl_f1_data.py
[2025-04-24T06:53:14.296+0000] {processor.py:914} INFO - Processing file /opt/airflow/dags/crawl_f1_data.py for tasks to queue
[2025-04-24T06:53:14.299+0000] {logging_mixin.py:190} INFO - [2025-04-24T06:53:14.298+0000] {dagbag.py:588} INFO - Filling up the DagBag from /opt/airflow/dags/crawl_f1_data.py
[2025-04-24T06:53:14.318+0000] {processor.py:925} INFO - DAG(s) 'crawl_f1_data' retrieved from /opt/airflow/dags/crawl_f1_data.py
[2025-04-24T06:53:14.341+0000] {logging_mixin.py:190} INFO - [2025-04-24T06:53:14.341+0000] {dag.py:3239} INFO - Sync 1 DAGs
[2025-04-24T06:53:14.363+0000] {logging_mixin.py:190} INFO - [2025-04-24T06:53:14.362+0000] {dag.py:4180} INFO - Setting next_dagrun for crawl_f1_data to 2025-04-01 00:00:00+00:00, run_after=2025-05-01 00:00:00+00:00
[2025-04-24T06:53:14.384+0000] {processor.py:208} INFO - Processing /opt/airflow/dags/crawl_f1_data.py took 0.093 seconds
[2025-04-24T06:53:44.586+0000] {processor.py:186} INFO - Started process (PID=473) to work on /opt/airflow/dags/crawl_f1_data.py
[2025-04-24T06:53:44.587+0000] {processor.py:914} INFO - Processing file /opt/airflow/dags/crawl_f1_data.py for tasks to queue
[2025-04-24T06:53:44.589+0000] {logging_mixin.py:190} INFO - [2025-04-24T06:53:44.589+0000] {dagbag.py:588} INFO - Filling up the DagBag from /opt/airflow/dags/crawl_f1_data.py
[2025-04-24T06:53:44.609+0000] {processor.py:925} INFO - DAG(s) 'crawl_f1_data' retrieved from /opt/airflow/dags/crawl_f1_data.py
[2025-04-24T06:53:44.634+0000] {logging_mixin.py:190} INFO - [2025-04-24T06:53:44.634+0000] {dag.py:3239} INFO - Sync 1 DAGs
[2025-04-24T06:53:44.672+0000] {logging_mixin.py:190} INFO - [2025-04-24T06:53:44.671+0000] {dag.py:4180} INFO - Setting next_dagrun for crawl_f1_data to 2025-04-01 00:00:00+00:00, run_after=2025-05-01 00:00:00+00:00
[2025-04-24T06:53:44.698+0000] {processor.py:208} INFO - Processing /opt/airflow/dags/crawl_f1_data.py took 0.117 seconds
[2025-04-24T06:54:14.797+0000] {processor.py:186} INFO - Started process (PID=478) to work on /opt/airflow/dags/crawl_f1_data.py
[2025-04-24T06:54:14.798+0000] {processor.py:914} INFO - Processing file /opt/airflow/dags/crawl_f1_data.py for tasks to queue
[2025-04-24T06:54:14.800+0000] {logging_mixin.py:190} INFO - [2025-04-24T06:54:14.800+0000] {dagbag.py:588} INFO - Filling up the DagBag from /opt/airflow/dags/crawl_f1_data.py
[2025-04-24T06:54:14.818+0000] {processor.py:925} INFO - DAG(s) 'crawl_f1_data' retrieved from /opt/airflow/dags/crawl_f1_data.py
[2025-04-24T06:54:14.841+0000] {logging_mixin.py:190} INFO - [2025-04-24T06:54:14.841+0000] {dag.py:3239} INFO - Sync 1 DAGs
[2025-04-24T06:54:14.864+0000] {logging_mixin.py:190} INFO - [2025-04-24T06:54:14.863+0000] {dag.py:4180} INFO - Setting next_dagrun for crawl_f1_data to 2025-04-01 00:00:00+00:00, run_after=2025-05-01 00:00:00+00:00
[2025-04-24T06:54:14.881+0000] {processor.py:208} INFO - Processing /opt/airflow/dags/crawl_f1_data.py took 0.089 seconds
[2025-04-24T06:54:45.092+0000] {processor.py:186} INFO - Started process (PID=483) to work on /opt/airflow/dags/crawl_f1_data.py
[2025-04-24T06:54:45.093+0000] {processor.py:914} INFO - Processing file /opt/airflow/dags/crawl_f1_data.py for tasks to queue
[2025-04-24T06:54:45.095+0000] {logging_mixin.py:190} INFO - [2025-04-24T06:54:45.094+0000] {dagbag.py:588} INFO - Filling up the DagBag from /opt/airflow/dags/crawl_f1_data.py
[2025-04-24T06:54:45.115+0000] {processor.py:925} INFO - DAG(s) 'crawl_f1_data' retrieved from /opt/airflow/dags/crawl_f1_data.py
[2025-04-24T06:54:45.139+0000] {logging_mixin.py:190} INFO - [2025-04-24T06:54:45.139+0000] {dag.py:3239} INFO - Sync 1 DAGs
[2025-04-24T06:54:45.163+0000] {logging_mixin.py:190} INFO - [2025-04-24T06:54:45.162+0000] {dag.py:4180} INFO - Setting next_dagrun for crawl_f1_data to 2025-04-01 00:00:00+00:00, run_after=2025-05-01 00:00:00+00:00
[2025-04-24T06:54:45.181+0000] {processor.py:208} INFO - Processing /opt/airflow/dags/crawl_f1_data.py took 0.094 seconds
[2025-04-24T06:55:15.295+0000] {processor.py:186} INFO - Started process (PID=488) to work on /opt/airflow/dags/crawl_f1_data.py
[2025-04-24T06:55:15.296+0000] {processor.py:914} INFO - Processing file /opt/airflow/dags/crawl_f1_data.py for tasks to queue
[2025-04-24T06:55:15.298+0000] {logging_mixin.py:190} INFO - [2025-04-24T06:55:15.298+0000] {dagbag.py:588} INFO - Filling up the DagBag from /opt/airflow/dags/crawl_f1_data.py
[2025-04-24T06:55:15.320+0000] {processor.py:925} INFO - DAG(s) 'crawl_f1_data' retrieved from /opt/airflow/dags/crawl_f1_data.py
[2025-04-24T06:55:15.347+0000] {logging_mixin.py:190} INFO - [2025-04-24T06:55:15.346+0000] {dag.py:3239} INFO - Sync 1 DAGs
[2025-04-24T06:55:15.372+0000] {logging_mixin.py:190} INFO - [2025-04-24T06:55:15.372+0000] {dag.py:4180} INFO - Setting next_dagrun for crawl_f1_data to 2025-04-01 00:00:00+00:00, run_after=2025-05-01 00:00:00+00:00
[2025-04-24T06:55:15.391+0000] {processor.py:208} INFO - Processing /opt/airflow/dags/crawl_f1_data.py took 0.101 seconds
[2025-04-24T06:55:45.584+0000] {processor.py:186} INFO - Started process (PID=493) to work on /opt/airflow/dags/crawl_f1_data.py
[2025-04-24T06:55:45.585+0000] {processor.py:914} INFO - Processing file /opt/airflow/dags/crawl_f1_data.py for tasks to queue
[2025-04-24T06:55:45.586+0000] {logging_mixin.py:190} INFO - [2025-04-24T06:55:45.586+0000] {dagbag.py:588} INFO - Filling up the DagBag from /opt/airflow/dags/crawl_f1_data.py
[2025-04-24T06:55:45.608+0000] {processor.py:925} INFO - DAG(s) 'crawl_f1_data' retrieved from /opt/airflow/dags/crawl_f1_data.py
[2025-04-24T06:55:45.632+0000] {logging_mixin.py:190} INFO - [2025-04-24T06:55:45.632+0000] {dag.py:3239} INFO - Sync 1 DAGs
[2025-04-24T06:55:45.655+0000] {logging_mixin.py:190} INFO - [2025-04-24T06:55:45.655+0000] {dag.py:4180} INFO - Setting next_dagrun for crawl_f1_data to 2025-04-01 00:00:00+00:00, run_after=2025-05-01 00:00:00+00:00
[2025-04-24T06:55:45.674+0000] {processor.py:208} INFO - Processing /opt/airflow/dags/crawl_f1_data.py took 0.094 seconds
[2025-04-24T06:56:15.797+0000] {processor.py:186} INFO - Started process (PID=498) to work on /opt/airflow/dags/crawl_f1_data.py
[2025-04-24T06:56:15.798+0000] {processor.py:914} INFO - Processing file /opt/airflow/dags/crawl_f1_data.py for tasks to queue
[2025-04-24T06:56:15.800+0000] {logging_mixin.py:190} INFO - [2025-04-24T06:56:15.800+0000] {dagbag.py:588} INFO - Filling up the DagBag from /opt/airflow/dags/crawl_f1_data.py
[2025-04-24T06:56:15.824+0000] {processor.py:925} INFO - DAG(s) 'crawl_f1_data' retrieved from /opt/airflow/dags/crawl_f1_data.py
[2025-04-24T06:56:15.855+0000] {logging_mixin.py:190} INFO - [2025-04-24T06:56:15.855+0000] {dag.py:3239} INFO - Sync 1 DAGs
[2025-04-24T06:56:15.882+0000] {logging_mixin.py:190} INFO - [2025-04-24T06:56:15.882+0000] {dag.py:4180} INFO - Setting next_dagrun for crawl_f1_data to 2025-04-01 00:00:00+00:00, run_after=2025-05-01 00:00:00+00:00
[2025-04-24T06:56:15.902+0000] {processor.py:208} INFO - Processing /opt/airflow/dags/crawl_f1_data.py took 0.111 seconds
[2025-04-24T06:56:46.067+0000] {processor.py:186} INFO - Started process (PID=503) to work on /opt/airflow/dags/crawl_f1_data.py
[2025-04-24T06:56:46.067+0000] {processor.py:914} INFO - Processing file /opt/airflow/dags/crawl_f1_data.py for tasks to queue
[2025-04-24T06:56:46.070+0000] {logging_mixin.py:190} INFO - [2025-04-24T06:56:46.069+0000] {dagbag.py:588} INFO - Filling up the DagBag from /opt/airflow/dags/crawl_f1_data.py
[2025-04-24T06:56:46.093+0000] {processor.py:925} INFO - DAG(s) 'crawl_f1_data' retrieved from /opt/airflow/dags/crawl_f1_data.py
[2025-04-24T06:56:46.118+0000] {logging_mixin.py:190} INFO - [2025-04-24T06:56:46.117+0000] {dag.py:3239} INFO - Sync 1 DAGs
[2025-04-24T06:56:46.146+0000] {logging_mixin.py:190} INFO - [2025-04-24T06:56:46.146+0000] {dag.py:4180} INFO - Setting next_dagrun for crawl_f1_data to 2025-04-01 00:00:00+00:00, run_after=2025-05-01 00:00:00+00:00
[2025-04-24T06:56:46.170+0000] {processor.py:208} INFO - Processing /opt/airflow/dags/crawl_f1_data.py took 0.110 seconds
[2025-04-24T06:57:16.270+0000] {processor.py:186} INFO - Started process (PID=508) to work on /opt/airflow/dags/crawl_f1_data.py
[2025-04-24T06:57:16.271+0000] {processor.py:914} INFO - Processing file /opt/airflow/dags/crawl_f1_data.py for tasks to queue
[2025-04-24T06:57:16.273+0000] {logging_mixin.py:190} INFO - [2025-04-24T06:57:16.273+0000] {dagbag.py:588} INFO - Filling up the DagBag from /opt/airflow/dags/crawl_f1_data.py
[2025-04-24T06:57:16.291+0000] {processor.py:925} INFO - DAG(s) 'crawl_f1_data' retrieved from /opt/airflow/dags/crawl_f1_data.py
[2025-04-24T06:57:16.315+0000] {logging_mixin.py:190} INFO - [2025-04-24T06:57:16.315+0000] {dag.py:3239} INFO - Sync 1 DAGs
[2025-04-24T06:57:16.338+0000] {logging_mixin.py:190} INFO - [2025-04-24T06:57:16.338+0000] {dag.py:4180} INFO - Setting next_dagrun for crawl_f1_data to 2025-04-01 00:00:00+00:00, run_after=2025-05-01 00:00:00+00:00
[2025-04-24T06:57:16.358+0000] {processor.py:208} INFO - Processing /opt/airflow/dags/crawl_f1_data.py took 0.092 seconds
[2025-04-24T06:57:46.555+0000] {processor.py:186} INFO - Started process (PID=513) to work on /opt/airflow/dags/crawl_f1_data.py
[2025-04-24T06:57:46.555+0000] {processor.py:914} INFO - Processing file /opt/airflow/dags/crawl_f1_data.py for tasks to queue
[2025-04-24T06:57:46.557+0000] {logging_mixin.py:190} INFO - [2025-04-24T06:57:46.557+0000] {dagbag.py:588} INFO - Filling up the DagBag from /opt/airflow/dags/crawl_f1_data.py
[2025-04-24T06:57:46.578+0000] {processor.py:925} INFO - DAG(s) 'crawl_f1_data' retrieved from /opt/airflow/dags/crawl_f1_data.py
[2025-04-24T06:57:46.602+0000] {logging_mixin.py:190} INFO - [2025-04-24T06:57:46.601+0000] {dag.py:3239} INFO - Sync 1 DAGs
[2025-04-24T06:57:46.625+0000] {logging_mixin.py:190} INFO - [2025-04-24T06:57:46.624+0000] {dag.py:4180} INFO - Setting next_dagrun for crawl_f1_data to 2025-04-01 00:00:00+00:00, run_after=2025-05-01 00:00:00+00:00
[2025-04-24T06:57:46.652+0000] {processor.py:208} INFO - Processing /opt/airflow/dags/crawl_f1_data.py took 0.102 seconds
[2025-04-24T06:58:16.754+0000] {processor.py:186} INFO - Started process (PID=518) to work on /opt/airflow/dags/crawl_f1_data.py
[2025-04-24T06:58:16.755+0000] {processor.py:914} INFO - Processing file /opt/airflow/dags/crawl_f1_data.py for tasks to queue
[2025-04-24T06:58:16.757+0000] {logging_mixin.py:190} INFO - [2025-04-24T06:58:16.757+0000] {dagbag.py:588} INFO - Filling up the DagBag from /opt/airflow/dags/crawl_f1_data.py
[2025-04-24T06:58:16.777+0000] {processor.py:925} INFO - DAG(s) 'crawl_f1_data' retrieved from /opt/airflow/dags/crawl_f1_data.py
[2025-04-24T06:58:16.801+0000] {logging_mixin.py:190} INFO - [2025-04-24T06:58:16.801+0000] {dag.py:3239} INFO - Sync 1 DAGs
[2025-04-24T06:58:16.822+0000] {logging_mixin.py:190} INFO - [2025-04-24T06:58:16.821+0000] {dag.py:4180} INFO - Setting next_dagrun for crawl_f1_data to 2025-04-01 00:00:00+00:00, run_after=2025-05-01 00:00:00+00:00
[2025-04-24T06:58:16.839+0000] {processor.py:208} INFO - Processing /opt/airflow/dags/crawl_f1_data.py took 0.090 seconds
[2025-04-24T06:58:47.060+0000] {processor.py:186} INFO - Started process (PID=523) to work on /opt/airflow/dags/crawl_f1_data.py
[2025-04-24T06:58:47.060+0000] {processor.py:914} INFO - Processing file /opt/airflow/dags/crawl_f1_data.py for tasks to queue
[2025-04-24T06:58:47.062+0000] {logging_mixin.py:190} INFO - [2025-04-24T06:58:47.062+0000] {dagbag.py:588} INFO - Filling up the DagBag from /opt/airflow/dags/crawl_f1_data.py
[2025-04-24T06:58:47.080+0000] {processor.py:925} INFO - DAG(s) 'crawl_f1_data' retrieved from /opt/airflow/dags/crawl_f1_data.py
[2025-04-24T06:58:47.101+0000] {logging_mixin.py:190} INFO - [2025-04-24T06:58:47.101+0000] {dag.py:3239} INFO - Sync 1 DAGs
[2025-04-24T06:58:47.122+0000] {logging_mixin.py:190} INFO - [2025-04-24T06:58:47.122+0000] {dag.py:4180} INFO - Setting next_dagrun for crawl_f1_data to 2025-04-01 00:00:00+00:00, run_after=2025-05-01 00:00:00+00:00
[2025-04-24T06:58:47.146+0000] {processor.py:208} INFO - Processing /opt/airflow/dags/crawl_f1_data.py took 0.090 seconds
[2025-04-24T06:59:17.267+0000] {processor.py:186} INFO - Started process (PID=528) to work on /opt/airflow/dags/crawl_f1_data.py
[2025-04-24T06:59:17.268+0000] {processor.py:914} INFO - Processing file /opt/airflow/dags/crawl_f1_data.py for tasks to queue
[2025-04-24T06:59:17.269+0000] {logging_mixin.py:190} INFO - [2025-04-24T06:59:17.269+0000] {dagbag.py:588} INFO - Filling up the DagBag from /opt/airflow/dags/crawl_f1_data.py
[2025-04-24T06:59:17.288+0000] {processor.py:925} INFO - DAG(s) 'crawl_f1_data' retrieved from /opt/airflow/dags/crawl_f1_data.py
[2025-04-24T06:59:17.310+0000] {logging_mixin.py:190} INFO - [2025-04-24T06:59:17.310+0000] {dag.py:3239} INFO - Sync 1 DAGs
[2025-04-24T06:59:17.332+0000] {logging_mixin.py:190} INFO - [2025-04-24T06:59:17.332+0000] {dag.py:4180} INFO - Setting next_dagrun for crawl_f1_data to 2025-04-01 00:00:00+00:00, run_after=2025-05-01 00:00:00+00:00
[2025-04-24T06:59:17.351+0000] {processor.py:208} INFO - Processing /opt/airflow/dags/crawl_f1_data.py took 0.088 seconds
[2025-04-24T06:59:47.548+0000] {processor.py:186} INFO - Started process (PID=533) to work on /opt/airflow/dags/crawl_f1_data.py
[2025-04-24T06:59:47.549+0000] {processor.py:914} INFO - Processing file /opt/airflow/dags/crawl_f1_data.py for tasks to queue
[2025-04-24T06:59:47.551+0000] {logging_mixin.py:190} INFO - [2025-04-24T06:59:47.551+0000] {dagbag.py:588} INFO - Filling up the DagBag from /opt/airflow/dags/crawl_f1_data.py
[2025-04-24T06:59:47.573+0000] {processor.py:925} INFO - DAG(s) 'crawl_f1_data' retrieved from /opt/airflow/dags/crawl_f1_data.py
[2025-04-24T06:59:47.599+0000] {logging_mixin.py:190} INFO - [2025-04-24T06:59:47.599+0000] {dag.py:3239} INFO - Sync 1 DAGs
[2025-04-24T06:59:47.629+0000] {logging_mixin.py:190} INFO - [2025-04-24T06:59:47.629+0000] {dag.py:4180} INFO - Setting next_dagrun for crawl_f1_data to 2025-04-01 00:00:00+00:00, run_after=2025-05-01 00:00:00+00:00
[2025-04-24T06:59:47.648+0000] {processor.py:208} INFO - Processing /opt/airflow/dags/crawl_f1_data.py took 0.104 seconds
[2025-04-24T07:00:17.747+0000] {processor.py:186} INFO - Started process (PID=538) to work on /opt/airflow/dags/crawl_f1_data.py
[2025-04-24T07:00:17.747+0000] {processor.py:914} INFO - Processing file /opt/airflow/dags/crawl_f1_data.py for tasks to queue
[2025-04-24T07:00:17.749+0000] {logging_mixin.py:190} INFO - [2025-04-24T07:00:17.749+0000] {dagbag.py:588} INFO - Filling up the DagBag from /opt/airflow/dags/crawl_f1_data.py
[2025-04-24T07:00:17.770+0000] {processor.py:925} INFO - DAG(s) 'crawl_f1_data' retrieved from /opt/airflow/dags/crawl_f1_data.py
[2025-04-24T07:00:17.794+0000] {logging_mixin.py:190} INFO - [2025-04-24T07:00:17.794+0000] {dag.py:3239} INFO - Sync 1 DAGs
[2025-04-24T07:00:17.817+0000] {logging_mixin.py:190} INFO - [2025-04-24T07:00:17.817+0000] {dag.py:4180} INFO - Setting next_dagrun for crawl_f1_data to 2025-04-01 00:00:00+00:00, run_after=2025-05-01 00:00:00+00:00
[2025-04-24T07:00:17.835+0000] {processor.py:208} INFO - Processing /opt/airflow/dags/crawl_f1_data.py took 0.092 seconds
[2025-04-24T07:00:48.031+0000] {processor.py:186} INFO - Started process (PID=543) to work on /opt/airflow/dags/crawl_f1_data.py
[2025-04-24T07:00:48.032+0000] {processor.py:914} INFO - Processing file /opt/airflow/dags/crawl_f1_data.py for tasks to queue
[2025-04-24T07:00:48.033+0000] {logging_mixin.py:190} INFO - [2025-04-24T07:00:48.033+0000] {dagbag.py:588} INFO - Filling up the DagBag from /opt/airflow/dags/crawl_f1_data.py
[2025-04-24T07:00:48.051+0000] {processor.py:925} INFO - DAG(s) 'crawl_f1_data' retrieved from /opt/airflow/dags/crawl_f1_data.py
[2025-04-24T07:00:48.073+0000] {logging_mixin.py:190} INFO - [2025-04-24T07:00:48.073+0000] {dag.py:3239} INFO - Sync 1 DAGs
[2025-04-24T07:00:48.094+0000] {logging_mixin.py:190} INFO - [2025-04-24T07:00:48.094+0000] {dag.py:4180} INFO - Setting next_dagrun for crawl_f1_data to 2025-04-01 00:00:00+00:00, run_after=2025-05-01 00:00:00+00:00
[2025-04-24T07:00:48.111+0000] {processor.py:208} INFO - Processing /opt/airflow/dags/crawl_f1_data.py took 0.084 seconds
[2025-04-24T07:01:18.237+0000] {processor.py:186} INFO - Started process (PID=548) to work on /opt/airflow/dags/crawl_f1_data.py
[2025-04-24T07:01:18.237+0000] {processor.py:914} INFO - Processing file /opt/airflow/dags/crawl_f1_data.py for tasks to queue
[2025-04-24T07:01:18.240+0000] {logging_mixin.py:190} INFO - [2025-04-24T07:01:18.239+0000] {dagbag.py:588} INFO - Filling up the DagBag from /opt/airflow/dags/crawl_f1_data.py
[2025-04-24T07:01:18.259+0000] {processor.py:925} INFO - DAG(s) 'crawl_f1_data' retrieved from /opt/airflow/dags/crawl_f1_data.py
[2025-04-24T07:01:18.282+0000] {logging_mixin.py:190} INFO - [2025-04-24T07:01:18.282+0000] {dag.py:3239} INFO - Sync 1 DAGs
[2025-04-24T07:01:18.303+0000] {logging_mixin.py:190} INFO - [2025-04-24T07:01:18.303+0000] {dag.py:4180} INFO - Setting next_dagrun for crawl_f1_data to 2025-04-01 00:00:00+00:00, run_after=2025-05-01 00:00:00+00:00
[2025-04-24T07:01:18.321+0000] {processor.py:208} INFO - Processing /opt/airflow/dags/crawl_f1_data.py took 0.090 seconds
[2025-04-24T07:01:48.498+0000] {processor.py:186} INFO - Started process (PID=553) to work on /opt/airflow/dags/crawl_f1_data.py
[2025-04-24T07:01:48.499+0000] {processor.py:914} INFO - Processing file /opt/airflow/dags/crawl_f1_data.py for tasks to queue
[2025-04-24T07:01:48.501+0000] {logging_mixin.py:190} INFO - [2025-04-24T07:01:48.501+0000] {dagbag.py:588} INFO - Filling up the DagBag from /opt/airflow/dags/crawl_f1_data.py
[2025-04-24T07:01:48.522+0000] {processor.py:925} INFO - DAG(s) 'crawl_f1_data' retrieved from /opt/airflow/dags/crawl_f1_data.py
[2025-04-24T07:01:48.549+0000] {logging_mixin.py:190} INFO - [2025-04-24T07:01:48.549+0000] {dag.py:3239} INFO - Sync 1 DAGs
[2025-04-24T07:01:48.575+0000] {logging_mixin.py:190} INFO - [2025-04-24T07:01:48.575+0000] {dag.py:4180} INFO - Setting next_dagrun for crawl_f1_data to 2025-04-01 00:00:00+00:00, run_after=2025-05-01 00:00:00+00:00
[2025-04-24T07:01:48.595+0000] {processor.py:208} INFO - Processing /opt/airflow/dags/crawl_f1_data.py took 0.101 seconds
[2025-04-24T07:02:18.703+0000] {processor.py:186} INFO - Started process (PID=558) to work on /opt/airflow/dags/crawl_f1_data.py
[2025-04-24T07:02:18.704+0000] {processor.py:914} INFO - Processing file /opt/airflow/dags/crawl_f1_data.py for tasks to queue
[2025-04-24T07:02:18.707+0000] {logging_mixin.py:190} INFO - [2025-04-24T07:02:18.706+0000] {dagbag.py:588} INFO - Filling up the DagBag from /opt/airflow/dags/crawl_f1_data.py
[2025-04-24T07:02:18.729+0000] {processor.py:925} INFO - DAG(s) 'crawl_f1_data' retrieved from /opt/airflow/dags/crawl_f1_data.py
[2025-04-24T07:02:18.753+0000] {logging_mixin.py:190} INFO - [2025-04-24T07:02:18.753+0000] {dag.py:3239} INFO - Sync 1 DAGs
[2025-04-24T07:02:18.775+0000] {logging_mixin.py:190} INFO - [2025-04-24T07:02:18.775+0000] {dag.py:4180} INFO - Setting next_dagrun for crawl_f1_data to 2025-04-01 00:00:00+00:00, run_after=2025-05-01 00:00:00+00:00
[2025-04-24T07:02:18.793+0000] {processor.py:208} INFO - Processing /opt/airflow/dags/crawl_f1_data.py took 0.096 seconds
[2025-04-24T07:02:48.993+0000] {processor.py:186} INFO - Started process (PID=563) to work on /opt/airflow/dags/crawl_f1_data.py
[2025-04-24T07:02:48.994+0000] {processor.py:914} INFO - Processing file /opt/airflow/dags/crawl_f1_data.py for tasks to queue
[2025-04-24T07:02:48.996+0000] {logging_mixin.py:190} INFO - [2025-04-24T07:02:48.995+0000] {dagbag.py:588} INFO - Filling up the DagBag from /opt/airflow/dags/crawl_f1_data.py
[2025-04-24T07:02:49.014+0000] {processor.py:925} INFO - DAG(s) 'crawl_f1_data' retrieved from /opt/airflow/dags/crawl_f1_data.py
[2025-04-24T07:02:49.036+0000] {logging_mixin.py:190} INFO - [2025-04-24T07:02:49.036+0000] {dag.py:3239} INFO - Sync 1 DAGs
[2025-04-24T07:02:49.056+0000] {logging_mixin.py:190} INFO - [2025-04-24T07:02:49.056+0000] {dag.py:4180} INFO - Setting next_dagrun for crawl_f1_data to 2025-04-01 00:00:00+00:00, run_after=2025-05-01 00:00:00+00:00
[2025-04-24T07:02:49.074+0000] {processor.py:208} INFO - Processing /opt/airflow/dags/crawl_f1_data.py took 0.085 seconds
[2025-04-24T07:03:19.203+0000] {processor.py:186} INFO - Started process (PID=568) to work on /opt/airflow/dags/crawl_f1_data.py
[2025-04-24T07:03:19.203+0000] {processor.py:914} INFO - Processing file /opt/airflow/dags/crawl_f1_data.py for tasks to queue
[2025-04-24T07:03:19.205+0000] {logging_mixin.py:190} INFO - [2025-04-24T07:03:19.205+0000] {dagbag.py:588} INFO - Filling up the DagBag from /opt/airflow/dags/crawl_f1_data.py
[2025-04-24T07:03:19.224+0000] {processor.py:925} INFO - DAG(s) 'crawl_f1_data' retrieved from /opt/airflow/dags/crawl_f1_data.py
[2025-04-24T07:03:19.246+0000] {logging_mixin.py:190} INFO - [2025-04-24T07:03:19.246+0000] {dag.py:3239} INFO - Sync 1 DAGs
[2025-04-24T07:03:19.268+0000] {logging_mixin.py:190} INFO - [2025-04-24T07:03:19.267+0000] {dag.py:4180} INFO - Setting next_dagrun for crawl_f1_data to 2025-04-01 00:00:00+00:00, run_after=2025-05-01 00:00:00+00:00
[2025-04-24T07:03:19.285+0000] {processor.py:208} INFO - Processing /opt/airflow/dags/crawl_f1_data.py took 0.088 seconds
[2025-04-24T07:03:49.489+0000] {processor.py:186} INFO - Started process (PID=573) to work on /opt/airflow/dags/crawl_f1_data.py
[2025-04-24T07:03:49.490+0000] {processor.py:914} INFO - Processing file /opt/airflow/dags/crawl_f1_data.py for tasks to queue
[2025-04-24T07:03:49.492+0000] {logging_mixin.py:190} INFO - [2025-04-24T07:03:49.491+0000] {dagbag.py:588} INFO - Filling up the DagBag from /opt/airflow/dags/crawl_f1_data.py
[2025-04-24T07:03:49.510+0000] {processor.py:925} INFO - DAG(s) 'crawl_f1_data' retrieved from /opt/airflow/dags/crawl_f1_data.py
[2025-04-24T07:03:49.532+0000] {logging_mixin.py:190} INFO - [2025-04-24T07:03:49.532+0000] {dag.py:3239} INFO - Sync 1 DAGs
[2025-04-24T07:03:49.554+0000] {logging_mixin.py:190} INFO - [2025-04-24T07:03:49.554+0000] {dag.py:4180} INFO - Setting next_dagrun for crawl_f1_data to 2025-04-01 00:00:00+00:00, run_after=2025-05-01 00:00:00+00:00
[2025-04-24T07:03:49.572+0000] {processor.py:208} INFO - Processing /opt/airflow/dags/crawl_f1_data.py took 0.087 seconds
[2025-04-24T07:04:19.691+0000] {processor.py:186} INFO - Started process (PID=578) to work on /opt/airflow/dags/crawl_f1_data.py
[2025-04-24T07:04:19.692+0000] {processor.py:914} INFO - Processing file /opt/airflow/dags/crawl_f1_data.py for tasks to queue
[2025-04-24T07:04:19.695+0000] {logging_mixin.py:190} INFO - [2025-04-24T07:04:19.694+0000] {dagbag.py:588} INFO - Filling up the DagBag from /opt/airflow/dags/crawl_f1_data.py
[2025-04-24T07:04:19.717+0000] {processor.py:925} INFO - DAG(s) 'crawl_f1_data' retrieved from /opt/airflow/dags/crawl_f1_data.py
[2025-04-24T07:04:19.741+0000] {logging_mixin.py:190} INFO - [2025-04-24T07:04:19.741+0000] {dag.py:3239} INFO - Sync 1 DAGs
[2025-04-24T07:04:19.763+0000] {logging_mixin.py:190} INFO - [2025-04-24T07:04:19.763+0000] {dag.py:4180} INFO - Setting next_dagrun for crawl_f1_data to 2025-04-01 00:00:00+00:00, run_after=2025-05-01 00:00:00+00:00
[2025-04-24T07:04:19.783+0000] {processor.py:208} INFO - Processing /opt/airflow/dags/crawl_f1_data.py took 0.096 seconds
[2025-04-24T07:04:49.958+0000] {processor.py:186} INFO - Started process (PID=583) to work on /opt/airflow/dags/crawl_f1_data.py
[2025-04-24T07:04:49.959+0000] {processor.py:914} INFO - Processing file /opt/airflow/dags/crawl_f1_data.py for tasks to queue
[2025-04-24T07:04:49.961+0000] {logging_mixin.py:190} INFO - [2025-04-24T07:04:49.961+0000] {dagbag.py:588} INFO - Filling up the DagBag from /opt/airflow/dags/crawl_f1_data.py
[2025-04-24T07:04:49.982+0000] {processor.py:925} INFO - DAG(s) 'crawl_f1_data' retrieved from /opt/airflow/dags/crawl_f1_data.py
[2025-04-24T07:04:50.007+0000] {logging_mixin.py:190} INFO - [2025-04-24T07:04:50.006+0000] {dag.py:3239} INFO - Sync 1 DAGs
[2025-04-24T07:04:50.032+0000] {logging_mixin.py:190} INFO - [2025-04-24T07:04:50.031+0000] {dag.py:4180} INFO - Setting next_dagrun for crawl_f1_data to 2025-04-01 00:00:00+00:00, run_after=2025-05-01 00:00:00+00:00
[2025-04-24T07:04:50.051+0000] {processor.py:208} INFO - Processing /opt/airflow/dags/crawl_f1_data.py took 0.097 seconds
[2025-04-24T07:05:20.165+0000] {processor.py:186} INFO - Started process (PID=588) to work on /opt/airflow/dags/crawl_f1_data.py
[2025-04-24T07:05:20.165+0000] {processor.py:914} INFO - Processing file /opt/airflow/dags/crawl_f1_data.py for tasks to queue
[2025-04-24T07:05:20.167+0000] {logging_mixin.py:190} INFO - [2025-04-24T07:05:20.167+0000] {dagbag.py:588} INFO - Filling up the DagBag from /opt/airflow/dags/crawl_f1_data.py
[2025-04-24T07:05:20.185+0000] {processor.py:925} INFO - DAG(s) 'crawl_f1_data' retrieved from /opt/airflow/dags/crawl_f1_data.py
[2025-04-24T07:05:20.210+0000] {logging_mixin.py:190} INFO - [2025-04-24T07:05:20.209+0000] {dag.py:3239} INFO - Sync 1 DAGs
[2025-04-24T07:05:20.240+0000] {logging_mixin.py:190} INFO - [2025-04-24T07:05:20.239+0000] {dag.py:4180} INFO - Setting next_dagrun for crawl_f1_data to 2025-04-01 00:00:00+00:00, run_after=2025-05-01 00:00:00+00:00
[2025-04-24T07:05:20.260+0000] {processor.py:208} INFO - Processing /opt/airflow/dags/crawl_f1_data.py took 0.099 seconds
[2025-04-24T07:05:50.452+0000] {processor.py:186} INFO - Started process (PID=593) to work on /opt/airflow/dags/crawl_f1_data.py
[2025-04-24T07:05:50.453+0000] {processor.py:914} INFO - Processing file /opt/airflow/dags/crawl_f1_data.py for tasks to queue
[2025-04-24T07:05:50.456+0000] {logging_mixin.py:190} INFO - [2025-04-24T07:05:50.455+0000] {dagbag.py:588} INFO - Filling up the DagBag from /opt/airflow/dags/crawl_f1_data.py
[2025-04-24T07:05:50.476+0000] {processor.py:925} INFO - DAG(s) 'crawl_f1_data' retrieved from /opt/airflow/dags/crawl_f1_data.py
[2025-04-24T07:05:50.500+0000] {logging_mixin.py:190} INFO - [2025-04-24T07:05:50.500+0000] {dag.py:3239} INFO - Sync 1 DAGs
[2025-04-24T07:05:50.524+0000] {logging_mixin.py:190} INFO - [2025-04-24T07:05:50.524+0000] {dag.py:4180} INFO - Setting next_dagrun for crawl_f1_data to 2025-04-01 00:00:00+00:00, run_after=2025-05-01 00:00:00+00:00
[2025-04-24T07:05:50.543+0000] {processor.py:208} INFO - Processing /opt/airflow/dags/crawl_f1_data.py took 0.095 seconds
[2025-04-24T07:06:20.654+0000] {processor.py:186} INFO - Started process (PID=598) to work on /opt/airflow/dags/crawl_f1_data.py
[2025-04-24T07:06:20.655+0000] {processor.py:914} INFO - Processing file /opt/airflow/dags/crawl_f1_data.py for tasks to queue
[2025-04-24T07:06:20.658+0000] {logging_mixin.py:190} INFO - [2025-04-24T07:06:20.658+0000] {dagbag.py:588} INFO - Filling up the DagBag from /opt/airflow/dags/crawl_f1_data.py
[2025-04-24T07:06:20.681+0000] {processor.py:925} INFO - DAG(s) 'crawl_f1_data' retrieved from /opt/airflow/dags/crawl_f1_data.py
[2025-04-24T07:06:20.709+0000] {logging_mixin.py:190} INFO - [2025-04-24T07:06:20.709+0000] {dag.py:3239} INFO - Sync 1 DAGs
[2025-04-24T07:06:20.736+0000] {logging_mixin.py:190} INFO - [2025-04-24T07:06:20.735+0000] {dag.py:4180} INFO - Setting next_dagrun for crawl_f1_data to 2025-04-01 00:00:00+00:00, run_after=2025-05-01 00:00:00+00:00
[2025-04-24T07:06:20.756+0000] {processor.py:208} INFO - Processing /opt/airflow/dags/crawl_f1_data.py took 0.109 seconds
[2025-04-24T07:06:50.929+0000] {processor.py:186} INFO - Started process (PID=603) to work on /opt/airflow/dags/crawl_f1_data.py
[2025-04-24T07:06:50.930+0000] {processor.py:914} INFO - Processing file /opt/airflow/dags/crawl_f1_data.py for tasks to queue
[2025-04-24T07:06:50.932+0000] {logging_mixin.py:190} INFO - [2025-04-24T07:06:50.932+0000] {dagbag.py:588} INFO - Filling up the DagBag from /opt/airflow/dags/crawl_f1_data.py
[2025-04-24T07:06:50.950+0000] {processor.py:925} INFO - DAG(s) 'crawl_f1_data' retrieved from /opt/airflow/dags/crawl_f1_data.py
[2025-04-24T07:06:50.972+0000] {logging_mixin.py:190} INFO - [2025-04-24T07:06:50.972+0000] {dag.py:3239} INFO - Sync 1 DAGs
[2025-04-24T07:06:50.993+0000] {logging_mixin.py:190} INFO - [2025-04-24T07:06:50.993+0000] {dag.py:4180} INFO - Setting next_dagrun for crawl_f1_data to 2025-04-01 00:00:00+00:00, run_after=2025-05-01 00:00:00+00:00
[2025-04-24T07:06:51.011+0000] {processor.py:208} INFO - Processing /opt/airflow/dags/crawl_f1_data.py took 0.086 seconds
[2025-04-24T07:07:21.136+0000] {processor.py:186} INFO - Started process (PID=608) to work on /opt/airflow/dags/crawl_f1_data.py
[2025-04-24T07:07:21.136+0000] {processor.py:914} INFO - Processing file /opt/airflow/dags/crawl_f1_data.py for tasks to queue
[2025-04-24T07:07:21.138+0000] {logging_mixin.py:190} INFO - [2025-04-24T07:07:21.138+0000] {dagbag.py:588} INFO - Filling up the DagBag from /opt/airflow/dags/crawl_f1_data.py
[2025-04-24T07:07:21.157+0000] {processor.py:925} INFO - DAG(s) 'crawl_f1_data' retrieved from /opt/airflow/dags/crawl_f1_data.py
[2025-04-24T07:07:21.180+0000] {logging_mixin.py:190} INFO - [2025-04-24T07:07:21.180+0000] {dag.py:3239} INFO - Sync 1 DAGs
[2025-04-24T07:07:21.200+0000] {logging_mixin.py:190} INFO - [2025-04-24T07:07:21.200+0000] {dag.py:4180} INFO - Setting next_dagrun for crawl_f1_data to 2025-04-01 00:00:00+00:00, run_after=2025-05-01 00:00:00+00:00
[2025-04-24T07:07:21.218+0000] {processor.py:208} INFO - Processing /opt/airflow/dags/crawl_f1_data.py took 0.087 seconds
[2025-04-24T07:07:51.396+0000] {processor.py:186} INFO - Started process (PID=613) to work on /opt/airflow/dags/crawl_f1_data.py
[2025-04-24T07:07:51.397+0000] {processor.py:914} INFO - Processing file /opt/airflow/dags/crawl_f1_data.py for tasks to queue
[2025-04-24T07:07:51.399+0000] {logging_mixin.py:190} INFO - [2025-04-24T07:07:51.398+0000] {dagbag.py:588} INFO - Filling up the DagBag from /opt/airflow/dags/crawl_f1_data.py
[2025-04-24T07:07:51.418+0000] {processor.py:925} INFO - DAG(s) 'crawl_f1_data' retrieved from /opt/airflow/dags/crawl_f1_data.py
[2025-04-24T07:07:51.439+0000] {logging_mixin.py:190} INFO - [2025-04-24T07:07:51.439+0000] {dag.py:3239} INFO - Sync 1 DAGs
[2025-04-24T07:07:51.459+0000] {logging_mixin.py:190} INFO - [2025-04-24T07:07:51.459+0000] {dag.py:4180} INFO - Setting next_dagrun for crawl_f1_data to 2025-04-01 00:00:00+00:00, run_after=2025-05-01 00:00:00+00:00
[2025-04-24T07:07:51.476+0000] {processor.py:208} INFO - Processing /opt/airflow/dags/crawl_f1_data.py took 0.084 seconds
[2025-04-24T07:08:21.598+0000] {processor.py:186} INFO - Started process (PID=618) to work on /opt/airflow/dags/crawl_f1_data.py
[2025-04-24T07:08:21.598+0000] {processor.py:914} INFO - Processing file /opt/airflow/dags/crawl_f1_data.py for tasks to queue
[2025-04-24T07:08:21.600+0000] {logging_mixin.py:190} INFO - [2025-04-24T07:08:21.600+0000] {dagbag.py:588} INFO - Filling up the DagBag from /opt/airflow/dags/crawl_f1_data.py
[2025-04-24T07:08:21.618+0000] {processor.py:925} INFO - DAG(s) 'crawl_f1_data' retrieved from /opt/airflow/dags/crawl_f1_data.py
[2025-04-24T07:08:21.640+0000] {logging_mixin.py:190} INFO - [2025-04-24T07:08:21.640+0000] {dag.py:3239} INFO - Sync 1 DAGs
[2025-04-24T07:08:21.659+0000] {logging_mixin.py:190} INFO - [2025-04-24T07:08:21.659+0000] {dag.py:4180} INFO - Setting next_dagrun for crawl_f1_data to 2025-04-01 00:00:00+00:00, run_after=2025-05-01 00:00:00+00:00
[2025-04-24T07:08:21.677+0000] {processor.py:208} INFO - Processing /opt/airflow/dags/crawl_f1_data.py took 0.083 seconds
[2025-04-24T07:08:51.897+0000] {processor.py:186} INFO - Started process (PID=623) to work on /opt/airflow/dags/crawl_f1_data.py
[2025-04-24T07:08:51.898+0000] {processor.py:914} INFO - Processing file /opt/airflow/dags/crawl_f1_data.py for tasks to queue
[2025-04-24T07:08:51.900+0000] {logging_mixin.py:190} INFO - [2025-04-24T07:08:51.900+0000] {dagbag.py:588} INFO - Filling up the DagBag from /opt/airflow/dags/crawl_f1_data.py
[2025-04-24T07:08:51.919+0000] {processor.py:925} INFO - DAG(s) 'crawl_f1_data' retrieved from /opt/airflow/dags/crawl_f1_data.py
[2025-04-24T07:08:51.942+0000] {logging_mixin.py:190} INFO - [2025-04-24T07:08:51.942+0000] {dag.py:3239} INFO - Sync 1 DAGs
[2025-04-24T07:08:51.964+0000] {logging_mixin.py:190} INFO - [2025-04-24T07:08:51.964+0000] {dag.py:4180} INFO - Setting next_dagrun for crawl_f1_data to 2025-04-01 00:00:00+00:00, run_after=2025-05-01 00:00:00+00:00
[2025-04-24T07:08:51.982+0000] {processor.py:208} INFO - Processing /opt/airflow/dags/crawl_f1_data.py took 0.090 seconds
[2025-04-24T07:09:22.107+0000] {processor.py:186} INFO - Started process (PID=628) to work on /opt/airflow/dags/crawl_f1_data.py
[2025-04-24T07:09:22.107+0000] {processor.py:914} INFO - Processing file /opt/airflow/dags/crawl_f1_data.py for tasks to queue
[2025-04-24T07:09:22.109+0000] {logging_mixin.py:190} INFO - [2025-04-24T07:09:22.109+0000] {dagbag.py:588} INFO - Filling up the DagBag from /opt/airflow/dags/crawl_f1_data.py
[2025-04-24T07:09:22.130+0000] {processor.py:925} INFO - DAG(s) 'crawl_f1_data' retrieved from /opt/airflow/dags/crawl_f1_data.py
[2025-04-24T07:09:22.155+0000] {logging_mixin.py:190} INFO - [2025-04-24T07:09:22.155+0000] {dag.py:3239} INFO - Sync 1 DAGs
[2025-04-24T07:09:22.180+0000] {logging_mixin.py:190} INFO - [2025-04-24T07:09:22.180+0000] {dag.py:4180} INFO - Setting next_dagrun for crawl_f1_data to 2025-04-01 00:00:00+00:00, run_after=2025-05-01 00:00:00+00:00
[2025-04-24T07:09:22.200+0000] {processor.py:208} INFO - Processing /opt/airflow/dags/crawl_f1_data.py took 0.098 seconds
[2025-04-24T07:09:52.390+0000] {processor.py:186} INFO - Started process (PID=633) to work on /opt/airflow/dags/crawl_f1_data.py
[2025-04-24T07:09:52.392+0000] {processor.py:914} INFO - Processing file /opt/airflow/dags/crawl_f1_data.py for tasks to queue
[2025-04-24T07:09:52.395+0000] {logging_mixin.py:190} INFO - [2025-04-24T07:09:52.394+0000] {dagbag.py:588} INFO - Filling up the DagBag from /opt/airflow/dags/crawl_f1_data.py
[2025-04-24T07:09:52.424+0000] {processor.py:925} INFO - DAG(s) 'crawl_f1_data' retrieved from /opt/airflow/dags/crawl_f1_data.py
[2025-04-24T07:09:52.454+0000] {logging_mixin.py:190} INFO - [2025-04-24T07:09:52.454+0000] {dag.py:3239} INFO - Sync 1 DAGs
[2025-04-24T07:09:52.484+0000] {logging_mixin.py:190} INFO - [2025-04-24T07:09:52.484+0000] {dag.py:4180} INFO - Setting next_dagrun for crawl_f1_data to 2025-04-01 00:00:00+00:00, run_after=2025-05-01 00:00:00+00:00
[2025-04-24T07:09:52.508+0000] {processor.py:208} INFO - Processing /opt/airflow/dags/crawl_f1_data.py took 0.124 seconds
[2025-04-24T07:10:22.627+0000] {processor.py:186} INFO - Started process (PID=638) to work on /opt/airflow/dags/crawl_f1_data.py
[2025-04-24T07:10:22.628+0000] {processor.py:914} INFO - Processing file /opt/airflow/dags/crawl_f1_data.py for tasks to queue
[2025-04-24T07:10:22.631+0000] {logging_mixin.py:190} INFO - [2025-04-24T07:10:22.631+0000] {dagbag.py:588} INFO - Filling up the DagBag from /opt/airflow/dags/crawl_f1_data.py
[2025-04-24T07:10:22.656+0000] {processor.py:925} INFO - DAG(s) 'crawl_f1_data' retrieved from /opt/airflow/dags/crawl_f1_data.py
[2025-04-24T07:10:22.686+0000] {logging_mixin.py:190} INFO - [2025-04-24T07:10:22.686+0000] {dag.py:3239} INFO - Sync 1 DAGs
[2025-04-24T07:10:22.713+0000] {logging_mixin.py:190} INFO - [2025-04-24T07:10:22.712+0000] {dag.py:4180} INFO - Setting next_dagrun for crawl_f1_data to 2025-04-01 00:00:00+00:00, run_after=2025-05-01 00:00:00+00:00
[2025-04-24T07:10:22.741+0000] {processor.py:208} INFO - Processing /opt/airflow/dags/crawl_f1_data.py took 0.121 seconds
[2025-04-24T07:10:53.198+0000] {processor.py:186} INFO - Started process (PID=643) to work on /opt/airflow/dags/crawl_f1_data.py
[2025-04-24T07:10:53.207+0000] {processor.py:914} INFO - Processing file /opt/airflow/dags/crawl_f1_data.py for tasks to queue
[2025-04-24T07:10:53.212+0000] {logging_mixin.py:190} INFO - [2025-04-24T07:10:53.211+0000] {dagbag.py:588} INFO - Filling up the DagBag from /opt/airflow/dags/crawl_f1_data.py
[2025-04-24T07:10:53.300+0000] {processor.py:925} INFO - DAG(s) 'crawl_f1_data' retrieved from /opt/airflow/dags/crawl_f1_data.py
[2025-04-24T07:10:53.375+0000] {logging_mixin.py:190} INFO - [2025-04-24T07:10:53.375+0000] {dag.py:3239} INFO - Sync 1 DAGs
[2025-04-24T07:10:53.440+0000] {logging_mixin.py:190} INFO - [2025-04-24T07:10:53.440+0000] {dag.py:4180} INFO - Setting next_dagrun for crawl_f1_data to 2025-04-01 00:00:00+00:00, run_after=2025-05-01 00:00:00+00:00
[2025-04-24T07:10:53.489+0000] {processor.py:208} INFO - Processing /opt/airflow/dags/crawl_f1_data.py took 0.301 seconds
[2025-04-24T07:11:23.874+0000] {processor.py:186} INFO - Started process (PID=648) to work on /opt/airflow/dags/crawl_f1_data.py
[2025-04-24T07:11:23.875+0000] {processor.py:914} INFO - Processing file /opt/airflow/dags/crawl_f1_data.py for tasks to queue
[2025-04-24T07:11:23.879+0000] {logging_mixin.py:190} INFO - [2025-04-24T07:11:23.879+0000] {dagbag.py:588} INFO - Filling up the DagBag from /opt/airflow/dags/crawl_f1_data.py
[2025-04-24T07:11:23.906+0000] {processor.py:925} INFO - DAG(s) 'crawl_f1_data' retrieved from /opt/airflow/dags/crawl_f1_data.py
[2025-04-24T07:11:23.945+0000] {logging_mixin.py:190} INFO - [2025-04-24T07:11:23.944+0000] {dag.py:3239} INFO - Sync 1 DAGs
[2025-04-24T07:11:23.979+0000] {logging_mixin.py:190} INFO - [2025-04-24T07:11:23.978+0000] {dag.py:4180} INFO - Setting next_dagrun for crawl_f1_data to 2025-04-01 00:00:00+00:00, run_after=2025-05-01 00:00:00+00:00
[2025-04-24T07:11:24.006+0000] {processor.py:208} INFO - Processing /opt/airflow/dags/crawl_f1_data.py took 0.139 seconds
[2025-04-24T07:11:54.263+0000] {processor.py:186} INFO - Started process (PID=653) to work on /opt/airflow/dags/crawl_f1_data.py
[2025-04-24T07:11:54.264+0000] {processor.py:914} INFO - Processing file /opt/airflow/dags/crawl_f1_data.py for tasks to queue
[2025-04-24T07:11:54.267+0000] {logging_mixin.py:190} INFO - [2025-04-24T07:11:54.266+0000] {dagbag.py:588} INFO - Filling up the DagBag from /opt/airflow/dags/crawl_f1_data.py
[2025-04-24T07:11:54.303+0000] {processor.py:925} INFO - DAG(s) 'crawl_f1_data' retrieved from /opt/airflow/dags/crawl_f1_data.py
[2025-04-24T07:11:54.373+0000] {logging_mixin.py:190} INFO - [2025-04-24T07:11:54.372+0000] {dag.py:3239} INFO - Sync 1 DAGs
[2025-04-24T07:11:54.425+0000] {logging_mixin.py:190} INFO - [2025-04-24T07:11:54.425+0000] {dag.py:4180} INFO - Setting next_dagrun for crawl_f1_data to 2025-04-01 00:00:00+00:00, run_after=2025-05-01 00:00:00+00:00
[2025-04-24T07:11:54.463+0000] {processor.py:208} INFO - Processing /opt/airflow/dags/crawl_f1_data.py took 0.219 seconds
[2025-04-24T07:12:24.582+0000] {processor.py:186} INFO - Started process (PID=658) to work on /opt/airflow/dags/crawl_f1_data.py
[2025-04-24T07:12:24.583+0000] {processor.py:914} INFO - Processing file /opt/airflow/dags/crawl_f1_data.py for tasks to queue
[2025-04-24T07:12:24.586+0000] {logging_mixin.py:190} INFO - [2025-04-24T07:12:24.585+0000] {dagbag.py:588} INFO - Filling up the DagBag from /opt/airflow/dags/crawl_f1_data.py
[2025-04-24T07:12:24.617+0000] {processor.py:925} INFO - DAG(s) 'crawl_f1_data' retrieved from /opt/airflow/dags/crawl_f1_data.py
[2025-04-24T07:12:24.654+0000] {logging_mixin.py:190} INFO - [2025-04-24T07:12:24.654+0000] {dag.py:3239} INFO - Sync 1 DAGs
[2025-04-24T07:12:24.688+0000] {logging_mixin.py:190} INFO - [2025-04-24T07:12:24.688+0000] {dag.py:4180} INFO - Setting next_dagrun for crawl_f1_data to 2025-04-01 00:00:00+00:00, run_after=2025-05-01 00:00:00+00:00
[2025-04-24T07:12:24.717+0000] {processor.py:208} INFO - Processing /opt/airflow/dags/crawl_f1_data.py took 0.142 seconds
[2025-04-24T07:12:55.014+0000] {processor.py:186} INFO - Started process (PID=663) to work on /opt/airflow/dags/crawl_f1_data.py
[2025-04-24T07:12:55.015+0000] {processor.py:914} INFO - Processing file /opt/airflow/dags/crawl_f1_data.py for tasks to queue
[2025-04-24T07:12:55.021+0000] {logging_mixin.py:190} INFO - [2025-04-24T07:12:55.020+0000] {dagbag.py:588} INFO - Filling up the DagBag from /opt/airflow/dags/crawl_f1_data.py
[2025-04-24T07:12:55.068+0000] {processor.py:925} INFO - DAG(s) 'crawl_f1_data' retrieved from /opt/airflow/dags/crawl_f1_data.py
[2025-04-24T07:12:55.124+0000] {logging_mixin.py:190} INFO - [2025-04-24T07:12:55.124+0000] {dag.py:3239} INFO - Sync 1 DAGs
[2025-04-24T07:12:55.180+0000] {logging_mixin.py:190} INFO - [2025-04-24T07:12:55.180+0000] {dag.py:4180} INFO - Setting next_dagrun for crawl_f1_data to 2025-04-01 00:00:00+00:00, run_after=2025-05-01 00:00:00+00:00
[2025-04-24T07:12:55.230+0000] {processor.py:208} INFO - Processing /opt/airflow/dags/crawl_f1_data.py took 0.224 seconds
[2025-04-24T07:13:25.333+0000] {processor.py:186} INFO - Started process (PID=668) to work on /opt/airflow/dags/crawl_f1_data.py
[2025-04-24T07:13:25.335+0000] {processor.py:914} INFO - Processing file /opt/airflow/dags/crawl_f1_data.py for tasks to queue
[2025-04-24T07:13:25.339+0000] {logging_mixin.py:190} INFO - [2025-04-24T07:13:25.337+0000] {dagbag.py:588} INFO - Filling up the DagBag from /opt/airflow/dags/crawl_f1_data.py
[2025-04-24T07:13:25.378+0000] {processor.py:925} INFO - DAG(s) 'crawl_f1_data' retrieved from /opt/airflow/dags/crawl_f1_data.py
[2025-04-24T07:13:25.427+0000] {logging_mixin.py:190} INFO - [2025-04-24T07:13:25.426+0000] {dag.py:3239} INFO - Sync 1 DAGs
[2025-04-24T07:13:25.475+0000] {logging_mixin.py:190} INFO - [2025-04-24T07:13:25.475+0000] {dag.py:4180} INFO - Setting next_dagrun for crawl_f1_data to 2025-04-01 00:00:00+00:00, run_after=2025-05-01 00:00:00+00:00
[2025-04-24T07:13:25.511+0000] {processor.py:208} INFO - Processing /opt/airflow/dags/crawl_f1_data.py took 0.186 seconds
[2025-04-24T07:13:55.678+0000] {processor.py:186} INFO - Started process (PID=673) to work on /opt/airflow/dags/crawl_f1_data.py
[2025-04-24T07:13:55.679+0000] {processor.py:914} INFO - Processing file /opt/airflow/dags/crawl_f1_data.py for tasks to queue
[2025-04-24T07:13:55.683+0000] {logging_mixin.py:190} INFO - [2025-04-24T07:13:55.682+0000] {dagbag.py:588} INFO - Filling up the DagBag from /opt/airflow/dags/crawl_f1_data.py
[2025-04-24T07:13:55.716+0000] {processor.py:925} INFO - DAG(s) 'crawl_f1_data' retrieved from /opt/airflow/dags/crawl_f1_data.py
[2025-04-24T07:13:55.764+0000] {logging_mixin.py:190} INFO - [2025-04-24T07:13:55.764+0000] {dag.py:3239} INFO - Sync 1 DAGs
[2025-04-24T07:13:55.823+0000] {logging_mixin.py:190} INFO - [2025-04-24T07:13:55.822+0000] {dag.py:4180} INFO - Setting next_dagrun for crawl_f1_data to 2025-04-01 00:00:00+00:00, run_after=2025-05-01 00:00:00+00:00
[2025-04-24T07:13:55.873+0000] {processor.py:208} INFO - Processing /opt/airflow/dags/crawl_f1_data.py took 0.203 seconds
[2025-04-24T07:14:26.179+0000] {processor.py:186} INFO - Started process (PID=678) to work on /opt/airflow/dags/crawl_f1_data.py
[2025-04-24T07:14:26.180+0000] {processor.py:914} INFO - Processing file /opt/airflow/dags/crawl_f1_data.py for tasks to queue
[2025-04-24T07:14:26.182+0000] {logging_mixin.py:190} INFO - [2025-04-24T07:14:26.182+0000] {dagbag.py:588} INFO - Filling up the DagBag from /opt/airflow/dags/crawl_f1_data.py
[2025-04-24T07:14:26.208+0000] {processor.py:925} INFO - DAG(s) 'crawl_f1_data' retrieved from /opt/airflow/dags/crawl_f1_data.py
[2025-04-24T07:14:26.237+0000] {logging_mixin.py:190} INFO - [2025-04-24T07:14:26.237+0000] {dag.py:3239} INFO - Sync 1 DAGs
[2025-04-24T07:14:26.263+0000] {logging_mixin.py:190} INFO - [2025-04-24T07:14:26.263+0000] {dag.py:4180} INFO - Setting next_dagrun for crawl_f1_data to 2025-04-01 00:00:00+00:00, run_after=2025-05-01 00:00:00+00:00
[2025-04-24T07:14:26.286+0000] {processor.py:208} INFO - Processing /opt/airflow/dags/crawl_f1_data.py took 0.113 seconds
[2025-04-24T07:14:56.455+0000] {processor.py:186} INFO - Started process (PID=683) to work on /opt/airflow/dags/crawl_f1_data.py
[2025-04-24T07:14:56.456+0000] {processor.py:914} INFO - Processing file /opt/airflow/dags/crawl_f1_data.py for tasks to queue
[2025-04-24T07:14:56.459+0000] {logging_mixin.py:190} INFO - [2025-04-24T07:14:56.459+0000] {dagbag.py:588} INFO - Filling up the DagBag from /opt/airflow/dags/crawl_f1_data.py
[2025-04-24T07:14:56.487+0000] {processor.py:925} INFO - DAG(s) 'crawl_f1_data' retrieved from /opt/airflow/dags/crawl_f1_data.py
[2025-04-24T07:14:56.522+0000] {logging_mixin.py:190} INFO - [2025-04-24T07:14:56.522+0000] {dag.py:3239} INFO - Sync 1 DAGs
[2025-04-24T07:14:56.559+0000] {logging_mixin.py:190} INFO - [2025-04-24T07:14:56.558+0000] {dag.py:4180} INFO - Setting next_dagrun for crawl_f1_data to 2025-04-01 00:00:00+00:00, run_after=2025-05-01 00:00:00+00:00
[2025-04-24T07:14:56.586+0000] {processor.py:208} INFO - Processing /opt/airflow/dags/crawl_f1_data.py took 0.139 seconds
[2025-04-24T07:15:26.883+0000] {processor.py:186} INFO - Started process (PID=688) to work on /opt/airflow/dags/crawl_f1_data.py
[2025-04-24T07:15:26.884+0000] {processor.py:914} INFO - Processing file /opt/airflow/dags/crawl_f1_data.py for tasks to queue
[2025-04-24T07:15:26.886+0000] {logging_mixin.py:190} INFO - [2025-04-24T07:15:26.886+0000] {dagbag.py:588} INFO - Filling up the DagBag from /opt/airflow/dags/crawl_f1_data.py
[2025-04-24T07:15:26.914+0000] {processor.py:925} INFO - DAG(s) 'crawl_f1_data' retrieved from /opt/airflow/dags/crawl_f1_data.py
[2025-04-24T07:15:26.946+0000] {logging_mixin.py:190} INFO - [2025-04-24T07:15:26.945+0000] {dag.py:3239} INFO - Sync 1 DAGs
[2025-04-24T07:15:26.979+0000] {logging_mixin.py:190} INFO - [2025-04-24T07:15:26.978+0000] {dag.py:4180} INFO - Setting next_dagrun for crawl_f1_data to 2025-04-01 00:00:00+00:00, run_after=2025-05-01 00:00:00+00:00
[2025-04-24T07:15:27.005+0000] {processor.py:208} INFO - Processing /opt/airflow/dags/crawl_f1_data.py took 0.129 seconds
[2025-04-24T07:15:57.230+0000] {processor.py:186} INFO - Started process (PID=693) to work on /opt/airflow/dags/crawl_f1_data.py
[2025-04-24T07:15:57.231+0000] {processor.py:914} INFO - Processing file /opt/airflow/dags/crawl_f1_data.py for tasks to queue
[2025-04-24T07:15:57.234+0000] {logging_mixin.py:190} INFO - [2025-04-24T07:15:57.234+0000] {dagbag.py:588} INFO - Filling up the DagBag from /opt/airflow/dags/crawl_f1_data.py
[2025-04-24T07:15:57.284+0000] {processor.py:925} INFO - DAG(s) 'crawl_f1_data' retrieved from /opt/airflow/dags/crawl_f1_data.py
[2025-04-24T07:15:57.347+0000] {logging_mixin.py:190} INFO - [2025-04-24T07:15:57.347+0000] {dag.py:3239} INFO - Sync 1 DAGs
[2025-04-24T07:15:57.422+0000] {logging_mixin.py:190} INFO - [2025-04-24T07:15:57.422+0000] {dag.py:4180} INFO - Setting next_dagrun for crawl_f1_data to 2025-04-01 00:00:00+00:00, run_after=2025-05-01 00:00:00+00:00
[2025-04-24T07:15:57.470+0000] {processor.py:208} INFO - Processing /opt/airflow/dags/crawl_f1_data.py took 0.248 seconds
[2025-04-24T07:16:27.656+0000] {processor.py:186} INFO - Started process (PID=698) to work on /opt/airflow/dags/crawl_f1_data.py
[2025-04-24T07:16:27.658+0000] {processor.py:914} INFO - Processing file /opt/airflow/dags/crawl_f1_data.py for tasks to queue
[2025-04-24T07:16:27.663+0000] {logging_mixin.py:190} INFO - [2025-04-24T07:16:27.662+0000] {dagbag.py:588} INFO - Filling up the DagBag from /opt/airflow/dags/crawl_f1_data.py
[2025-04-24T07:16:27.717+0000] {processor.py:925} INFO - DAG(s) 'crawl_f1_data' retrieved from /opt/airflow/dags/crawl_f1_data.py
[2025-04-24T07:16:27.763+0000] {logging_mixin.py:190} INFO - [2025-04-24T07:16:27.762+0000] {dag.py:3239} INFO - Sync 1 DAGs
[2025-04-24T07:16:27.827+0000] {logging_mixin.py:190} INFO - [2025-04-24T07:16:27.827+0000] {dag.py:4180} INFO - Setting next_dagrun for crawl_f1_data to 2025-04-01 00:00:00+00:00, run_after=2025-05-01 00:00:00+00:00
[2025-04-24T07:16:27.866+0000] {processor.py:208} INFO - Processing /opt/airflow/dags/crawl_f1_data.py took 0.219 seconds
[2025-04-24T07:16:58.249+0000] {processor.py:186} INFO - Started process (PID=703) to work on /opt/airflow/dags/crawl_f1_data.py
[2025-04-24T07:16:58.256+0000] {processor.py:914} INFO - Processing file /opt/airflow/dags/crawl_f1_data.py for tasks to queue
[2025-04-24T07:16:58.261+0000] {logging_mixin.py:190} INFO - [2025-04-24T07:16:58.261+0000] {dagbag.py:588} INFO - Filling up the DagBag from /opt/airflow/dags/crawl_f1_data.py
[2025-04-24T07:16:58.310+0000] {processor.py:925} INFO - DAG(s) 'crawl_f1_data' retrieved from /opt/airflow/dags/crawl_f1_data.py
[2025-04-24T07:16:58.390+0000] {logging_mixin.py:190} INFO - [2025-04-24T07:16:58.389+0000] {dag.py:3239} INFO - Sync 1 DAGs
[2025-04-24T07:16:58.458+0000] {logging_mixin.py:190} INFO - [2025-04-24T07:16:58.457+0000] {dag.py:4180} INFO - Setting next_dagrun for crawl_f1_data to 2025-04-01 00:00:00+00:00, run_after=2025-05-01 00:00:00+00:00
[2025-04-24T07:16:58.527+0000] {processor.py:208} INFO - Processing /opt/airflow/dags/crawl_f1_data.py took 0.293 seconds
[2025-04-24T07:17:28.892+0000] {processor.py:186} INFO - Started process (PID=708) to work on /opt/airflow/dags/crawl_f1_data.py
[2025-04-24T07:17:28.894+0000] {processor.py:914} INFO - Processing file /opt/airflow/dags/crawl_f1_data.py for tasks to queue
[2025-04-24T07:17:28.898+0000] {logging_mixin.py:190} INFO - [2025-04-24T07:17:28.897+0000] {dagbag.py:588} INFO - Filling up the DagBag from /opt/airflow/dags/crawl_f1_data.py
[2025-04-24T07:17:28.947+0000] {processor.py:925} INFO - DAG(s) 'crawl_f1_data' retrieved from /opt/airflow/dags/crawl_f1_data.py
[2025-04-24T07:17:29.010+0000] {logging_mixin.py:190} INFO - [2025-04-24T07:17:29.010+0000] {dag.py:3239} INFO - Sync 1 DAGs
[2025-04-24T07:17:29.078+0000] {logging_mixin.py:190} INFO - [2025-04-24T07:17:29.077+0000] {dag.py:4180} INFO - Setting next_dagrun for crawl_f1_data to 2025-04-01 00:00:00+00:00, run_after=2025-05-01 00:00:00+00:00
[2025-04-24T07:17:29.128+0000] {processor.py:208} INFO - Processing /opt/airflow/dags/crawl_f1_data.py took 0.244 seconds
[2025-04-24T07:17:59.465+0000] {processor.py:186} INFO - Started process (PID=713) to work on /opt/airflow/dags/crawl_f1_data.py
[2025-04-24T07:17:59.469+0000] {processor.py:914} INFO - Processing file /opt/airflow/dags/crawl_f1_data.py for tasks to queue
[2025-04-24T07:17:59.473+0000] {logging_mixin.py:190} INFO - [2025-04-24T07:17:59.473+0000] {dagbag.py:588} INFO - Filling up the DagBag from /opt/airflow/dags/crawl_f1_data.py
[2025-04-24T07:17:59.497+0000] {processor.py:925} INFO - DAG(s) 'crawl_f1_data' retrieved from /opt/airflow/dags/crawl_f1_data.py
[2025-04-24T07:17:59.592+0000] {logging_mixin.py:190} INFO - [2025-04-24T07:17:59.592+0000] {dag.py:3239} INFO - Sync 1 DAGs
[2025-04-24T07:17:59.649+0000] {logging_mixin.py:190} INFO - [2025-04-24T07:17:59.649+0000] {dag.py:4180} INFO - Setting next_dagrun for crawl_f1_data to 2025-04-01 00:00:00+00:00, run_after=2025-05-01 00:00:00+00:00
[2025-04-24T07:17:59.685+0000] {processor.py:208} INFO - Processing /opt/airflow/dags/crawl_f1_data.py took 0.237 seconds
[2025-04-24T07:18:30.007+0000] {processor.py:186} INFO - Started process (PID=718) to work on /opt/airflow/dags/crawl_f1_data.py
[2025-04-24T07:18:30.009+0000] {processor.py:914} INFO - Processing file /opt/airflow/dags/crawl_f1_data.py for tasks to queue
[2025-04-24T07:18:30.011+0000] {logging_mixin.py:190} INFO - [2025-04-24T07:18:30.011+0000] {dagbag.py:588} INFO - Filling up the DagBag from /opt/airflow/dags/crawl_f1_data.py
[2025-04-24T07:18:30.038+0000] {processor.py:925} INFO - DAG(s) 'crawl_f1_data' retrieved from /opt/airflow/dags/crawl_f1_data.py
[2025-04-24T07:18:30.083+0000] {logging_mixin.py:190} INFO - [2025-04-24T07:18:30.082+0000] {dag.py:3239} INFO - Sync 1 DAGs
[2025-04-24T07:18:30.121+0000] {logging_mixin.py:190} INFO - [2025-04-24T07:18:30.121+0000] {dag.py:4180} INFO - Setting next_dagrun for crawl_f1_data to 2025-04-01 00:00:00+00:00, run_after=2025-05-01 00:00:00+00:00
[2025-04-24T07:18:30.144+0000] {processor.py:208} INFO - Processing /opt/airflow/dags/crawl_f1_data.py took 0.146 seconds
[2025-04-24T07:19:00.345+0000] {processor.py:186} INFO - Started process (PID=723) to work on /opt/airflow/dags/crawl_f1_data.py
[2025-04-24T07:19:00.347+0000] {processor.py:914} INFO - Processing file /opt/airflow/dags/crawl_f1_data.py for tasks to queue
[2025-04-24T07:19:00.349+0000] {logging_mixin.py:190} INFO - [2025-04-24T07:19:00.349+0000] {dagbag.py:588} INFO - Filling up the DagBag from /opt/airflow/dags/crawl_f1_data.py
[2025-04-24T07:19:00.381+0000] {processor.py:925} INFO - DAG(s) 'crawl_f1_data' retrieved from /opt/airflow/dags/crawl_f1_data.py
[2025-04-24T07:19:00.425+0000] {logging_mixin.py:190} INFO - [2025-04-24T07:19:00.425+0000] {dag.py:3239} INFO - Sync 1 DAGs
[2025-04-24T07:19:00.458+0000] {logging_mixin.py:190} INFO - [2025-04-24T07:19:00.458+0000] {dag.py:4180} INFO - Setting next_dagrun for crawl_f1_data to 2025-04-01 00:00:00+00:00, run_after=2025-05-01 00:00:00+00:00
[2025-04-24T07:19:00.488+0000] {processor.py:208} INFO - Processing /opt/airflow/dags/crawl_f1_data.py took 0.150 seconds
[2025-04-24T07:19:30.687+0000] {processor.py:186} INFO - Started process (PID=728) to work on /opt/airflow/dags/crawl_f1_data.py
[2025-04-24T07:19:30.688+0000] {processor.py:914} INFO - Processing file /opt/airflow/dags/crawl_f1_data.py for tasks to queue
[2025-04-24T07:19:30.691+0000] {logging_mixin.py:190} INFO - [2025-04-24T07:19:30.691+0000] {dagbag.py:588} INFO - Filling up the DagBag from /opt/airflow/dags/crawl_f1_data.py
[2025-04-24T07:19:30.722+0000] {processor.py:925} INFO - DAG(s) 'crawl_f1_data' retrieved from /opt/airflow/dags/crawl_f1_data.py
[2025-04-24T07:19:30.772+0000] {logging_mixin.py:190} INFO - [2025-04-24T07:19:30.772+0000] {dag.py:3239} INFO - Sync 1 DAGs
[2025-04-24T07:19:30.799+0000] {logging_mixin.py:190} INFO - [2025-04-24T07:19:30.799+0000] {dag.py:4180} INFO - Setting next_dagrun for crawl_f1_data to 2025-04-01 00:00:00+00:00, run_after=2025-05-01 00:00:00+00:00
[2025-04-24T07:19:30.829+0000] {processor.py:208} INFO - Processing /opt/airflow/dags/crawl_f1_data.py took 0.151 seconds
[2025-04-24T07:20:01.000+0000] {processor.py:186} INFO - Started process (PID=733) to work on /opt/airflow/dags/crawl_f1_data.py
[2025-04-24T07:20:01.001+0000] {processor.py:914} INFO - Processing file /opt/airflow/dags/crawl_f1_data.py for tasks to queue
[2025-04-24T07:20:01.004+0000] {logging_mixin.py:190} INFO - [2025-04-24T07:20:01.004+0000] {dagbag.py:588} INFO - Filling up the DagBag from /opt/airflow/dags/crawl_f1_data.py
[2025-04-24T07:20:01.027+0000] {processor.py:925} INFO - DAG(s) 'crawl_f1_data' retrieved from /opt/airflow/dags/crawl_f1_data.py
[2025-04-24T07:20:01.066+0000] {logging_mixin.py:190} INFO - [2025-04-24T07:20:01.066+0000] {dag.py:3239} INFO - Sync 1 DAGs
[2025-04-24T07:20:01.097+0000] {logging_mixin.py:190} INFO - [2025-04-24T07:20:01.096+0000] {dag.py:4180} INFO - Setting next_dagrun for crawl_f1_data to 2025-04-01 00:00:00+00:00, run_after=2025-05-01 00:00:00+00:00
[2025-04-24T07:20:01.382+0000] {processor.py:208} INFO - Processing /opt/airflow/dags/crawl_f1_data.py took 0.391 seconds
[2025-04-24T07:20:31.640+0000] {processor.py:186} INFO - Started process (PID=738) to work on /opt/airflow/dags/crawl_f1_data.py
[2025-04-24T07:20:31.641+0000] {processor.py:914} INFO - Processing file /opt/airflow/dags/crawl_f1_data.py for tasks to queue
[2025-04-24T07:20:31.643+0000] {logging_mixin.py:190} INFO - [2025-04-24T07:20:31.643+0000] {dagbag.py:588} INFO - Filling up the DagBag from /opt/airflow/dags/crawl_f1_data.py
[2025-04-24T07:20:31.664+0000] {processor.py:925} INFO - DAG(s) 'crawl_f1_data' retrieved from /opt/airflow/dags/crawl_f1_data.py
[2025-04-24T07:20:31.708+0000] {logging_mixin.py:190} INFO - [2025-04-24T07:20:31.708+0000] {dag.py:3239} INFO - Sync 1 DAGs
[2025-04-24T07:20:31.733+0000] {logging_mixin.py:190} INFO - [2025-04-24T07:20:31.732+0000] {dag.py:4180} INFO - Setting next_dagrun for crawl_f1_data to 2025-04-01 00:00:00+00:00, run_after=2025-05-01 00:00:00+00:00
[2025-04-24T07:20:31.752+0000] {processor.py:208} INFO - Processing /opt/airflow/dags/crawl_f1_data.py took 0.117 seconds
[2025-04-24T07:21:01.890+0000] {processor.py:186} INFO - Started process (PID=743) to work on /opt/airflow/dags/crawl_f1_data.py
[2025-04-24T07:21:01.898+0000] {processor.py:914} INFO - Processing file /opt/airflow/dags/crawl_f1_data.py for tasks to queue
[2025-04-24T07:21:01.902+0000] {logging_mixin.py:190} INFO - [2025-04-24T07:21:01.902+0000] {dagbag.py:588} INFO - Filling up the DagBag from /opt/airflow/dags/crawl_f1_data.py
[2025-04-24T07:21:01.945+0000] {processor.py:925} INFO - DAG(s) 'crawl_f1_data' retrieved from /opt/airflow/dags/crawl_f1_data.py
[2025-04-24T07:21:01.996+0000] {logging_mixin.py:190} INFO - [2025-04-24T07:21:01.996+0000] {dag.py:3239} INFO - Sync 1 DAGs
[2025-04-24T07:21:02.037+0000] {logging_mixin.py:190} INFO - [2025-04-24T07:21:02.036+0000] {dag.py:4180} INFO - Setting next_dagrun for crawl_f1_data to 2025-04-01 00:00:00+00:00, run_after=2025-05-01 00:00:00+00:00
[2025-04-24T07:21:02.066+0000] {processor.py:208} INFO - Processing /opt/airflow/dags/crawl_f1_data.py took 0.188 seconds
[2025-04-24T07:21:32.258+0000] {processor.py:186} INFO - Started process (PID=748) to work on /opt/airflow/dags/crawl_f1_data.py
[2025-04-24T07:21:32.260+0000] {processor.py:914} INFO - Processing file /opt/airflow/dags/crawl_f1_data.py for tasks to queue
[2025-04-24T07:21:32.263+0000] {logging_mixin.py:190} INFO - [2025-04-24T07:21:32.262+0000] {dagbag.py:588} INFO - Filling up the DagBag from /opt/airflow/dags/crawl_f1_data.py
[2025-04-24T07:21:32.283+0000] {processor.py:925} INFO - DAG(s) 'crawl_f1_data' retrieved from /opt/airflow/dags/crawl_f1_data.py
[2025-04-24T07:21:32.327+0000] {logging_mixin.py:190} INFO - [2025-04-24T07:21:32.327+0000] {dag.py:3239} INFO - Sync 1 DAGs
[2025-04-24T07:21:32.355+0000] {logging_mixin.py:190} INFO - [2025-04-24T07:21:32.355+0000] {dag.py:4180} INFO - Setting next_dagrun for crawl_f1_data to 2025-04-01 00:00:00+00:00, run_after=2025-05-01 00:00:00+00:00
[2025-04-24T07:21:32.383+0000] {processor.py:208} INFO - Processing /opt/airflow/dags/crawl_f1_data.py took 0.132 seconds
[2025-04-24T07:22:02.534+0000] {processor.py:186} INFO - Started process (PID=753) to work on /opt/airflow/dags/crawl_f1_data.py
[2025-04-24T07:22:02.536+0000] {processor.py:914} INFO - Processing file /opt/airflow/dags/crawl_f1_data.py for tasks to queue
[2025-04-24T07:22:02.542+0000] {logging_mixin.py:190} INFO - [2025-04-24T07:22:02.541+0000] {dagbag.py:588} INFO - Filling up the DagBag from /opt/airflow/dags/crawl_f1_data.py
[2025-04-24T07:22:02.569+0000] {processor.py:925} INFO - DAG(s) 'crawl_f1_data' retrieved from /opt/airflow/dags/crawl_f1_data.py
[2025-04-24T07:22:02.607+0000] {logging_mixin.py:190} INFO - [2025-04-24T07:22:02.607+0000] {dag.py:3239} INFO - Sync 1 DAGs
[2025-04-24T07:22:02.632+0000] {logging_mixin.py:190} INFO - [2025-04-24T07:22:02.631+0000] {dag.py:4180} INFO - Setting next_dagrun for crawl_f1_data to 2025-04-01 00:00:00+00:00, run_after=2025-05-01 00:00:00+00:00
[2025-04-24T07:22:02.657+0000] {processor.py:208} INFO - Processing /opt/airflow/dags/crawl_f1_data.py took 0.131 seconds
[2025-04-24T07:22:32.820+0000] {processor.py:186} INFO - Started process (PID=758) to work on /opt/airflow/dags/crawl_f1_data.py
[2025-04-24T07:22:32.821+0000] {processor.py:914} INFO - Processing file /opt/airflow/dags/crawl_f1_data.py for tasks to queue
[2025-04-24T07:22:32.823+0000] {logging_mixin.py:190} INFO - [2025-04-24T07:22:32.823+0000] {dagbag.py:588} INFO - Filling up the DagBag from /opt/airflow/dags/crawl_f1_data.py
[2025-04-24T07:22:32.846+0000] {processor.py:925} INFO - DAG(s) 'crawl_f1_data' retrieved from /opt/airflow/dags/crawl_f1_data.py
[2025-04-24T07:22:32.884+0000] {logging_mixin.py:190} INFO - [2025-04-24T07:22:32.883+0000] {dag.py:3239} INFO - Sync 1 DAGs
[2025-04-24T07:22:32.913+0000] {logging_mixin.py:190} INFO - [2025-04-24T07:22:32.913+0000] {dag.py:4180} INFO - Setting next_dagrun for crawl_f1_data to 2025-04-01 00:00:00+00:00, run_after=2025-05-01 00:00:00+00:00
[2025-04-24T07:22:32.938+0000] {processor.py:208} INFO - Processing /opt/airflow/dags/crawl_f1_data.py took 0.124 seconds
[2025-04-24T07:23:03.107+0000] {processor.py:186} INFO - Started process (PID=763) to work on /opt/airflow/dags/crawl_f1_data.py
[2025-04-24T07:23:03.107+0000] {processor.py:914} INFO - Processing file /opt/airflow/dags/crawl_f1_data.py for tasks to queue
[2025-04-24T07:23:03.110+0000] {logging_mixin.py:190} INFO - [2025-04-24T07:23:03.109+0000] {dagbag.py:588} INFO - Filling up the DagBag from /opt/airflow/dags/crawl_f1_data.py
[2025-04-24T07:23:03.129+0000] {processor.py:925} INFO - DAG(s) 'crawl_f1_data' retrieved from /opt/airflow/dags/crawl_f1_data.py
[2025-04-24T07:23:03.161+0000] {logging_mixin.py:190} INFO - [2025-04-24T07:23:03.161+0000] {dag.py:3239} INFO - Sync 1 DAGs
[2025-04-24T07:23:03.182+0000] {logging_mixin.py:190} INFO - [2025-04-24T07:23:03.182+0000] {dag.py:4180} INFO - Setting next_dagrun for crawl_f1_data to 2025-04-01 00:00:00+00:00, run_after=2025-05-01 00:00:00+00:00
[2025-04-24T07:23:03.199+0000] {processor.py:208} INFO - Processing /opt/airflow/dags/crawl_f1_data.py took 0.097 seconds
[2025-04-24T07:23:33.349+0000] {processor.py:186} INFO - Started process (PID=768) to work on /opt/airflow/dags/crawl_f1_data.py
[2025-04-24T07:23:33.350+0000] {processor.py:914} INFO - Processing file /opt/airflow/dags/crawl_f1_data.py for tasks to queue
[2025-04-24T07:23:33.352+0000] {logging_mixin.py:190} INFO - [2025-04-24T07:23:33.352+0000] {dagbag.py:588} INFO - Filling up the DagBag from /opt/airflow/dags/crawl_f1_data.py
[2025-04-24T07:23:33.370+0000] {processor.py:925} INFO - DAG(s) 'crawl_f1_data' retrieved from /opt/airflow/dags/crawl_f1_data.py
[2025-04-24T07:23:33.404+0000] {logging_mixin.py:190} INFO - [2025-04-24T07:23:33.404+0000] {dag.py:3239} INFO - Sync 1 DAGs
[2025-04-24T07:23:33.427+0000] {logging_mixin.py:190} INFO - [2025-04-24T07:23:33.426+0000] {dag.py:4180} INFO - Setting next_dagrun for crawl_f1_data to 2025-04-01 00:00:00+00:00, run_after=2025-05-01 00:00:00+00:00
[2025-04-24T07:23:33.444+0000] {processor.py:208} INFO - Processing /opt/airflow/dags/crawl_f1_data.py took 0.100 seconds
[2025-04-24T07:24:03.611+0000] {processor.py:186} INFO - Started process (PID=773) to work on /opt/airflow/dags/crawl_f1_data.py
[2025-04-24T07:24:03.612+0000] {processor.py:914} INFO - Processing file /opt/airflow/dags/crawl_f1_data.py for tasks to queue
[2025-04-24T07:24:03.615+0000] {logging_mixin.py:190} INFO - [2025-04-24T07:24:03.614+0000] {dagbag.py:588} INFO - Filling up the DagBag from /opt/airflow/dags/crawl_f1_data.py
[2025-04-24T07:24:03.634+0000] {processor.py:925} INFO - DAG(s) 'crawl_f1_data' retrieved from /opt/airflow/dags/crawl_f1_data.py
[2025-04-24T07:24:03.663+0000] {logging_mixin.py:190} INFO - [2025-04-24T07:24:03.663+0000] {dag.py:3239} INFO - Sync 1 DAGs
[2025-04-24T07:24:03.685+0000] {logging_mixin.py:190} INFO - [2025-04-24T07:24:03.684+0000] {dag.py:4180} INFO - Setting next_dagrun for crawl_f1_data to 2025-04-01 00:00:00+00:00, run_after=2025-05-01 00:00:00+00:00
[2025-04-24T07:24:03.708+0000] {processor.py:208} INFO - Processing /opt/airflow/dags/crawl_f1_data.py took 0.102 seconds
[2025-04-24T07:24:33.828+0000] {processor.py:186} INFO - Started process (PID=778) to work on /opt/airflow/dags/crawl_f1_data.py
[2025-04-24T07:24:33.829+0000] {processor.py:914} INFO - Processing file /opt/airflow/dags/crawl_f1_data.py for tasks to queue
[2025-04-24T07:24:33.831+0000] {logging_mixin.py:190} INFO - [2025-04-24T07:24:33.831+0000] {dagbag.py:588} INFO - Filling up the DagBag from /opt/airflow/dags/crawl_f1_data.py
[2025-04-24T07:24:33.849+0000] {processor.py:925} INFO - DAG(s) 'crawl_f1_data' retrieved from /opt/airflow/dags/crawl_f1_data.py
[2025-04-24T07:24:33.879+0000] {logging_mixin.py:190} INFO - [2025-04-24T07:24:33.878+0000] {dag.py:3239} INFO - Sync 1 DAGs
[2025-04-24T07:24:33.899+0000] {logging_mixin.py:190} INFO - [2025-04-24T07:24:33.899+0000] {dag.py:4180} INFO - Setting next_dagrun for crawl_f1_data to 2025-04-01 00:00:00+00:00, run_after=2025-05-01 00:00:00+00:00
[2025-04-24T07:24:33.917+0000] {processor.py:208} INFO - Processing /opt/airflow/dags/crawl_f1_data.py took 0.093 seconds
[2025-04-24T07:25:04.087+0000] {processor.py:186} INFO - Started process (PID=783) to work on /opt/airflow/dags/crawl_f1_data.py
[2025-04-24T07:25:04.088+0000] {processor.py:914} INFO - Processing file /opt/airflow/dags/crawl_f1_data.py for tasks to queue
[2025-04-24T07:25:04.089+0000] {logging_mixin.py:190} INFO - [2025-04-24T07:25:04.089+0000] {dagbag.py:588} INFO - Filling up the DagBag from /opt/airflow/dags/crawl_f1_data.py
[2025-04-24T07:25:04.107+0000] {processor.py:925} INFO - DAG(s) 'crawl_f1_data' retrieved from /opt/airflow/dags/crawl_f1_data.py
[2025-04-24T07:25:04.135+0000] {logging_mixin.py:190} INFO - [2025-04-24T07:25:04.134+0000] {dag.py:3239} INFO - Sync 1 DAGs
[2025-04-24T07:25:04.155+0000] {logging_mixin.py:190} INFO - [2025-04-24T07:25:04.155+0000] {dag.py:4180} INFO - Setting next_dagrun for crawl_f1_data to 2025-04-01 00:00:00+00:00, run_after=2025-05-01 00:00:00+00:00
[2025-04-24T07:25:04.174+0000] {processor.py:208} INFO - Processing /opt/airflow/dags/crawl_f1_data.py took 0.091 seconds
[2025-04-24T07:25:34.292+0000] {processor.py:186} INFO - Started process (PID=788) to work on /opt/airflow/dags/crawl_f1_data.py
[2025-04-24T07:25:34.329+0000] {processor.py:914} INFO - Processing file /opt/airflow/dags/crawl_f1_data.py for tasks to queue
[2025-04-24T07:25:34.331+0000] {logging_mixin.py:190} INFO - [2025-04-24T07:25:34.331+0000] {dagbag.py:588} INFO - Filling up the DagBag from /opt/airflow/dags/crawl_f1_data.py
[2025-04-24T07:25:34.353+0000] {processor.py:925} INFO - DAG(s) 'crawl_f1_data' retrieved from /opt/airflow/dags/crawl_f1_data.py
[2025-04-24T07:25:34.381+0000] {logging_mixin.py:190} INFO - [2025-04-24T07:25:34.381+0000] {dag.py:3239} INFO - Sync 1 DAGs
[2025-04-24T07:25:34.401+0000] {logging_mixin.py:190} INFO - [2025-04-24T07:25:34.401+0000] {dag.py:4180} INFO - Setting next_dagrun for crawl_f1_data to 2025-04-01 00:00:00+00:00, run_after=2025-05-01 00:00:00+00:00
[2025-04-24T07:25:34.418+0000] {processor.py:208} INFO - Processing /opt/airflow/dags/crawl_f1_data.py took 0.131 seconds
[2025-04-24T07:26:04.569+0000] {processor.py:186} INFO - Started process (PID=793) to work on /opt/airflow/dags/crawl_f1_data.py
[2025-04-24T07:26:04.570+0000] {processor.py:914} INFO - Processing file /opt/airflow/dags/crawl_f1_data.py for tasks to queue
[2025-04-24T07:26:04.574+0000] {logging_mixin.py:190} INFO - [2025-04-24T07:26:04.573+0000] {dagbag.py:588} INFO - Filling up the DagBag from /opt/airflow/dags/crawl_f1_data.py
[2025-04-24T07:26:04.610+0000] {processor.py:925} INFO - DAG(s) 'crawl_f1_data' retrieved from /opt/airflow/dags/crawl_f1_data.py
[2025-04-24T07:26:04.650+0000] {logging_mixin.py:190} INFO - [2025-04-24T07:26:04.650+0000] {dag.py:3239} INFO - Sync 1 DAGs
[2025-04-24T07:26:04.678+0000] {logging_mixin.py:190} INFO - [2025-04-24T07:26:04.677+0000] {dag.py:4180} INFO - Setting next_dagrun for crawl_f1_data to 2025-04-01 00:00:00+00:00, run_after=2025-05-01 00:00:00+00:00
[2025-04-24T07:26:04.700+0000] {processor.py:208} INFO - Processing /opt/airflow/dags/crawl_f1_data.py took 0.140 seconds
[2025-04-24T07:26:34.803+0000] {processor.py:186} INFO - Started process (PID=798) to work on /opt/airflow/dags/crawl_f1_data.py
[2025-04-24T07:26:34.804+0000] {processor.py:914} INFO - Processing file /opt/airflow/dags/crawl_f1_data.py for tasks to queue
[2025-04-24T07:26:34.806+0000] {logging_mixin.py:190} INFO - [2025-04-24T07:26:34.806+0000] {dagbag.py:588} INFO - Filling up the DagBag from /opt/airflow/dags/crawl_f1_data.py
[2025-04-24T07:26:34.829+0000] {processor.py:925} INFO - DAG(s) 'crawl_f1_data' retrieved from /opt/airflow/dags/crawl_f1_data.py
[2025-04-24T07:26:34.862+0000] {logging_mixin.py:190} INFO - [2025-04-24T07:26:34.862+0000] {dag.py:3239} INFO - Sync 1 DAGs
[2025-04-24T07:26:34.899+0000] {logging_mixin.py:190} INFO - [2025-04-24T07:26:34.899+0000] {dag.py:4180} INFO - Setting next_dagrun for crawl_f1_data to 2025-04-01 00:00:00+00:00, run_after=2025-05-01 00:00:00+00:00
[2025-04-24T07:26:34.920+0000] {processor.py:208} INFO - Processing /opt/airflow/dags/crawl_f1_data.py took 0.122 seconds
[2025-04-24T07:27:05.092+0000] {processor.py:186} INFO - Started process (PID=803) to work on /opt/airflow/dags/crawl_f1_data.py
[2025-04-24T07:27:05.092+0000] {processor.py:914} INFO - Processing file /opt/airflow/dags/crawl_f1_data.py for tasks to queue
[2025-04-24T07:27:05.094+0000] {logging_mixin.py:190} INFO - [2025-04-24T07:27:05.094+0000] {dagbag.py:588} INFO - Filling up the DagBag from /opt/airflow/dags/crawl_f1_data.py
[2025-04-24T07:27:05.113+0000] {processor.py:925} INFO - DAG(s) 'crawl_f1_data' retrieved from /opt/airflow/dags/crawl_f1_data.py
[2025-04-24T07:27:05.142+0000] {logging_mixin.py:190} INFO - [2025-04-24T07:27:05.142+0000] {dag.py:3239} INFO - Sync 1 DAGs
[2025-04-24T07:27:05.163+0000] {logging_mixin.py:190} INFO - [2025-04-24T07:27:05.163+0000] {dag.py:4180} INFO - Setting next_dagrun for crawl_f1_data to 2025-04-01 00:00:00+00:00, run_after=2025-05-01 00:00:00+00:00
[2025-04-24T07:27:05.181+0000] {processor.py:208} INFO - Processing /opt/airflow/dags/crawl_f1_data.py took 0.094 seconds
[2025-04-24T07:27:35.302+0000] {processor.py:186} INFO - Started process (PID=808) to work on /opt/airflow/dags/crawl_f1_data.py
[2025-04-24T07:27:35.303+0000] {processor.py:914} INFO - Processing file /opt/airflow/dags/crawl_f1_data.py for tasks to queue
[2025-04-24T07:27:35.305+0000] {logging_mixin.py:190} INFO - [2025-04-24T07:27:35.304+0000] {dagbag.py:588} INFO - Filling up the DagBag from /opt/airflow/dags/crawl_f1_data.py
[2025-04-24T07:27:35.323+0000] {processor.py:925} INFO - DAG(s) 'crawl_f1_data' retrieved from /opt/airflow/dags/crawl_f1_data.py
[2025-04-24T07:27:35.353+0000] {logging_mixin.py:190} INFO - [2025-04-24T07:27:35.353+0000] {dag.py:3239} INFO - Sync 1 DAGs
[2025-04-24T07:27:35.374+0000] {logging_mixin.py:190} INFO - [2025-04-24T07:27:35.373+0000] {dag.py:4180} INFO - Setting next_dagrun for crawl_f1_data to 2025-04-01 00:00:00+00:00, run_after=2025-05-01 00:00:00+00:00
[2025-04-24T07:27:35.389+0000] {processor.py:208} INFO - Processing /opt/airflow/dags/crawl_f1_data.py took 0.092 seconds
[2025-04-24T07:28:05.564+0000] {processor.py:186} INFO - Started process (PID=813) to work on /opt/airflow/dags/crawl_f1_data.py
[2025-04-24T07:28:05.565+0000] {processor.py:914} INFO - Processing file /opt/airflow/dags/crawl_f1_data.py for tasks to queue
[2025-04-24T07:28:05.567+0000] {logging_mixin.py:190} INFO - [2025-04-24T07:28:05.567+0000] {dagbag.py:588} INFO - Filling up the DagBag from /opt/airflow/dags/crawl_f1_data.py
[2025-04-24T07:28:05.588+0000] {processor.py:925} INFO - DAG(s) 'crawl_f1_data' retrieved from /opt/airflow/dags/crawl_f1_data.py
[2025-04-24T07:28:05.618+0000] {logging_mixin.py:190} INFO - [2025-04-24T07:28:05.618+0000] {dag.py:3239} INFO - Sync 1 DAGs
[2025-04-24T07:28:05.639+0000] {logging_mixin.py:190} INFO - [2025-04-24T07:28:05.639+0000] {dag.py:4180} INFO - Setting next_dagrun for crawl_f1_data to 2025-04-01 00:00:00+00:00, run_after=2025-05-01 00:00:00+00:00
[2025-04-24T07:28:05.657+0000] {processor.py:208} INFO - Processing /opt/airflow/dags/crawl_f1_data.py took 0.097 seconds
[2025-04-24T07:28:35.796+0000] {processor.py:186} INFO - Started process (PID=818) to work on /opt/airflow/dags/crawl_f1_data.py
[2025-04-24T07:28:35.796+0000] {processor.py:914} INFO - Processing file /opt/airflow/dags/crawl_f1_data.py for tasks to queue
[2025-04-24T07:28:35.798+0000] {logging_mixin.py:190} INFO - [2025-04-24T07:28:35.798+0000] {dagbag.py:588} INFO - Filling up the DagBag from /opt/airflow/dags/crawl_f1_data.py
[2025-04-24T07:28:35.817+0000] {processor.py:925} INFO - DAG(s) 'crawl_f1_data' retrieved from /opt/airflow/dags/crawl_f1_data.py
[2025-04-24T07:28:35.848+0000] {logging_mixin.py:190} INFO - [2025-04-24T07:28:35.847+0000] {dag.py:3239} INFO - Sync 1 DAGs
[2025-04-24T07:28:35.869+0000] {logging_mixin.py:190} INFO - [2025-04-24T07:28:35.869+0000] {dag.py:4180} INFO - Setting next_dagrun for crawl_f1_data to 2025-04-01 00:00:00+00:00, run_after=2025-05-01 00:00:00+00:00
[2025-04-24T07:28:36.044+0000] {processor.py:208} INFO - Processing /opt/airflow/dags/crawl_f1_data.py took 0.252 seconds
[2025-04-24T07:29:06.247+0000] {processor.py:186} INFO - Started process (PID=823) to work on /opt/airflow/dags/crawl_f1_data.py
[2025-04-24T07:29:06.248+0000] {processor.py:914} INFO - Processing file /opt/airflow/dags/crawl_f1_data.py for tasks to queue
[2025-04-24T07:29:06.250+0000] {logging_mixin.py:190} INFO - [2025-04-24T07:29:06.250+0000] {dagbag.py:588} INFO - Filling up the DagBag from /opt/airflow/dags/crawl_f1_data.py
[2025-04-24T07:29:06.277+0000] {processor.py:925} INFO - DAG(s) 'crawl_f1_data' retrieved from /opt/airflow/dags/crawl_f1_data.py
[2025-04-24T07:29:06.300+0000] {logging_mixin.py:190} INFO - [2025-04-24T07:29:06.300+0000] {dag.py:3239} INFO - Sync 1 DAGs
[2025-04-24T07:29:06.321+0000] {logging_mixin.py:190} INFO - [2025-04-24T07:29:06.321+0000] {dag.py:4180} INFO - Setting next_dagrun for crawl_f1_data to 2025-04-01 00:00:00+00:00, run_after=2025-05-01 00:00:00+00:00
[2025-04-24T07:29:06.345+0000] {processor.py:208} INFO - Processing /opt/airflow/dags/crawl_f1_data.py took 0.104 seconds
[2025-04-24T07:29:36.436+0000] {processor.py:186} INFO - Started process (PID=828) to work on /opt/airflow/dags/crawl_f1_data.py
[2025-04-24T07:29:36.436+0000] {processor.py:914} INFO - Processing file /opt/airflow/dags/crawl_f1_data.py for tasks to queue
[2025-04-24T07:29:36.438+0000] {logging_mixin.py:190} INFO - [2025-04-24T07:29:36.438+0000] {dagbag.py:588} INFO - Filling up the DagBag from /opt/airflow/dags/crawl_f1_data.py
[2025-04-24T07:29:36.466+0000] {processor.py:925} INFO - DAG(s) 'crawl_f1_data' retrieved from /opt/airflow/dags/crawl_f1_data.py
[2025-04-24T07:29:36.495+0000] {logging_mixin.py:190} INFO - [2025-04-24T07:29:36.495+0000] {dag.py:3239} INFO - Sync 1 DAGs
[2025-04-24T07:29:36.520+0000] {logging_mixin.py:190} INFO - [2025-04-24T07:29:36.519+0000] {dag.py:4180} INFO - Setting next_dagrun for crawl_f1_data to 2025-04-01 00:00:00+00:00, run_after=2025-05-01 00:00:00+00:00
[2025-04-24T07:29:36.539+0000] {processor.py:208} INFO - Processing /opt/airflow/dags/crawl_f1_data.py took 0.108 seconds
[2025-04-24T07:30:06.737+0000] {processor.py:186} INFO - Started process (PID=833) to work on /opt/airflow/dags/crawl_f1_data.py
[2025-04-24T07:30:06.738+0000] {processor.py:914} INFO - Processing file /opt/airflow/dags/crawl_f1_data.py for tasks to queue
[2025-04-24T07:30:06.740+0000] {logging_mixin.py:190} INFO - [2025-04-24T07:30:06.740+0000] {dagbag.py:588} INFO - Filling up the DagBag from /opt/airflow/dags/crawl_f1_data.py
[2025-04-24T07:30:06.764+0000] {processor.py:925} INFO - DAG(s) 'crawl_f1_data' retrieved from /opt/airflow/dags/crawl_f1_data.py
[2025-04-24T07:30:06.786+0000] {logging_mixin.py:190} INFO - [2025-04-24T07:30:06.786+0000] {dag.py:3239} INFO - Sync 1 DAGs
[2025-04-24T07:30:06.806+0000] {logging_mixin.py:190} INFO - [2025-04-24T07:30:06.805+0000] {dag.py:4180} INFO - Setting next_dagrun for crawl_f1_data to 2025-04-01 00:00:00+00:00, run_after=2025-05-01 00:00:00+00:00
[2025-04-24T07:30:06.823+0000] {processor.py:208} INFO - Processing /opt/airflow/dags/crawl_f1_data.py took 0.090 seconds
[2025-04-24T07:30:36.935+0000] {processor.py:186} INFO - Started process (PID=838) to work on /opt/airflow/dags/crawl_f1_data.py
[2025-04-24T07:30:36.935+0000] {processor.py:914} INFO - Processing file /opt/airflow/dags/crawl_f1_data.py for tasks to queue
[2025-04-24T07:30:36.937+0000] {logging_mixin.py:190} INFO - [2025-04-24T07:30:36.937+0000] {dagbag.py:588} INFO - Filling up the DagBag from /opt/airflow/dags/crawl_f1_data.py
[2025-04-24T07:30:36.962+0000] {processor.py:925} INFO - DAG(s) 'crawl_f1_data' retrieved from /opt/airflow/dags/crawl_f1_data.py
[2025-04-24T07:30:36.985+0000] {logging_mixin.py:190} INFO - [2025-04-24T07:30:36.985+0000] {dag.py:3239} INFO - Sync 1 DAGs
[2025-04-24T07:30:37.008+0000] {logging_mixin.py:190} INFO - [2025-04-24T07:30:37.008+0000] {dag.py:4180} INFO - Setting next_dagrun for crawl_f1_data to 2025-04-01 00:00:00+00:00, run_after=2025-05-01 00:00:00+00:00
[2025-04-24T07:30:37.026+0000] {processor.py:208} INFO - Processing /opt/airflow/dags/crawl_f1_data.py took 0.096 seconds
[2025-04-24T07:31:07.202+0000] {processor.py:186} INFO - Started process (PID=843) to work on /opt/airflow/dags/crawl_f1_data.py
[2025-04-24T07:31:07.203+0000] {processor.py:914} INFO - Processing file /opt/airflow/dags/crawl_f1_data.py for tasks to queue
[2025-04-24T07:31:07.205+0000] {logging_mixin.py:190} INFO - [2025-04-24T07:31:07.205+0000] {dagbag.py:588} INFO - Filling up the DagBag from /opt/airflow/dags/crawl_f1_data.py
[2025-04-24T07:31:07.230+0000] {processor.py:925} INFO - DAG(s) 'crawl_f1_data' retrieved from /opt/airflow/dags/crawl_f1_data.py
[2025-04-24T07:31:07.253+0000] {logging_mixin.py:190} INFO - [2025-04-24T07:31:07.253+0000] {dag.py:3239} INFO - Sync 1 DAGs
[2025-04-24T07:31:07.274+0000] {logging_mixin.py:190} INFO - [2025-04-24T07:31:07.274+0000] {dag.py:4180} INFO - Setting next_dagrun for crawl_f1_data to 2025-04-01 00:00:00+00:00, run_after=2025-05-01 00:00:00+00:00
[2025-04-24T07:31:07.292+0000] {processor.py:208} INFO - Processing /opt/airflow/dags/crawl_f1_data.py took 0.094 seconds
[2025-04-24T07:31:37.403+0000] {processor.py:186} INFO - Started process (PID=848) to work on /opt/airflow/dags/crawl_f1_data.py
[2025-04-24T07:31:37.404+0000] {processor.py:914} INFO - Processing file /opt/airflow/dags/crawl_f1_data.py for tasks to queue
[2025-04-24T07:31:37.406+0000] {logging_mixin.py:190} INFO - [2025-04-24T07:31:37.406+0000] {dagbag.py:588} INFO - Filling up the DagBag from /opt/airflow/dags/crawl_f1_data.py
[2025-04-24T07:31:37.432+0000] {processor.py:925} INFO - DAG(s) 'crawl_f1_data' retrieved from /opt/airflow/dags/crawl_f1_data.py
[2025-04-24T07:31:37.462+0000] {logging_mixin.py:190} INFO - [2025-04-24T07:31:37.462+0000] {dag.py:3239} INFO - Sync 1 DAGs
[2025-04-24T07:31:37.491+0000] {logging_mixin.py:190} INFO - [2025-04-24T07:31:37.491+0000] {dag.py:4180} INFO - Setting next_dagrun for crawl_f1_data to 2025-04-01 00:00:00+00:00, run_after=2025-05-01 00:00:00+00:00
[2025-04-24T07:31:37.630+0000] {processor.py:208} INFO - Processing /opt/airflow/dags/crawl_f1_data.py took 0.231 seconds
[2025-04-24T07:32:07.675+0000] {processor.py:186} INFO - Started process (PID=853) to work on /opt/airflow/dags/crawl_f1_data.py
[2025-04-24T07:32:07.676+0000] {processor.py:914} INFO - Processing file /opt/airflow/dags/crawl_f1_data.py for tasks to queue
[2025-04-24T07:32:07.678+0000] {logging_mixin.py:190} INFO - [2025-04-24T07:32:07.677+0000] {dagbag.py:588} INFO - Filling up the DagBag from /opt/airflow/dags/crawl_f1_data.py
[2025-04-24T07:32:07.704+0000] {processor.py:925} INFO - DAG(s) 'crawl_f1_data' retrieved from /opt/airflow/dags/crawl_f1_data.py
[2025-04-24T07:32:07.728+0000] {logging_mixin.py:190} INFO - [2025-04-24T07:32:07.728+0000] {dag.py:3239} INFO - Sync 1 DAGs
[2025-04-24T07:32:07.751+0000] {logging_mixin.py:190} INFO - [2025-04-24T07:32:07.751+0000] {dag.py:4180} INFO - Setting next_dagrun for crawl_f1_data to 2025-04-01 00:00:00+00:00, run_after=2025-05-01 00:00:00+00:00
[2025-04-24T07:32:07.770+0000] {processor.py:208} INFO - Processing /opt/airflow/dags/crawl_f1_data.py took 0.100 seconds
[2025-04-24T07:32:37.871+0000] {processor.py:186} INFO - Started process (PID=858) to work on /opt/airflow/dags/crawl_f1_data.py
[2025-04-24T07:32:37.872+0000] {processor.py:914} INFO - Processing file /opt/airflow/dags/crawl_f1_data.py for tasks to queue
[2025-04-24T07:32:37.874+0000] {logging_mixin.py:190} INFO - [2025-04-24T07:32:37.874+0000] {dagbag.py:588} INFO - Filling up the DagBag from /opt/airflow/dags/crawl_f1_data.py
[2025-04-24T07:32:37.898+0000] {processor.py:925} INFO - DAG(s) 'crawl_f1_data' retrieved from /opt/airflow/dags/crawl_f1_data.py
[2025-04-24T07:32:37.920+0000] {logging_mixin.py:190} INFO - [2025-04-24T07:32:37.920+0000] {dag.py:3239} INFO - Sync 1 DAGs
[2025-04-24T07:32:37.941+0000] {logging_mixin.py:190} INFO - [2025-04-24T07:32:37.941+0000] {dag.py:4180} INFO - Setting next_dagrun for crawl_f1_data to 2025-04-01 00:00:00+00:00, run_after=2025-05-01 00:00:00+00:00
[2025-04-24T07:32:37.958+0000] {processor.py:208} INFO - Processing /opt/airflow/dags/crawl_f1_data.py took 0.091 seconds
[2025-04-24T07:33:08.158+0000] {processor.py:186} INFO - Started process (PID=863) to work on /opt/airflow/dags/crawl_f1_data.py
[2025-04-24T07:33:08.158+0000] {processor.py:914} INFO - Processing file /opt/airflow/dags/crawl_f1_data.py for tasks to queue
[2025-04-24T07:33:08.160+0000] {logging_mixin.py:190} INFO - [2025-04-24T07:33:08.160+0000] {dagbag.py:588} INFO - Filling up the DagBag from /opt/airflow/dags/crawl_f1_data.py
[2025-04-24T07:33:08.183+0000] {processor.py:925} INFO - DAG(s) 'crawl_f1_data' retrieved from /opt/airflow/dags/crawl_f1_data.py
[2025-04-24T07:33:08.208+0000] {logging_mixin.py:190} INFO - [2025-04-24T07:33:08.208+0000] {dag.py:3239} INFO - Sync 1 DAGs
[2025-04-24T07:33:08.231+0000] {logging_mixin.py:190} INFO - [2025-04-24T07:33:08.230+0000] {dag.py:4180} INFO - Setting next_dagrun for crawl_f1_data to 2025-04-01 00:00:00+00:00, run_after=2025-05-01 00:00:00+00:00
[2025-04-24T07:33:08.247+0000] {processor.py:208} INFO - Processing /opt/airflow/dags/crawl_f1_data.py took 0.094 seconds
[2025-04-24T07:33:38.386+0000] {processor.py:186} INFO - Started process (PID=868) to work on /opt/airflow/dags/crawl_f1_data.py
[2025-04-24T07:33:38.387+0000] {processor.py:914} INFO - Processing file /opt/airflow/dags/crawl_f1_data.py for tasks to queue
[2025-04-24T07:33:38.389+0000] {logging_mixin.py:190} INFO - [2025-04-24T07:33:38.388+0000] {dagbag.py:588} INFO - Filling up the DagBag from /opt/airflow/dags/crawl_f1_data.py
[2025-04-24T07:33:38.415+0000] {processor.py:925} INFO - DAG(s) 'crawl_f1_data' retrieved from /opt/airflow/dags/crawl_f1_data.py
[2025-04-24T07:33:38.438+0000] {logging_mixin.py:190} INFO - [2025-04-24T07:33:38.437+0000] {dag.py:3239} INFO - Sync 1 DAGs
[2025-04-24T07:33:38.459+0000] {logging_mixin.py:190} INFO - [2025-04-24T07:33:38.459+0000] {dag.py:4180} INFO - Setting next_dagrun for crawl_f1_data to 2025-04-01 00:00:00+00:00, run_after=2025-05-01 00:00:00+00:00
[2025-04-24T07:33:38.476+0000] {processor.py:208} INFO - Processing /opt/airflow/dags/crawl_f1_data.py took 0.094 seconds
[2025-04-24T07:34:08.626+0000] {processor.py:186} INFO - Started process (PID=873) to work on /opt/airflow/dags/crawl_f1_data.py
[2025-04-24T07:34:08.627+0000] {processor.py:914} INFO - Processing file /opt/airflow/dags/crawl_f1_data.py for tasks to queue
[2025-04-24T07:34:08.629+0000] {logging_mixin.py:190} INFO - [2025-04-24T07:34:08.628+0000] {dagbag.py:588} INFO - Filling up the DagBag from /opt/airflow/dags/crawl_f1_data.py
[2025-04-24T07:34:08.653+0000] {processor.py:925} INFO - DAG(s) 'crawl_f1_data' retrieved from /opt/airflow/dags/crawl_f1_data.py
[2025-04-24T07:34:08.676+0000] {logging_mixin.py:190} INFO - [2025-04-24T07:34:08.675+0000] {dag.py:3239} INFO - Sync 1 DAGs
[2025-04-24T07:34:08.696+0000] {logging_mixin.py:190} INFO - [2025-04-24T07:34:08.696+0000] {dag.py:4180} INFO - Setting next_dagrun for crawl_f1_data to 2025-04-01 00:00:00+00:00, run_after=2025-05-01 00:00:00+00:00
[2025-04-24T07:34:08.715+0000] {processor.py:208} INFO - Processing /opt/airflow/dags/crawl_f1_data.py took 0.093 seconds
[2025-04-24T07:34:38.858+0000] {processor.py:186} INFO - Started process (PID=878) to work on /opt/airflow/dags/crawl_f1_data.py
[2025-04-24T07:34:38.859+0000] {processor.py:914} INFO - Processing file /opt/airflow/dags/crawl_f1_data.py for tasks to queue
[2025-04-24T07:34:38.861+0000] {logging_mixin.py:190} INFO - [2025-04-24T07:34:38.861+0000] {dagbag.py:588} INFO - Filling up the DagBag from /opt/airflow/dags/crawl_f1_data.py
[2025-04-24T07:34:38.885+0000] {processor.py:925} INFO - DAG(s) 'crawl_f1_data' retrieved from /opt/airflow/dags/crawl_f1_data.py
[2025-04-24T07:34:38.907+0000] {logging_mixin.py:190} INFO - [2025-04-24T07:34:38.907+0000] {dag.py:3239} INFO - Sync 1 DAGs
[2025-04-24T07:34:38.928+0000] {logging_mixin.py:190} INFO - [2025-04-24T07:34:38.927+0000] {dag.py:4180} INFO - Setting next_dagrun for crawl_f1_data to 2025-04-01 00:00:00+00:00, run_after=2025-05-01 00:00:00+00:00
[2025-04-24T07:34:38.945+0000] {processor.py:208} INFO - Processing /opt/airflow/dags/crawl_f1_data.py took 0.091 seconds
[2025-04-24T07:35:09.095+0000] {processor.py:186} INFO - Started process (PID=883) to work on /opt/airflow/dags/crawl_f1_data.py
[2025-04-24T07:35:09.096+0000] {processor.py:914} INFO - Processing file /opt/airflow/dags/crawl_f1_data.py for tasks to queue
[2025-04-24T07:35:09.098+0000] {logging_mixin.py:190} INFO - [2025-04-24T07:35:09.097+0000] {dagbag.py:588} INFO - Filling up the DagBag from /opt/airflow/dags/crawl_f1_data.py
[2025-04-24T07:35:09.122+0000] {processor.py:925} INFO - DAG(s) 'crawl_f1_data' retrieved from /opt/airflow/dags/crawl_f1_data.py
[2025-04-24T07:35:09.143+0000] {logging_mixin.py:190} INFO - [2025-04-24T07:35:09.143+0000] {dag.py:3239} INFO - Sync 1 DAGs
[2025-04-24T07:35:09.164+0000] {logging_mixin.py:190} INFO - [2025-04-24T07:35:09.163+0000] {dag.py:4180} INFO - Setting next_dagrun for crawl_f1_data to 2025-04-01 00:00:00+00:00, run_after=2025-05-01 00:00:00+00:00
[2025-04-24T07:35:09.181+0000] {processor.py:208} INFO - Processing /opt/airflow/dags/crawl_f1_data.py took 0.090 seconds
[2025-04-24T07:35:39.342+0000] {processor.py:186} INFO - Started process (PID=888) to work on /opt/airflow/dags/crawl_f1_data.py
[2025-04-24T07:35:39.343+0000] {processor.py:914} INFO - Processing file /opt/airflow/dags/crawl_f1_data.py for tasks to queue
[2025-04-24T07:35:39.346+0000] {logging_mixin.py:190} INFO - [2025-04-24T07:35:39.345+0000] {dagbag.py:588} INFO - Filling up the DagBag from /opt/airflow/dags/crawl_f1_data.py
[2025-04-24T07:35:39.377+0000] {processor.py:925} INFO - DAG(s) 'crawl_f1_data' retrieved from /opt/airflow/dags/crawl_f1_data.py
[2025-04-24T07:35:39.407+0000] {logging_mixin.py:190} INFO - [2025-04-24T07:35:39.407+0000] {dag.py:3239} INFO - Sync 1 DAGs
[2025-04-24T07:35:39.436+0000] {logging_mixin.py:190} INFO - [2025-04-24T07:35:39.435+0000] {dag.py:4180} INFO - Setting next_dagrun for crawl_f1_data to 2025-04-01 00:00:00+00:00, run_after=2025-05-01 00:00:00+00:00
[2025-04-24T07:35:39.462+0000] {processor.py:208} INFO - Processing /opt/airflow/dags/crawl_f1_data.py took 0.125 seconds
[2025-04-24T07:36:09.574+0000] {processor.py:186} INFO - Started process (PID=893) to work on /opt/airflow/dags/crawl_f1_data.py
[2025-04-24T07:36:09.575+0000] {processor.py:914} INFO - Processing file /opt/airflow/dags/crawl_f1_data.py for tasks to queue
[2025-04-24T07:36:09.577+0000] {logging_mixin.py:190} INFO - [2025-04-24T07:36:09.577+0000] {dagbag.py:588} INFO - Filling up the DagBag from /opt/airflow/dags/crawl_f1_data.py
[2025-04-24T07:36:09.601+0000] {processor.py:925} INFO - DAG(s) 'crawl_f1_data' retrieved from /opt/airflow/dags/crawl_f1_data.py
[2025-04-24T07:36:09.623+0000] {logging_mixin.py:190} INFO - [2025-04-24T07:36:09.623+0000] {dag.py:3239} INFO - Sync 1 DAGs
[2025-04-24T07:36:09.648+0000] {logging_mixin.py:190} INFO - [2025-04-24T07:36:09.648+0000] {dag.py:4180} INFO - Setting next_dagrun for crawl_f1_data to 2025-04-01 00:00:00+00:00, run_after=2025-05-01 00:00:00+00:00
[2025-04-24T07:36:09.672+0000] {processor.py:208} INFO - Processing /opt/airflow/dags/crawl_f1_data.py took 0.102 seconds
[2025-04-24T07:36:39.855+0000] {processor.py:186} INFO - Started process (PID=898) to work on /opt/airflow/dags/crawl_f1_data.py
[2025-04-24T07:36:39.855+0000] {processor.py:914} INFO - Processing file /opt/airflow/dags/crawl_f1_data.py for tasks to queue
[2025-04-24T07:36:39.858+0000] {logging_mixin.py:190} INFO - [2025-04-24T07:36:39.858+0000] {dagbag.py:588} INFO - Filling up the DagBag from /opt/airflow/dags/crawl_f1_data.py
[2025-04-24T07:36:39.887+0000] {processor.py:925} INFO - DAG(s) 'crawl_f1_data' retrieved from /opt/airflow/dags/crawl_f1_data.py
[2025-04-24T07:36:39.912+0000] {logging_mixin.py:190} INFO - [2025-04-24T07:36:39.912+0000] {dag.py:3239} INFO - Sync 1 DAGs
[2025-04-24T07:36:39.935+0000] {logging_mixin.py:190} INFO - [2025-04-24T07:36:39.935+0000] {dag.py:4180} INFO - Setting next_dagrun for crawl_f1_data to 2025-04-01 00:00:00+00:00, run_after=2025-05-01 00:00:00+00:00
[2025-04-24T07:36:39.952+0000] {processor.py:208} INFO - Processing /opt/airflow/dags/crawl_f1_data.py took 0.102 seconds
[2025-04-24T07:37:10.058+0000] {processor.py:186} INFO - Started process (PID=903) to work on /opt/airflow/dags/crawl_f1_data.py
[2025-04-24T07:37:10.059+0000] {processor.py:914} INFO - Processing file /opt/airflow/dags/crawl_f1_data.py for tasks to queue
[2025-04-24T07:37:10.061+0000] {logging_mixin.py:190} INFO - [2025-04-24T07:37:10.060+0000] {dagbag.py:588} INFO - Filling up the DagBag from /opt/airflow/dags/crawl_f1_data.py
[2025-04-24T07:37:10.085+0000] {processor.py:925} INFO - DAG(s) 'crawl_f1_data' retrieved from /opt/airflow/dags/crawl_f1_data.py
[2025-04-24T07:37:10.108+0000] {logging_mixin.py:190} INFO - [2025-04-24T07:37:10.108+0000] {dag.py:3239} INFO - Sync 1 DAGs
[2025-04-24T07:37:10.132+0000] {logging_mixin.py:190} INFO - [2025-04-24T07:37:10.132+0000] {dag.py:4180} INFO - Setting next_dagrun for crawl_f1_data to 2025-04-01 00:00:00+00:00, run_after=2025-05-01 00:00:00+00:00
[2025-04-24T07:37:10.303+0000] {processor.py:208} INFO - Processing /opt/airflow/dags/crawl_f1_data.py took 0.250 seconds
[2025-04-24T07:37:40.393+0000] {processor.py:186} INFO - Started process (PID=908) to work on /opt/airflow/dags/crawl_f1_data.py
[2025-04-24T07:37:40.394+0000] {processor.py:914} INFO - Processing file /opt/airflow/dags/crawl_f1_data.py for tasks to queue
[2025-04-24T07:37:40.396+0000] {logging_mixin.py:190} INFO - [2025-04-24T07:37:40.396+0000] {dagbag.py:588} INFO - Filling up the DagBag from /opt/airflow/dags/crawl_f1_data.py
[2025-04-24T07:37:40.437+0000] {processor.py:925} INFO - DAG(s) 'crawl_f1_data' retrieved from /opt/airflow/dags/crawl_f1_data.py
[2025-04-24T07:37:40.467+0000] {logging_mixin.py:190} INFO - [2025-04-24T07:37:40.466+0000] {dag.py:3239} INFO - Sync 1 DAGs
[2025-04-24T07:37:40.495+0000] {logging_mixin.py:190} INFO - [2025-04-24T07:37:40.494+0000] {dag.py:4180} INFO - Setting next_dagrun for crawl_f1_data to 2025-04-01 00:00:00+00:00, run_after=2025-05-01 00:00:00+00:00
[2025-04-24T07:37:40.515+0000] {processor.py:208} INFO - Processing /opt/airflow/dags/crawl_f1_data.py took 0.126 seconds
[2025-04-24T07:38:10.727+0000] {processor.py:186} INFO - Started process (PID=913) to work on /opt/airflow/dags/crawl_f1_data.py
[2025-04-24T07:38:10.728+0000] {processor.py:914} INFO - Processing file /opt/airflow/dags/crawl_f1_data.py for tasks to queue
[2025-04-24T07:38:10.730+0000] {logging_mixin.py:190} INFO - [2025-04-24T07:38:10.730+0000] {dagbag.py:588} INFO - Filling up the DagBag from /opt/airflow/dags/crawl_f1_data.py
[2025-04-24T07:38:10.773+0000] {processor.py:925} INFO - DAG(s) 'crawl_f1_data' retrieved from /opt/airflow/dags/crawl_f1_data.py
[2025-04-24T07:38:10.811+0000] {logging_mixin.py:190} INFO - [2025-04-24T07:38:10.811+0000] {dag.py:3239} INFO - Sync 1 DAGs
[2025-04-24T07:38:10.839+0000] {logging_mixin.py:190} INFO - [2025-04-24T07:38:10.839+0000] {dag.py:4180} INFO - Setting next_dagrun for crawl_f1_data to 2025-04-01 00:00:00+00:00, run_after=2025-05-01 00:00:00+00:00
[2025-04-24T07:38:10.863+0000] {processor.py:208} INFO - Processing /opt/airflow/dags/crawl_f1_data.py took 0.144 seconds
[2025-04-24T07:38:41.078+0000] {processor.py:186} INFO - Started process (PID=918) to work on /opt/airflow/dags/crawl_f1_data.py
[2025-04-24T07:38:41.079+0000] {processor.py:914} INFO - Processing file /opt/airflow/dags/crawl_f1_data.py for tasks to queue
[2025-04-24T07:38:41.081+0000] {logging_mixin.py:190} INFO - [2025-04-24T07:38:41.081+0000] {dagbag.py:588} INFO - Filling up the DagBag from /opt/airflow/dags/crawl_f1_data.py
[2025-04-24T07:38:41.109+0000] {processor.py:925} INFO - DAG(s) 'crawl_f1_data' retrieved from /opt/airflow/dags/crawl_f1_data.py
[2025-04-24T07:38:41.136+0000] {logging_mixin.py:190} INFO - [2025-04-24T07:38:41.136+0000] {dag.py:3239} INFO - Sync 1 DAGs
[2025-04-24T07:38:41.164+0000] {logging_mixin.py:190} INFO - [2025-04-24T07:38:41.164+0000] {dag.py:4180} INFO - Setting next_dagrun for crawl_f1_data to 2025-04-01 00:00:00+00:00, run_after=2025-05-01 00:00:00+00:00
[2025-04-24T07:38:41.194+0000] {processor.py:208} INFO - Processing /opt/airflow/dags/crawl_f1_data.py took 0.122 seconds
[2025-04-24T07:39:11.376+0000] {processor.py:186} INFO - Started process (PID=923) to work on /opt/airflow/dags/crawl_f1_data.py
[2025-04-24T07:39:11.377+0000] {processor.py:914} INFO - Processing file /opt/airflow/dags/crawl_f1_data.py for tasks to queue
[2025-04-24T07:39:11.379+0000] {logging_mixin.py:190} INFO - [2025-04-24T07:39:11.379+0000] {dagbag.py:588} INFO - Filling up the DagBag from /opt/airflow/dags/crawl_f1_data.py
[2025-04-24T07:39:11.407+0000] {processor.py:925} INFO - DAG(s) 'crawl_f1_data' retrieved from /opt/airflow/dags/crawl_f1_data.py
[2025-04-24T07:39:11.437+0000] {logging_mixin.py:190} INFO - [2025-04-24T07:39:11.437+0000] {dag.py:3239} INFO - Sync 1 DAGs
[2025-04-24T07:39:11.461+0000] {logging_mixin.py:190} INFO - [2025-04-24T07:39:11.461+0000] {dag.py:4180} INFO - Setting next_dagrun for crawl_f1_data to 2025-04-01 00:00:00+00:00, run_after=2025-05-01 00:00:00+00:00
[2025-04-24T07:39:11.485+0000] {processor.py:208} INFO - Processing /opt/airflow/dags/crawl_f1_data.py took 0.114 seconds
[2025-04-24T07:39:41.709+0000] {processor.py:186} INFO - Started process (PID=928) to work on /opt/airflow/dags/crawl_f1_data.py
[2025-04-24T07:39:41.710+0000] {processor.py:914} INFO - Processing file /opt/airflow/dags/crawl_f1_data.py for tasks to queue
[2025-04-24T07:39:41.712+0000] {logging_mixin.py:190} INFO - [2025-04-24T07:39:41.712+0000] {dagbag.py:588} INFO - Filling up the DagBag from /opt/airflow/dags/crawl_f1_data.py
[2025-04-24T07:39:41.740+0000] {processor.py:925} INFO - DAG(s) 'crawl_f1_data' retrieved from /opt/airflow/dags/crawl_f1_data.py
[2025-04-24T07:39:41.769+0000] {logging_mixin.py:190} INFO - [2025-04-24T07:39:41.768+0000] {dag.py:3239} INFO - Sync 1 DAGs
[2025-04-24T07:39:41.794+0000] {logging_mixin.py:190} INFO - [2025-04-24T07:39:41.794+0000] {dag.py:4180} INFO - Setting next_dagrun for crawl_f1_data to 2025-04-01 00:00:00+00:00, run_after=2025-05-01 00:00:00+00:00
[2025-04-24T07:39:41.820+0000] {processor.py:208} INFO - Processing /opt/airflow/dags/crawl_f1_data.py took 0.115 seconds
[2025-04-24T07:40:12.007+0000] {processor.py:186} INFO - Started process (PID=933) to work on /opt/airflow/dags/crawl_f1_data.py
[2025-04-24T07:40:12.008+0000] {processor.py:914} INFO - Processing file /opt/airflow/dags/crawl_f1_data.py for tasks to queue
[2025-04-24T07:40:12.011+0000] {logging_mixin.py:190} INFO - [2025-04-24T07:40:12.011+0000] {dagbag.py:588} INFO - Filling up the DagBag from /opt/airflow/dags/crawl_f1_data.py
[2025-04-24T07:40:12.038+0000] {processor.py:925} INFO - DAG(s) 'crawl_f1_data' retrieved from /opt/airflow/dags/crawl_f1_data.py
[2025-04-24T07:40:12.068+0000] {logging_mixin.py:190} INFO - [2025-04-24T07:40:12.068+0000] {dag.py:3239} INFO - Sync 1 DAGs
[2025-04-24T07:40:12.095+0000] {logging_mixin.py:190} INFO - [2025-04-24T07:40:12.095+0000] {dag.py:4180} INFO - Setting next_dagrun for crawl_f1_data to 2025-04-01 00:00:00+00:00, run_after=2025-05-01 00:00:00+00:00
[2025-04-24T07:40:12.272+0000] {processor.py:208} INFO - Processing /opt/airflow/dags/crawl_f1_data.py took 0.270 seconds
[2025-04-24T07:40:42.343+0000] {processor.py:186} INFO - Started process (PID=938) to work on /opt/airflow/dags/crawl_f1_data.py
[2025-04-24T07:40:42.344+0000] {processor.py:914} INFO - Processing file /opt/airflow/dags/crawl_f1_data.py for tasks to queue
[2025-04-24T07:40:42.346+0000] {logging_mixin.py:190} INFO - [2025-04-24T07:40:42.346+0000] {dagbag.py:588} INFO - Filling up the DagBag from /opt/airflow/dags/crawl_f1_data.py
[2025-04-24T07:40:42.371+0000] {processor.py:925} INFO - DAG(s) 'crawl_f1_data' retrieved from /opt/airflow/dags/crawl_f1_data.py
[2025-04-24T07:40:42.403+0000] {logging_mixin.py:190} INFO - [2025-04-24T07:40:42.403+0000] {dag.py:3239} INFO - Sync 1 DAGs
[2025-04-24T07:40:42.434+0000] {logging_mixin.py:190} INFO - [2025-04-24T07:40:42.434+0000] {dag.py:4180} INFO - Setting next_dagrun for crawl_f1_data to 2025-04-01 00:00:00+00:00, run_after=2025-05-01 00:00:00+00:00
[2025-04-24T07:40:42.459+0000] {processor.py:208} INFO - Processing /opt/airflow/dags/crawl_f1_data.py took 0.122 seconds
[2025-04-24T07:41:12.601+0000] {processor.py:186} INFO - Started process (PID=943) to work on /opt/airflow/dags/crawl_f1_data.py
[2025-04-24T07:41:12.602+0000] {processor.py:914} INFO - Processing file /opt/airflow/dags/crawl_f1_data.py for tasks to queue
[2025-04-24T07:41:12.605+0000] {logging_mixin.py:190} INFO - [2025-04-24T07:41:12.605+0000] {dagbag.py:588} INFO - Filling up the DagBag from /opt/airflow/dags/crawl_f1_data.py
[2025-04-24T07:41:12.640+0000] {processor.py:925} INFO - DAG(s) 'crawl_f1_data' retrieved from /opt/airflow/dags/crawl_f1_data.py
[2025-04-24T07:41:12.679+0000] {logging_mixin.py:190} INFO - [2025-04-24T07:41:12.678+0000] {dag.py:3239} INFO - Sync 1 DAGs
[2025-04-24T07:41:12.704+0000] {logging_mixin.py:190} INFO - [2025-04-24T07:41:12.704+0000] {dag.py:4180} INFO - Setting next_dagrun for crawl_f1_data to 2025-04-01 00:00:00+00:00, run_after=2025-05-01 00:00:00+00:00
[2025-04-24T07:41:12.726+0000] {processor.py:208} INFO - Processing /opt/airflow/dags/crawl_f1_data.py took 0.138 seconds
[2025-04-24T07:41:42.984+0000] {processor.py:186} INFO - Started process (PID=948) to work on /opt/airflow/dags/crawl_f1_data.py
[2025-04-24T07:41:42.984+0000] {processor.py:914} INFO - Processing file /opt/airflow/dags/crawl_f1_data.py for tasks to queue
[2025-04-24T07:41:42.987+0000] {logging_mixin.py:190} INFO - [2025-04-24T07:41:42.986+0000] {dagbag.py:588} INFO - Filling up the DagBag from /opt/airflow/dags/crawl_f1_data.py
[2025-04-24T07:41:43.016+0000] {processor.py:925} INFO - DAG(s) 'crawl_f1_data' retrieved from /opt/airflow/dags/crawl_f1_data.py
[2025-04-24T07:41:43.049+0000] {logging_mixin.py:190} INFO - [2025-04-24T07:41:43.049+0000] {dag.py:3239} INFO - Sync 1 DAGs
[2025-04-24T07:41:43.078+0000] {logging_mixin.py:190} INFO - [2025-04-24T07:41:43.078+0000] {dag.py:4180} INFO - Setting next_dagrun for crawl_f1_data to 2025-04-01 00:00:00+00:00, run_after=2025-05-01 00:00:00+00:00
[2025-04-24T07:41:43.111+0000] {processor.py:208} INFO - Processing /opt/airflow/dags/crawl_f1_data.py took 0.134 seconds
[2025-04-24T07:42:13.258+0000] {processor.py:186} INFO - Started process (PID=953) to work on /opt/airflow/dags/crawl_f1_data.py
[2025-04-24T07:42:13.259+0000] {processor.py:914} INFO - Processing file /opt/airflow/dags/crawl_f1_data.py for tasks to queue
[2025-04-24T07:42:13.261+0000] {logging_mixin.py:190} INFO - [2025-04-24T07:42:13.261+0000] {dagbag.py:588} INFO - Filling up the DagBag from /opt/airflow/dags/crawl_f1_data.py
[2025-04-24T07:42:13.289+0000] {processor.py:925} INFO - DAG(s) 'crawl_f1_data' retrieved from /opt/airflow/dags/crawl_f1_data.py
[2025-04-24T07:42:13.318+0000] {logging_mixin.py:190} INFO - [2025-04-24T07:42:13.318+0000] {dag.py:3239} INFO - Sync 1 DAGs
[2025-04-24T07:42:13.343+0000] {logging_mixin.py:190} INFO - [2025-04-24T07:42:13.343+0000] {dag.py:4180} INFO - Setting next_dagrun for crawl_f1_data to 2025-04-01 00:00:00+00:00, run_after=2025-05-01 00:00:00+00:00
[2025-04-24T07:42:13.374+0000] {processor.py:208} INFO - Processing /opt/airflow/dags/crawl_f1_data.py took 0.121 seconds
[2025-04-24T07:42:43.631+0000] {processor.py:186} INFO - Started process (PID=958) to work on /opt/airflow/dags/crawl_f1_data.py
[2025-04-24T07:42:43.632+0000] {processor.py:914} INFO - Processing file /opt/airflow/dags/crawl_f1_data.py for tasks to queue
[2025-04-24T07:42:43.634+0000] {logging_mixin.py:190} INFO - [2025-04-24T07:42:43.633+0000] {dagbag.py:588} INFO - Filling up the DagBag from /opt/airflow/dags/crawl_f1_data.py
[2025-04-24T07:42:43.670+0000] {processor.py:925} INFO - DAG(s) 'crawl_f1_data' retrieved from /opt/airflow/dags/crawl_f1_data.py
[2025-04-24T07:42:43.709+0000] {logging_mixin.py:190} INFO - [2025-04-24T07:42:43.708+0000] {dag.py:3239} INFO - Sync 1 DAGs
[2025-04-24T07:42:43.736+0000] {logging_mixin.py:190} INFO - [2025-04-24T07:42:43.735+0000] {dag.py:4180} INFO - Setting next_dagrun for crawl_f1_data to 2025-04-01 00:00:00+00:00, run_after=2025-05-01 00:00:00+00:00
[2025-04-24T07:42:43.761+0000] {processor.py:208} INFO - Processing /opt/airflow/dags/crawl_f1_data.py took 0.138 seconds
[2025-04-24T07:43:13.888+0000] {processor.py:186} INFO - Started process (PID=963) to work on /opt/airflow/dags/crawl_f1_data.py
[2025-04-24T07:43:13.889+0000] {processor.py:914} INFO - Processing file /opt/airflow/dags/crawl_f1_data.py for tasks to queue
[2025-04-24T07:43:13.892+0000] {logging_mixin.py:190} INFO - [2025-04-24T07:43:13.892+0000] {dagbag.py:588} INFO - Filling up the DagBag from /opt/airflow/dags/crawl_f1_data.py
[2025-04-24T07:43:13.918+0000] {processor.py:925} INFO - DAG(s) 'crawl_f1_data' retrieved from /opt/airflow/dags/crawl_f1_data.py
[2025-04-24T07:43:13.946+0000] {logging_mixin.py:190} INFO - [2025-04-24T07:43:13.945+0000] {dag.py:3239} INFO - Sync 1 DAGs
[2025-04-24T07:43:14.106+0000] {logging_mixin.py:190} INFO - [2025-04-24T07:43:14.106+0000] {dag.py:4180} INFO - Setting next_dagrun for crawl_f1_data to 2025-04-01 00:00:00+00:00, run_after=2025-05-01 00:00:00+00:00
[2025-04-24T07:43:14.129+0000] {processor.py:208} INFO - Processing /opt/airflow/dags/crawl_f1_data.py took 0.247 seconds
[2025-04-24T07:43:44.329+0000] {processor.py:186} INFO - Started process (PID=968) to work on /opt/airflow/dags/crawl_f1_data.py
[2025-04-24T07:43:44.330+0000] {processor.py:914} INFO - Processing file /opt/airflow/dags/crawl_f1_data.py for tasks to queue
[2025-04-24T07:43:44.333+0000] {logging_mixin.py:190} INFO - [2025-04-24T07:43:44.333+0000] {dagbag.py:588} INFO - Filling up the DagBag from /opt/airflow/dags/crawl_f1_data.py
[2025-04-24T07:43:44.359+0000] {processor.py:925} INFO - DAG(s) 'crawl_f1_data' retrieved from /opt/airflow/dags/crawl_f1_data.py
[2025-04-24T07:43:44.389+0000] {logging_mixin.py:190} INFO - [2025-04-24T07:43:44.389+0000] {dag.py:3239} INFO - Sync 1 DAGs
[2025-04-24T07:43:44.444+0000] {logging_mixin.py:190} INFO - [2025-04-24T07:43:44.444+0000] {dag.py:4180} INFO - Setting next_dagrun for crawl_f1_data to 2025-04-01 00:00:00+00:00, run_after=2025-05-01 00:00:00+00:00
[2025-04-24T07:43:44.475+0000] {processor.py:208} INFO - Processing /opt/airflow/dags/crawl_f1_data.py took 0.151 seconds
[2025-04-24T07:44:14.660+0000] {processor.py:186} INFO - Started process (PID=973) to work on /opt/airflow/dags/crawl_f1_data.py
[2025-04-24T07:44:14.661+0000] {processor.py:914} INFO - Processing file /opt/airflow/dags/crawl_f1_data.py for tasks to queue
[2025-04-24T07:44:14.664+0000] {logging_mixin.py:190} INFO - [2025-04-24T07:44:14.663+0000] {dagbag.py:588} INFO - Filling up the DagBag from /opt/airflow/dags/crawl_f1_data.py
[2025-04-24T07:44:14.698+0000] {processor.py:925} INFO - DAG(s) 'crawl_f1_data' retrieved from /opt/airflow/dags/crawl_f1_data.py
[2025-04-24T07:44:14.737+0000] {logging_mixin.py:190} INFO - [2025-04-24T07:44:14.736+0000] {dag.py:3239} INFO - Sync 1 DAGs
[2025-04-24T07:44:14.762+0000] {logging_mixin.py:190} INFO - [2025-04-24T07:44:14.762+0000] {dag.py:4180} INFO - Setting next_dagrun for crawl_f1_data to 2025-04-01 00:00:00+00:00, run_after=2025-05-01 00:00:00+00:00
[2025-04-24T07:44:14.784+0000] {processor.py:208} INFO - Processing /opt/airflow/dags/crawl_f1_data.py took 0.138 seconds
[2025-04-24T07:44:44.986+0000] {processor.py:186} INFO - Started process (PID=978) to work on /opt/airflow/dags/crawl_f1_data.py
[2025-04-24T07:44:44.987+0000] {processor.py:914} INFO - Processing file /opt/airflow/dags/crawl_f1_data.py for tasks to queue
[2025-04-24T07:44:44.990+0000] {logging_mixin.py:190} INFO - [2025-04-24T07:44:44.990+0000] {dagbag.py:588} INFO - Filling up the DagBag from /opt/airflow/dags/crawl_f1_data.py
[2025-04-24T07:44:45.020+0000] {processor.py:925} INFO - DAG(s) 'crawl_f1_data' retrieved from /opt/airflow/dags/crawl_f1_data.py
[2025-04-24T07:44:45.060+0000] {logging_mixin.py:190} INFO - [2025-04-24T07:44:45.060+0000] {dag.py:3239} INFO - Sync 1 DAGs
[2025-04-24T07:44:45.085+0000] {logging_mixin.py:190} INFO - [2025-04-24T07:44:45.085+0000] {dag.py:4180} INFO - Setting next_dagrun for crawl_f1_data to 2025-04-01 00:00:00+00:00, run_after=2025-05-01 00:00:00+00:00
[2025-04-24T07:44:45.109+0000] {processor.py:208} INFO - Processing /opt/airflow/dags/crawl_f1_data.py took 0.128 seconds
[2025-04-24T07:45:15.306+0000] {processor.py:186} INFO - Started process (PID=983) to work on /opt/airflow/dags/crawl_f1_data.py
[2025-04-24T07:45:15.307+0000] {processor.py:914} INFO - Processing file /opt/airflow/dags/crawl_f1_data.py for tasks to queue
[2025-04-24T07:45:15.310+0000] {logging_mixin.py:190} INFO - [2025-04-24T07:45:15.310+0000] {dagbag.py:588} INFO - Filling up the DagBag from /opt/airflow/dags/crawl_f1_data.py
[2025-04-24T07:45:15.336+0000] {processor.py:925} INFO - DAG(s) 'crawl_f1_data' retrieved from /opt/airflow/dags/crawl_f1_data.py
[2025-04-24T07:45:15.364+0000] {logging_mixin.py:190} INFO - [2025-04-24T07:45:15.363+0000] {dag.py:3239} INFO - Sync 1 DAGs
[2025-04-24T07:45:15.389+0000] {logging_mixin.py:190} INFO - [2025-04-24T07:45:15.388+0000] {dag.py:4180} INFO - Setting next_dagrun for crawl_f1_data to 2025-04-01 00:00:00+00:00, run_after=2025-05-01 00:00:00+00:00
[2025-04-24T07:45:15.416+0000] {processor.py:208} INFO - Processing /opt/airflow/dags/crawl_f1_data.py took 0.115 seconds
[2025-04-24T07:45:45.621+0000] {processor.py:186} INFO - Started process (PID=988) to work on /opt/airflow/dags/crawl_f1_data.py
[2025-04-24T07:45:45.621+0000] {processor.py:914} INFO - Processing file /opt/airflow/dags/crawl_f1_data.py for tasks to queue
[2025-04-24T07:45:45.624+0000] {logging_mixin.py:190} INFO - [2025-04-24T07:45:45.624+0000] {dagbag.py:588} INFO - Filling up the DagBag from /opt/airflow/dags/crawl_f1_data.py
[2025-04-24T07:45:45.652+0000] {processor.py:925} INFO - DAG(s) 'crawl_f1_data' retrieved from /opt/airflow/dags/crawl_f1_data.py
[2025-04-24T07:45:45.680+0000] {logging_mixin.py:190} INFO - [2025-04-24T07:45:45.679+0000] {dag.py:3239} INFO - Sync 1 DAGs
[2025-04-24T07:45:45.705+0000] {logging_mixin.py:190} INFO - [2025-04-24T07:45:45.705+0000] {dag.py:4180} INFO - Setting next_dagrun for crawl_f1_data to 2025-04-01 00:00:00+00:00, run_after=2025-05-01 00:00:00+00:00
[2025-04-24T07:45:45.872+0000] {processor.py:208} INFO - Processing /opt/airflow/dags/crawl_f1_data.py took 0.257 seconds
[2025-04-24T07:46:16.147+0000] {processor.py:186} INFO - Started process (PID=993) to work on /opt/airflow/dags/crawl_f1_data.py
[2025-04-24T07:46:16.148+0000] {processor.py:914} INFO - Processing file /opt/airflow/dags/crawl_f1_data.py for tasks to queue
[2025-04-24T07:46:16.150+0000] {logging_mixin.py:190} INFO - [2025-04-24T07:46:16.150+0000] {dagbag.py:588} INFO - Filling up the DagBag from /opt/airflow/dags/crawl_f1_data.py
[2025-04-24T07:46:16.179+0000] {processor.py:925} INFO - DAG(s) 'crawl_f1_data' retrieved from /opt/airflow/dags/crawl_f1_data.py
[2025-04-24T07:46:16.208+0000] {logging_mixin.py:190} INFO - [2025-04-24T07:46:16.208+0000] {dag.py:3239} INFO - Sync 1 DAGs
[2025-04-24T07:46:16.237+0000] {logging_mixin.py:190} INFO - [2025-04-24T07:46:16.237+0000] {dag.py:4180} INFO - Setting next_dagrun for crawl_f1_data to 2025-04-01 00:00:00+00:00, run_after=2025-05-01 00:00:00+00:00
[2025-04-24T07:46:16.268+0000] {processor.py:208} INFO - Processing /opt/airflow/dags/crawl_f1_data.py took 0.127 seconds
[2025-04-24T07:46:46.398+0000] {processor.py:186} INFO - Started process (PID=998) to work on /opt/airflow/dags/crawl_f1_data.py
[2025-04-24T07:46:46.399+0000] {processor.py:914} INFO - Processing file /opt/airflow/dags/crawl_f1_data.py for tasks to queue
[2025-04-24T07:46:46.402+0000] {logging_mixin.py:190} INFO - [2025-04-24T07:46:46.402+0000] {dagbag.py:588} INFO - Filling up the DagBag from /opt/airflow/dags/crawl_f1_data.py
[2025-04-24T07:46:46.430+0000] {processor.py:925} INFO - DAG(s) 'crawl_f1_data' retrieved from /opt/airflow/dags/crawl_f1_data.py
[2025-04-24T07:46:46.460+0000] {logging_mixin.py:190} INFO - [2025-04-24T07:46:46.460+0000] {dag.py:3239} INFO - Sync 1 DAGs
[2025-04-24T07:46:46.489+0000] {logging_mixin.py:190} INFO - [2025-04-24T07:46:46.488+0000] {dag.py:4180} INFO - Setting next_dagrun for crawl_f1_data to 2025-04-01 00:00:00+00:00, run_after=2025-05-01 00:00:00+00:00
[2025-04-24T07:46:46.512+0000] {processor.py:208} INFO - Processing /opt/airflow/dags/crawl_f1_data.py took 0.119 seconds
[2025-04-24T07:47:16.781+0000] {processor.py:186} INFO - Started process (PID=1003) to work on /opt/airflow/dags/crawl_f1_data.py
[2025-04-24T07:47:16.782+0000] {processor.py:914} INFO - Processing file /opt/airflow/dags/crawl_f1_data.py for tasks to queue
[2025-04-24T07:47:16.785+0000] {logging_mixin.py:190} INFO - [2025-04-24T07:47:16.784+0000] {dagbag.py:588} INFO - Filling up the DagBag from /opt/airflow/dags/crawl_f1_data.py
[2025-04-24T07:47:16.813+0000] {processor.py:925} INFO - DAG(s) 'crawl_f1_data' retrieved from /opt/airflow/dags/crawl_f1_data.py
[2025-04-24T07:47:16.844+0000] {logging_mixin.py:190} INFO - [2025-04-24T07:47:16.844+0000] {dag.py:3239} INFO - Sync 1 DAGs
[2025-04-24T07:47:16.877+0000] {logging_mixin.py:190} INFO - [2025-04-24T07:47:16.877+0000] {dag.py:4180} INFO - Setting next_dagrun for crawl_f1_data to 2025-04-01 00:00:00+00:00, run_after=2025-05-01 00:00:00+00:00
[2025-04-24T07:47:16.903+0000] {processor.py:208} INFO - Processing /opt/airflow/dags/crawl_f1_data.py took 0.128 seconds
[2025-04-24T07:47:47.035+0000] {processor.py:186} INFO - Started process (PID=1008) to work on /opt/airflow/dags/crawl_f1_data.py
[2025-04-24T07:47:47.036+0000] {processor.py:914} INFO - Processing file /opt/airflow/dags/crawl_f1_data.py for tasks to queue
[2025-04-24T07:47:47.039+0000] {logging_mixin.py:190} INFO - [2025-04-24T07:47:47.038+0000] {dagbag.py:588} INFO - Filling up the DagBag from /opt/airflow/dags/crawl_f1_data.py
[2025-04-24T07:47:47.068+0000] {processor.py:925} INFO - DAG(s) 'crawl_f1_data' retrieved from /opt/airflow/dags/crawl_f1_data.py
[2025-04-24T07:47:47.098+0000] {logging_mixin.py:190} INFO - [2025-04-24T07:47:47.097+0000] {dag.py:3239} INFO - Sync 1 DAGs
[2025-04-24T07:47:47.127+0000] {logging_mixin.py:190} INFO - [2025-04-24T07:47:47.127+0000] {dag.py:4180} INFO - Setting next_dagrun for crawl_f1_data to 2025-04-01 00:00:00+00:00, run_after=2025-05-01 00:00:00+00:00
[2025-04-24T07:47:47.150+0000] {processor.py:208} INFO - Processing /opt/airflow/dags/crawl_f1_data.py took 0.122 seconds
[2025-04-24T07:48:17.395+0000] {processor.py:186} INFO - Started process (PID=1013) to work on /opt/airflow/dags/crawl_f1_data.py
[2025-04-24T07:48:17.396+0000] {processor.py:914} INFO - Processing file /opt/airflow/dags/crawl_f1_data.py for tasks to queue
[2025-04-24T07:48:17.399+0000] {logging_mixin.py:190} INFO - [2025-04-24T07:48:17.398+0000] {dagbag.py:588} INFO - Filling up the DagBag from /opt/airflow/dags/crawl_f1_data.py
[2025-04-24T07:48:17.427+0000] {processor.py:925} INFO - DAG(s) 'crawl_f1_data' retrieved from /opt/airflow/dags/crawl_f1_data.py
[2025-04-24T07:48:17.456+0000] {logging_mixin.py:190} INFO - [2025-04-24T07:48:17.456+0000] {dag.py:3239} INFO - Sync 1 DAGs
[2025-04-24T07:48:17.484+0000] {logging_mixin.py:190} INFO - [2025-04-24T07:48:17.483+0000] {dag.py:4180} INFO - Setting next_dagrun for crawl_f1_data to 2025-04-01 00:00:00+00:00, run_after=2025-05-01 00:00:00+00:00
[2025-04-24T07:48:17.509+0000] {processor.py:208} INFO - Processing /opt/airflow/dags/crawl_f1_data.py took 0.119 seconds
[2025-04-24T07:48:47.699+0000] {processor.py:186} INFO - Started process (PID=1018) to work on /opt/airflow/dags/crawl_f1_data.py
[2025-04-24T07:48:47.700+0000] {processor.py:914} INFO - Processing file /opt/airflow/dags/crawl_f1_data.py for tasks to queue
[2025-04-24T07:48:47.704+0000] {logging_mixin.py:190} INFO - [2025-04-24T07:48:47.703+0000] {dagbag.py:588} INFO - Filling up the DagBag from /opt/airflow/dags/crawl_f1_data.py
[2025-04-24T07:48:47.732+0000] {processor.py:925} INFO - DAG(s) 'crawl_f1_data' retrieved from /opt/airflow/dags/crawl_f1_data.py
[2025-04-24T07:48:47.766+0000] {logging_mixin.py:190} INFO - [2025-04-24T07:48:47.766+0000] {dag.py:3239} INFO - Sync 1 DAGs
[2025-04-24T07:48:47.797+0000] {logging_mixin.py:190} INFO - [2025-04-24T07:48:47.797+0000] {dag.py:4180} INFO - Setting next_dagrun for crawl_f1_data to 2025-04-01 00:00:00+00:00, run_after=2025-05-01 00:00:00+00:00
[2025-04-24T07:48:47.976+0000] {processor.py:208} INFO - Processing /opt/airflow/dags/crawl_f1_data.py took 0.283 seconds
[2025-04-24T07:49:18.254+0000] {processor.py:186} INFO - Started process (PID=1023) to work on /opt/airflow/dags/crawl_f1_data.py
[2025-04-24T07:49:18.255+0000] {processor.py:914} INFO - Processing file /opt/airflow/dags/crawl_f1_data.py for tasks to queue
[2025-04-24T07:49:18.258+0000] {logging_mixin.py:190} INFO - [2025-04-24T07:49:18.258+0000] {dagbag.py:588} INFO - Filling up the DagBag from /opt/airflow/dags/crawl_f1_data.py
[2025-04-24T07:49:18.289+0000] {processor.py:925} INFO - DAG(s) 'crawl_f1_data' retrieved from /opt/airflow/dags/crawl_f1_data.py
[2025-04-24T07:49:18.323+0000] {logging_mixin.py:190} INFO - [2025-04-24T07:49:18.323+0000] {dag.py:3239} INFO - Sync 1 DAGs
[2025-04-24T07:49:18.358+0000] {logging_mixin.py:190} INFO - [2025-04-24T07:49:18.358+0000] {dag.py:4180} INFO - Setting next_dagrun for crawl_f1_data to 2025-04-01 00:00:00+00:00, run_after=2025-05-01 00:00:00+00:00
[2025-04-24T07:49:18.390+0000] {processor.py:208} INFO - Processing /opt/airflow/dags/crawl_f1_data.py took 0.143 seconds
[2025-04-24T07:49:48.504+0000] {processor.py:186} INFO - Started process (PID=1028) to work on /opt/airflow/dags/crawl_f1_data.py
[2025-04-24T07:49:48.506+0000] {processor.py:914} INFO - Processing file /opt/airflow/dags/crawl_f1_data.py for tasks to queue
[2025-04-24T07:49:48.508+0000] {logging_mixin.py:190} INFO - [2025-04-24T07:49:48.508+0000] {dagbag.py:588} INFO - Filling up the DagBag from /opt/airflow/dags/crawl_f1_data.py
[2025-04-24T07:49:48.535+0000] {processor.py:925} INFO - DAG(s) 'crawl_f1_data' retrieved from /opt/airflow/dags/crawl_f1_data.py
[2025-04-24T07:49:48.565+0000] {logging_mixin.py:190} INFO - [2025-04-24T07:49:48.565+0000] {dag.py:3239} INFO - Sync 1 DAGs
[2025-04-24T07:49:48.589+0000] {logging_mixin.py:190} INFO - [2025-04-24T07:49:48.589+0000] {dag.py:4180} INFO - Setting next_dagrun for crawl_f1_data to 2025-04-01 00:00:00+00:00, run_after=2025-05-01 00:00:00+00:00
[2025-04-24T07:49:48.613+0000] {processor.py:208} INFO - Processing /opt/airflow/dags/crawl_f1_data.py took 0.115 seconds
[2025-04-24T07:50:18.758+0000] {processor.py:186} INFO - Started process (PID=1033) to work on /opt/airflow/dags/crawl_f1_data.py
[2025-04-24T07:50:18.759+0000] {processor.py:914} INFO - Processing file /opt/airflow/dags/crawl_f1_data.py for tasks to queue
[2025-04-24T07:50:18.761+0000] {logging_mixin.py:190} INFO - [2025-04-24T07:50:18.761+0000] {dagbag.py:588} INFO - Filling up the DagBag from /opt/airflow/dags/crawl_f1_data.py
[2025-04-24T07:50:18.788+0000] {processor.py:925} INFO - DAG(s) 'crawl_f1_data' retrieved from /opt/airflow/dags/crawl_f1_data.py
[2025-04-24T07:50:18.818+0000] {logging_mixin.py:190} INFO - [2025-04-24T07:50:18.818+0000] {dag.py:3239} INFO - Sync 1 DAGs
[2025-04-24T07:50:18.843+0000] {logging_mixin.py:190} INFO - [2025-04-24T07:50:18.842+0000] {dag.py:4180} INFO - Setting next_dagrun for crawl_f1_data to 2025-04-01 00:00:00+00:00, run_after=2025-05-01 00:00:00+00:00
[2025-04-24T07:50:18.866+0000] {processor.py:208} INFO - Processing /opt/airflow/dags/crawl_f1_data.py took 0.114 seconds
[2025-04-24T07:50:49.117+0000] {processor.py:186} INFO - Started process (PID=1038) to work on /opt/airflow/dags/crawl_f1_data.py
[2025-04-24T07:50:49.118+0000] {processor.py:914} INFO - Processing file /opt/airflow/dags/crawl_f1_data.py for tasks to queue
[2025-04-24T07:50:49.120+0000] {logging_mixin.py:190} INFO - [2025-04-24T07:50:49.120+0000] {dagbag.py:588} INFO - Filling up the DagBag from /opt/airflow/dags/crawl_f1_data.py
[2025-04-24T07:50:49.146+0000] {processor.py:925} INFO - DAG(s) 'crawl_f1_data' retrieved from /opt/airflow/dags/crawl_f1_data.py
[2025-04-24T07:50:49.177+0000] {logging_mixin.py:190} INFO - [2025-04-24T07:50:49.177+0000] {dag.py:3239} INFO - Sync 1 DAGs
[2025-04-24T07:50:49.207+0000] {logging_mixin.py:190} INFO - [2025-04-24T07:50:49.206+0000] {dag.py:4180} INFO - Setting next_dagrun for crawl_f1_data to 2025-04-01 00:00:00+00:00, run_after=2025-05-01 00:00:00+00:00
[2025-04-24T07:50:49.233+0000] {processor.py:208} INFO - Processing /opt/airflow/dags/crawl_f1_data.py took 0.122 seconds
[2025-04-24T07:51:19.392+0000] {processor.py:186} INFO - Started process (PID=1043) to work on /opt/airflow/dags/crawl_f1_data.py
[2025-04-24T07:51:19.393+0000] {processor.py:914} INFO - Processing file /opt/airflow/dags/crawl_f1_data.py for tasks to queue
[2025-04-24T07:51:19.396+0000] {logging_mixin.py:190} INFO - [2025-04-24T07:51:19.396+0000] {dagbag.py:588} INFO - Filling up the DagBag from /opt/airflow/dags/crawl_f1_data.py
[2025-04-24T07:51:19.431+0000] {processor.py:925} INFO - DAG(s) 'crawl_f1_data' retrieved from /opt/airflow/dags/crawl_f1_data.py
[2025-04-24T07:51:19.468+0000] {logging_mixin.py:190} INFO - [2025-04-24T07:51:19.467+0000] {dag.py:3239} INFO - Sync 1 DAGs
[2025-04-24T07:51:19.496+0000] {logging_mixin.py:190} INFO - [2025-04-24T07:51:19.496+0000] {dag.py:4180} INFO - Setting next_dagrun for crawl_f1_data to 2025-04-01 00:00:00+00:00, run_after=2025-05-01 00:00:00+00:00
[2025-04-24T07:51:19.523+0000] {processor.py:208} INFO - Processing /opt/airflow/dags/crawl_f1_data.py took 0.138 seconds
[2025-04-24T07:51:49.753+0000] {processor.py:186} INFO - Started process (PID=1048) to work on /opt/airflow/dags/crawl_f1_data.py
[2025-04-24T07:51:49.754+0000] {processor.py:914} INFO - Processing file /opt/airflow/dags/crawl_f1_data.py for tasks to queue
[2025-04-24T07:51:49.757+0000] {logging_mixin.py:190} INFO - [2025-04-24T07:51:49.756+0000] {dagbag.py:588} INFO - Filling up the DagBag from /opt/airflow/dags/crawl_f1_data.py
[2025-04-24T07:51:49.784+0000] {processor.py:925} INFO - DAG(s) 'crawl_f1_data' retrieved from /opt/airflow/dags/crawl_f1_data.py
[2025-04-24T07:51:49.853+0000] {logging_mixin.py:190} INFO - [2025-04-24T07:51:49.852+0000] {dag.py:3239} INFO - Sync 1 DAGs
[2025-04-24T07:51:50.019+0000] {logging_mixin.py:190} INFO - [2025-04-24T07:51:50.018+0000] {dag.py:4180} INFO - Setting next_dagrun for crawl_f1_data to 2025-04-01 00:00:00+00:00, run_after=2025-05-01 00:00:00+00:00
[2025-04-24T07:51:50.040+0000] {processor.py:208} INFO - Processing /opt/airflow/dags/crawl_f1_data.py took 0.294 seconds
[2025-04-24T07:52:20.318+0000] {processor.py:186} INFO - Started process (PID=1053) to work on /opt/airflow/dags/crawl_f1_data.py
[2025-04-24T07:52:20.320+0000] {processor.py:914} INFO - Processing file /opt/airflow/dags/crawl_f1_data.py for tasks to queue
[2025-04-24T07:52:20.323+0000] {logging_mixin.py:190} INFO - [2025-04-24T07:52:20.323+0000] {dagbag.py:588} INFO - Filling up the DagBag from /opt/airflow/dags/crawl_f1_data.py
[2025-04-24T07:52:20.351+0000] {processor.py:925} INFO - DAG(s) 'crawl_f1_data' retrieved from /opt/airflow/dags/crawl_f1_data.py
[2025-04-24T07:52:20.379+0000] {logging_mixin.py:190} INFO - [2025-04-24T07:52:20.379+0000] {dag.py:3239} INFO - Sync 1 DAGs
[2025-04-24T07:52:20.405+0000] {logging_mixin.py:190} INFO - [2025-04-24T07:52:20.405+0000] {dag.py:4180} INFO - Setting next_dagrun for crawl_f1_data to 2025-04-01 00:00:00+00:00, run_after=2025-05-01 00:00:00+00:00
[2025-04-24T07:52:20.428+0000] {processor.py:208} INFO - Processing /opt/airflow/dags/crawl_f1_data.py took 0.116 seconds
[2025-04-24T07:52:50.562+0000] {processor.py:186} INFO - Started process (PID=1058) to work on /opt/airflow/dags/crawl_f1_data.py
[2025-04-24T07:52:50.564+0000] {processor.py:914} INFO - Processing file /opt/airflow/dags/crawl_f1_data.py for tasks to queue
[2025-04-24T07:52:50.567+0000] {logging_mixin.py:190} INFO - [2025-04-24T07:52:50.566+0000] {dagbag.py:588} INFO - Filling up the DagBag from /opt/airflow/dags/crawl_f1_data.py
[2025-04-24T07:52:50.604+0000] {processor.py:925} INFO - DAG(s) 'crawl_f1_data' retrieved from /opt/airflow/dags/crawl_f1_data.py
[2025-04-24T07:52:50.642+0000] {logging_mixin.py:190} INFO - [2025-04-24T07:52:50.642+0000] {dag.py:3239} INFO - Sync 1 DAGs
[2025-04-24T07:52:50.668+0000] {logging_mixin.py:190} INFO - [2025-04-24T07:52:50.667+0000] {dag.py:4180} INFO - Setting next_dagrun for crawl_f1_data to 2025-04-01 00:00:00+00:00, run_after=2025-05-01 00:00:00+00:00
[2025-04-24T07:52:50.689+0000] {processor.py:208} INFO - Processing /opt/airflow/dags/crawl_f1_data.py took 0.134 seconds
[2025-04-24T07:53:20.939+0000] {processor.py:186} INFO - Started process (PID=1063) to work on /opt/airflow/dags/crawl_f1_data.py
[2025-04-24T07:53:20.940+0000] {processor.py:914} INFO - Processing file /opt/airflow/dags/crawl_f1_data.py for tasks to queue
[2025-04-24T07:53:20.944+0000] {logging_mixin.py:190} INFO - [2025-04-24T07:53:20.943+0000] {dagbag.py:588} INFO - Filling up the DagBag from /opt/airflow/dags/crawl_f1_data.py
[2025-04-24T07:53:20.975+0000] {processor.py:925} INFO - DAG(s) 'crawl_f1_data' retrieved from /opt/airflow/dags/crawl_f1_data.py
[2025-04-24T07:53:21.022+0000] {logging_mixin.py:190} INFO - [2025-04-24T07:53:21.022+0000] {dag.py:3239} INFO - Sync 1 DAGs
[2025-04-24T07:53:21.054+0000] {logging_mixin.py:190} INFO - [2025-04-24T07:53:21.054+0000] {dag.py:4180} INFO - Setting next_dagrun for crawl_f1_data to 2025-04-01 00:00:00+00:00, run_after=2025-05-01 00:00:00+00:00
[2025-04-24T07:53:21.079+0000] {processor.py:208} INFO - Processing /opt/airflow/dags/crawl_f1_data.py took 0.146 seconds
[2025-04-24T07:53:51.240+0000] {processor.py:186} INFO - Started process (PID=1068) to work on /opt/airflow/dags/crawl_f1_data.py
[2025-04-24T07:53:51.241+0000] {processor.py:914} INFO - Processing file /opt/airflow/dags/crawl_f1_data.py for tasks to queue
[2025-04-24T07:53:51.244+0000] {logging_mixin.py:190} INFO - [2025-04-24T07:53:51.243+0000] {dagbag.py:588} INFO - Filling up the DagBag from /opt/airflow/dags/crawl_f1_data.py
[2025-04-24T07:53:51.272+0000] {processor.py:925} INFO - DAG(s) 'crawl_f1_data' retrieved from /opt/airflow/dags/crawl_f1_data.py
[2025-04-24T07:53:51.311+0000] {logging_mixin.py:190} INFO - [2025-04-24T07:53:51.311+0000] {dag.py:3239} INFO - Sync 1 DAGs
[2025-04-24T07:53:51.342+0000] {logging_mixin.py:190} INFO - [2025-04-24T07:53:51.342+0000] {dag.py:4180} INFO - Setting next_dagrun for crawl_f1_data to 2025-04-01 00:00:00+00:00, run_after=2025-05-01 00:00:00+00:00
[2025-04-24T07:53:51.365+0000] {processor.py:208} INFO - Processing /opt/airflow/dags/crawl_f1_data.py took 0.133 seconds
[2025-04-24T07:54:21.610+0000] {processor.py:186} INFO - Started process (PID=1073) to work on /opt/airflow/dags/crawl_f1_data.py
[2025-04-24T07:54:21.611+0000] {processor.py:914} INFO - Processing file /opt/airflow/dags/crawl_f1_data.py for tasks to queue
[2025-04-24T07:54:21.613+0000] {logging_mixin.py:190} INFO - [2025-04-24T07:54:21.613+0000] {dagbag.py:588} INFO - Filling up the DagBag from /opt/airflow/dags/crawl_f1_data.py
[2025-04-24T07:54:21.646+0000] {processor.py:925} INFO - DAG(s) 'crawl_f1_data' retrieved from /opt/airflow/dags/crawl_f1_data.py
[2025-04-24T07:54:21.681+0000] {logging_mixin.py:190} INFO - [2025-04-24T07:54:21.681+0000] {dag.py:3239} INFO - Sync 1 DAGs
[2025-04-24T07:54:21.710+0000] {logging_mixin.py:190} INFO - [2025-04-24T07:54:21.710+0000] {dag.py:4180} INFO - Setting next_dagrun for crawl_f1_data to 2025-04-01 00:00:00+00:00, run_after=2025-05-01 00:00:00+00:00
[2025-04-24T07:54:21.883+0000] {processor.py:208} INFO - Processing /opt/airflow/dags/crawl_f1_data.py took 0.280 seconds
[2025-04-24T07:54:52.174+0000] {processor.py:186} INFO - Started process (PID=1078) to work on /opt/airflow/dags/crawl_f1_data.py
[2025-04-24T07:54:52.175+0000] {processor.py:914} INFO - Processing file /opt/airflow/dags/crawl_f1_data.py for tasks to queue
[2025-04-24T07:54:52.177+0000] {logging_mixin.py:190} INFO - [2025-04-24T07:54:52.177+0000] {dagbag.py:588} INFO - Filling up the DagBag from /opt/airflow/dags/crawl_f1_data.py
[2025-04-24T07:54:52.206+0000] {processor.py:925} INFO - DAG(s) 'crawl_f1_data' retrieved from /opt/airflow/dags/crawl_f1_data.py
[2025-04-24T07:54:52.236+0000] {logging_mixin.py:190} INFO - [2025-04-24T07:54:52.236+0000] {dag.py:3239} INFO - Sync 1 DAGs
[2025-04-24T07:54:52.394+0000] {logging_mixin.py:190} INFO - [2025-04-24T07:54:52.394+0000] {dag.py:4180} INFO - Setting next_dagrun for crawl_f1_data to 2025-04-01 00:00:00+00:00, run_after=2025-05-01 00:00:00+00:00
[2025-04-24T07:54:52.419+0000] {processor.py:208} INFO - Processing /opt/airflow/dags/crawl_f1_data.py took 0.251 seconds
[2025-04-24T07:55:22.708+0000] {processor.py:186} INFO - Started process (PID=1083) to work on /opt/airflow/dags/crawl_f1_data.py
[2025-04-24T07:55:22.709+0000] {processor.py:914} INFO - Processing file /opt/airflow/dags/crawl_f1_data.py for tasks to queue
[2025-04-24T07:55:22.711+0000] {logging_mixin.py:190} INFO - [2025-04-24T07:55:22.711+0000] {dagbag.py:588} INFO - Filling up the DagBag from /opt/airflow/dags/crawl_f1_data.py
[2025-04-24T07:55:22.740+0000] {processor.py:925} INFO - DAG(s) 'crawl_f1_data' retrieved from /opt/airflow/dags/crawl_f1_data.py
[2025-04-24T07:55:22.769+0000] {logging_mixin.py:190} INFO - [2025-04-24T07:55:22.768+0000] {dag.py:3239} INFO - Sync 1 DAGs
[2025-04-24T07:55:22.793+0000] {logging_mixin.py:190} INFO - [2025-04-24T07:55:22.793+0000] {dag.py:4180} INFO - Setting next_dagrun for crawl_f1_data to 2025-04-01 00:00:00+00:00, run_after=2025-05-01 00:00:00+00:00
[2025-04-24T07:55:22.816+0000] {processor.py:208} INFO - Processing /opt/airflow/dags/crawl_f1_data.py took 0.113 seconds
[2025-04-24T07:55:52.967+0000] {processor.py:186} INFO - Started process (PID=1088) to work on /opt/airflow/dags/crawl_f1_data.py
[2025-04-24T07:55:52.968+0000] {processor.py:914} INFO - Processing file /opt/airflow/dags/crawl_f1_data.py for tasks to queue
[2025-04-24T07:55:52.970+0000] {logging_mixin.py:190} INFO - [2025-04-24T07:55:52.970+0000] {dagbag.py:588} INFO - Filling up the DagBag from /opt/airflow/dags/crawl_f1_data.py
[2025-04-24T07:55:52.999+0000] {processor.py:925} INFO - DAG(s) 'crawl_f1_data' retrieved from /opt/airflow/dags/crawl_f1_data.py
[2025-04-24T07:55:53.027+0000] {logging_mixin.py:190} INFO - [2025-04-24T07:55:53.027+0000] {dag.py:3239} INFO - Sync 1 DAGs
[2025-04-24T07:55:53.053+0000] {logging_mixin.py:190} INFO - [2025-04-24T07:55:53.052+0000] {dag.py:4180} INFO - Setting next_dagrun for crawl_f1_data to 2025-04-01 00:00:00+00:00, run_after=2025-05-01 00:00:00+00:00
[2025-04-24T07:55:53.077+0000] {processor.py:208} INFO - Processing /opt/airflow/dags/crawl_f1_data.py took 0.116 seconds
[2025-04-24T07:56:23.326+0000] {processor.py:186} INFO - Started process (PID=1093) to work on /opt/airflow/dags/crawl_f1_data.py
[2025-04-24T07:56:23.328+0000] {processor.py:914} INFO - Processing file /opt/airflow/dags/crawl_f1_data.py for tasks to queue
[2025-04-24T07:56:23.330+0000] {logging_mixin.py:190} INFO - [2025-04-24T07:56:23.330+0000] {dagbag.py:588} INFO - Filling up the DagBag from /opt/airflow/dags/crawl_f1_data.py
[2025-04-24T07:56:23.365+0000] {processor.py:925} INFO - DAG(s) 'crawl_f1_data' retrieved from /opt/airflow/dags/crawl_f1_data.py
[2025-04-24T07:56:23.398+0000] {logging_mixin.py:190} INFO - [2025-04-24T07:56:23.398+0000] {dag.py:3239} INFO - Sync 1 DAGs
[2025-04-24T07:56:23.426+0000] {logging_mixin.py:190} INFO - [2025-04-24T07:56:23.426+0000] {dag.py:4180} INFO - Setting next_dagrun for crawl_f1_data to 2025-04-01 00:00:00+00:00, run_after=2025-05-01 00:00:00+00:00
[2025-04-24T07:56:23.450+0000] {processor.py:208} INFO - Processing /opt/airflow/dags/crawl_f1_data.py took 0.130 seconds
[2025-04-24T07:56:53.585+0000] {processor.py:186} INFO - Started process (PID=1098) to work on /opt/airflow/dags/crawl_f1_data.py
[2025-04-24T07:56:53.586+0000] {processor.py:914} INFO - Processing file /opt/airflow/dags/crawl_f1_data.py for tasks to queue
[2025-04-24T07:56:53.589+0000] {logging_mixin.py:190} INFO - [2025-04-24T07:56:53.589+0000] {dagbag.py:588} INFO - Filling up the DagBag from /opt/airflow/dags/crawl_f1_data.py
[2025-04-24T07:56:53.618+0000] {processor.py:925} INFO - DAG(s) 'crawl_f1_data' retrieved from /opt/airflow/dags/crawl_f1_data.py
[2025-04-24T07:56:53.650+0000] {logging_mixin.py:190} INFO - [2025-04-24T07:56:53.649+0000] {dag.py:3239} INFO - Sync 1 DAGs
[2025-04-24T07:56:53.677+0000] {logging_mixin.py:190} INFO - [2025-04-24T07:56:53.676+0000] {dag.py:4180} INFO - Setting next_dagrun for crawl_f1_data to 2025-04-01 00:00:00+00:00, run_after=2025-05-01 00:00:00+00:00
[2025-04-24T07:56:53.702+0000] {processor.py:208} INFO - Processing /opt/airflow/dags/crawl_f1_data.py took 0.123 seconds
[2025-04-24T07:57:23.954+0000] {processor.py:186} INFO - Started process (PID=1103) to work on /opt/airflow/dags/crawl_f1_data.py
[2025-04-24T07:57:23.955+0000] {processor.py:914} INFO - Processing file /opt/airflow/dags/crawl_f1_data.py for tasks to queue
[2025-04-24T07:57:23.958+0000] {logging_mixin.py:190} INFO - [2025-04-24T07:57:23.958+0000] {dagbag.py:588} INFO - Filling up the DagBag from /opt/airflow/dags/crawl_f1_data.py
[2025-04-24T07:57:23.985+0000] {processor.py:925} INFO - DAG(s) 'crawl_f1_data' retrieved from /opt/airflow/dags/crawl_f1_data.py
[2025-04-24T07:57:24.013+0000] {logging_mixin.py:190} INFO - [2025-04-24T07:57:24.013+0000] {dag.py:3239} INFO - Sync 1 DAGs
[2025-04-24T07:57:24.039+0000] {logging_mixin.py:190} INFO - [2025-04-24T07:57:24.039+0000] {dag.py:4180} INFO - Setting next_dagrun for crawl_f1_data to 2025-04-01 00:00:00+00:00, run_after=2025-05-01 00:00:00+00:00
[2025-04-24T07:57:24.186+0000] {processor.py:208} INFO - Processing /opt/airflow/dags/crawl_f1_data.py took 0.237 seconds
[2025-04-24T07:57:54.458+0000] {processor.py:186} INFO - Started process (PID=1108) to work on /opt/airflow/dags/crawl_f1_data.py
[2025-04-24T07:57:54.459+0000] {processor.py:914} INFO - Processing file /opt/airflow/dags/crawl_f1_data.py for tasks to queue
[2025-04-24T07:57:54.462+0000] {logging_mixin.py:190} INFO - [2025-04-24T07:57:54.461+0000] {dagbag.py:588} INFO - Filling up the DagBag from /opt/airflow/dags/crawl_f1_data.py
[2025-04-24T07:57:54.488+0000] {processor.py:925} INFO - DAG(s) 'crawl_f1_data' retrieved from /opt/airflow/dags/crawl_f1_data.py
[2025-04-24T07:57:54.517+0000] {logging_mixin.py:190} INFO - [2025-04-24T07:57:54.516+0000] {dag.py:3239} INFO - Sync 1 DAGs
[2025-04-24T07:57:54.546+0000] {logging_mixin.py:190} INFO - [2025-04-24T07:57:54.546+0000] {dag.py:4180} INFO - Setting next_dagrun for crawl_f1_data to 2025-04-01 00:00:00+00:00, run_after=2025-05-01 00:00:00+00:00
[2025-04-24T07:57:54.571+0000] {processor.py:208} INFO - Processing /opt/airflow/dags/crawl_f1_data.py took 0.119 seconds
[2025-04-24T07:58:24.705+0000] {processor.py:186} INFO - Started process (PID=1113) to work on /opt/airflow/dags/crawl_f1_data.py
[2025-04-24T07:58:24.706+0000] {processor.py:914} INFO - Processing file /opt/airflow/dags/crawl_f1_data.py for tasks to queue
[2025-04-24T07:58:24.709+0000] {logging_mixin.py:190} INFO - [2025-04-24T07:58:24.708+0000] {dagbag.py:588} INFO - Filling up the DagBag from /opt/airflow/dags/crawl_f1_data.py
[2025-04-24T07:58:24.744+0000] {processor.py:925} INFO - DAG(s) 'crawl_f1_data' retrieved from /opt/airflow/dags/crawl_f1_data.py
[2025-04-24T07:58:24.779+0000] {logging_mixin.py:190} INFO - [2025-04-24T07:58:24.779+0000] {dag.py:3239} INFO - Sync 1 DAGs
[2025-04-24T07:58:24.813+0000] {logging_mixin.py:190} INFO - [2025-04-24T07:58:24.813+0000] {dag.py:4180} INFO - Setting next_dagrun for crawl_f1_data to 2025-04-01 00:00:00+00:00, run_after=2025-05-01 00:00:00+00:00
[2025-04-24T07:58:24.838+0000] {processor.py:208} INFO - Processing /opt/airflow/dags/crawl_f1_data.py took 0.139 seconds
[2025-04-24T07:58:55.128+0000] {processor.py:186} INFO - Started process (PID=1118) to work on /opt/airflow/dags/crawl_f1_data.py
[2025-04-24T07:58:55.129+0000] {processor.py:914} INFO - Processing file /opt/airflow/dags/crawl_f1_data.py for tasks to queue
[2025-04-24T07:58:55.131+0000] {logging_mixin.py:190} INFO - [2025-04-24T07:58:55.131+0000] {dagbag.py:588} INFO - Filling up the DagBag from /opt/airflow/dags/crawl_f1_data.py
[2025-04-24T07:58:55.160+0000] {processor.py:925} INFO - DAG(s) 'crawl_f1_data' retrieved from /opt/airflow/dags/crawl_f1_data.py
[2025-04-24T07:58:55.191+0000] {logging_mixin.py:190} INFO - [2025-04-24T07:58:55.190+0000] {dag.py:3239} INFO - Sync 1 DAGs
[2025-04-24T07:58:55.217+0000] {logging_mixin.py:190} INFO - [2025-04-24T07:58:55.217+0000] {dag.py:4180} INFO - Setting next_dagrun for crawl_f1_data to 2025-04-01 00:00:00+00:00, run_after=2025-05-01 00:00:00+00:00
[2025-04-24T07:58:55.242+0000] {processor.py:208} INFO - Processing /opt/airflow/dags/crawl_f1_data.py took 0.122 seconds
[2025-04-24T07:59:25.380+0000] {processor.py:186} INFO - Started process (PID=1123) to work on /opt/airflow/dags/crawl_f1_data.py
[2025-04-24T07:59:25.381+0000] {processor.py:914} INFO - Processing file /opt/airflow/dags/crawl_f1_data.py for tasks to queue
[2025-04-24T07:59:25.383+0000] {logging_mixin.py:190} INFO - [2025-04-24T07:59:25.383+0000] {dagbag.py:588} INFO - Filling up the DagBag from /opt/airflow/dags/crawl_f1_data.py
[2025-04-24T07:59:25.412+0000] {processor.py:925} INFO - DAG(s) 'crawl_f1_data' retrieved from /opt/airflow/dags/crawl_f1_data.py
[2025-04-24T07:59:25.443+0000] {logging_mixin.py:190} INFO - [2025-04-24T07:59:25.442+0000] {dag.py:3239} INFO - Sync 1 DAGs
[2025-04-24T07:59:25.475+0000] {logging_mixin.py:190} INFO - [2025-04-24T07:59:25.474+0000] {dag.py:4180} INFO - Setting next_dagrun for crawl_f1_data to 2025-04-01 00:00:00+00:00, run_after=2025-05-01 00:00:00+00:00
[2025-04-24T07:59:25.502+0000] {processor.py:208} INFO - Processing /opt/airflow/dags/crawl_f1_data.py took 0.129 seconds
[2025-04-24T07:59:55.744+0000] {processor.py:186} INFO - Started process (PID=1128) to work on /opt/airflow/dags/crawl_f1_data.py
[2025-04-24T07:59:55.744+0000] {processor.py:914} INFO - Processing file /opt/airflow/dags/crawl_f1_data.py for tasks to queue
[2025-04-24T07:59:55.747+0000] {logging_mixin.py:190} INFO - [2025-04-24T07:59:55.747+0000] {dagbag.py:588} INFO - Filling up the DagBag from /opt/airflow/dags/crawl_f1_data.py
[2025-04-24T07:59:55.813+0000] {processor.py:925} INFO - DAG(s) 'crawl_f1_data' retrieved from /opt/airflow/dags/crawl_f1_data.py
[2025-04-24T07:59:55.842+0000] {logging_mixin.py:190} INFO - [2025-04-24T07:59:55.842+0000] {dag.py:3239} INFO - Sync 1 DAGs
[2025-04-24T07:59:55.867+0000] {logging_mixin.py:190} INFO - [2025-04-24T07:59:55.867+0000] {dag.py:4180} INFO - Setting next_dagrun for crawl_f1_data to 2025-04-01 00:00:00+00:00, run_after=2025-05-01 00:00:00+00:00
[2025-04-24T07:59:55.892+0000] {processor.py:208} INFO - Processing /opt/airflow/dags/crawl_f1_data.py took 0.153 seconds
[2025-04-24T08:00:25.997+0000] {processor.py:186} INFO - Started process (PID=1133) to work on /opt/airflow/dags/crawl_f1_data.py
[2025-04-24T08:00:25.998+0000] {processor.py:914} INFO - Processing file /opt/airflow/dags/crawl_f1_data.py for tasks to queue
[2025-04-24T08:00:26.001+0000] {logging_mixin.py:190} INFO - [2025-04-24T08:00:26.001+0000] {dagbag.py:588} INFO - Filling up the DagBag from /opt/airflow/dags/crawl_f1_data.py
[2025-04-24T08:00:26.030+0000] {processor.py:925} INFO - DAG(s) 'crawl_f1_data' retrieved from /opt/airflow/dags/crawl_f1_data.py
[2025-04-24T08:00:26.063+0000] {logging_mixin.py:190} INFO - [2025-04-24T08:00:26.062+0000] {dag.py:3239} INFO - Sync 1 DAGs
[2025-04-24T08:00:26.248+0000] {logging_mixin.py:190} INFO - [2025-04-24T08:00:26.247+0000] {dag.py:4180} INFO - Setting next_dagrun for crawl_f1_data to 2025-04-01 00:00:00+00:00, run_after=2025-05-01 00:00:00+00:00
[2025-04-24T08:00:26.274+0000] {processor.py:208} INFO - Processing /opt/airflow/dags/crawl_f1_data.py took 0.282 seconds
[2025-04-24T08:00:56.387+0000] {processor.py:186} INFO - Started process (PID=1138) to work on /opt/airflow/dags/crawl_f1_data.py
[2025-04-24T08:00:56.388+0000] {processor.py:914} INFO - Processing file /opt/airflow/dags/crawl_f1_data.py for tasks to queue
[2025-04-24T08:00:56.391+0000] {logging_mixin.py:190} INFO - [2025-04-24T08:00:56.391+0000] {dagbag.py:588} INFO - Filling up the DagBag from /opt/airflow/dags/crawl_f1_data.py
[2025-04-24T08:00:56.419+0000] {processor.py:925} INFO - DAG(s) 'crawl_f1_data' retrieved from /opt/airflow/dags/crawl_f1_data.py
[2025-04-24T08:00:56.451+0000] {logging_mixin.py:190} INFO - [2025-04-24T08:00:56.451+0000] {dag.py:3239} INFO - Sync 1 DAGs
[2025-04-24T08:00:56.478+0000] {logging_mixin.py:190} INFO - [2025-04-24T08:00:56.478+0000] {dag.py:4180} INFO - Setting next_dagrun for crawl_f1_data to 2025-04-01 00:00:00+00:00, run_after=2025-05-01 00:00:00+00:00
[2025-04-24T08:00:56.500+0000] {processor.py:208} INFO - Processing /opt/airflow/dags/crawl_f1_data.py took 0.118 seconds
[2025-04-24T08:01:26.803+0000] {processor.py:186} INFO - Started process (PID=1143) to work on /opt/airflow/dags/crawl_f1_data.py
[2025-04-24T08:01:26.805+0000] {processor.py:914} INFO - Processing file /opt/airflow/dags/crawl_f1_data.py for tasks to queue
[2025-04-24T08:01:26.809+0000] {logging_mixin.py:190} INFO - [2025-04-24T08:01:26.809+0000] {dagbag.py:588} INFO - Filling up the DagBag from /opt/airflow/dags/crawl_f1_data.py
[2025-04-24T08:01:26.838+0000] {processor.py:925} INFO - DAG(s) 'crawl_f1_data' retrieved from /opt/airflow/dags/crawl_f1_data.py
[2025-04-24T08:01:26.869+0000] {logging_mixin.py:190} INFO - [2025-04-24T08:01:26.869+0000] {dag.py:3239} INFO - Sync 1 DAGs
[2025-04-24T08:01:26.898+0000] {logging_mixin.py:190} INFO - [2025-04-24T08:01:26.897+0000] {dag.py:4180} INFO - Setting next_dagrun for crawl_f1_data to 2025-04-01 00:00:00+00:00, run_after=2025-05-01 00:00:00+00:00
[2025-04-24T08:01:26.922+0000] {processor.py:208} INFO - Processing /opt/airflow/dags/crawl_f1_data.py took 0.124 seconds
[2025-04-24T08:01:57.059+0000] {processor.py:186} INFO - Started process (PID=1148) to work on /opt/airflow/dags/crawl_f1_data.py
[2025-04-24T08:01:57.060+0000] {processor.py:914} INFO - Processing file /opt/airflow/dags/crawl_f1_data.py for tasks to queue
[2025-04-24T08:01:57.063+0000] {logging_mixin.py:190} INFO - [2025-04-24T08:01:57.063+0000] {dagbag.py:588} INFO - Filling up the DagBag from /opt/airflow/dags/crawl_f1_data.py
[2025-04-24T08:01:57.090+0000] {processor.py:925} INFO - DAG(s) 'crawl_f1_data' retrieved from /opt/airflow/dags/crawl_f1_data.py
[2025-04-24T08:01:57.119+0000] {logging_mixin.py:190} INFO - [2025-04-24T08:01:57.118+0000] {dag.py:3239} INFO - Sync 1 DAGs
[2025-04-24T08:01:57.144+0000] {logging_mixin.py:190} INFO - [2025-04-24T08:01:57.144+0000] {dag.py:4180} INFO - Setting next_dagrun for crawl_f1_data to 2025-04-01 00:00:00+00:00, run_after=2025-05-01 00:00:00+00:00
[2025-04-24T08:01:57.166+0000] {processor.py:208} INFO - Processing /opt/airflow/dags/crawl_f1_data.py took 0.113 seconds
[2025-04-24T08:02:27.446+0000] {processor.py:186} INFO - Started process (PID=1153) to work on /opt/airflow/dags/crawl_f1_data.py
[2025-04-24T08:02:27.447+0000] {processor.py:914} INFO - Processing file /opt/airflow/dags/crawl_f1_data.py for tasks to queue
[2025-04-24T08:02:27.450+0000] {logging_mixin.py:190} INFO - [2025-04-24T08:02:27.450+0000] {dagbag.py:588} INFO - Filling up the DagBag from /opt/airflow/dags/crawl_f1_data.py
[2025-04-24T08:02:27.485+0000] {processor.py:925} INFO - DAG(s) 'crawl_f1_data' retrieved from /opt/airflow/dags/crawl_f1_data.py
[2025-04-24T08:02:27.519+0000] {logging_mixin.py:190} INFO - [2025-04-24T08:02:27.519+0000] {dag.py:3239} INFO - Sync 1 DAGs
[2025-04-24T08:02:27.546+0000] {logging_mixin.py:190} INFO - [2025-04-24T08:02:27.546+0000] {dag.py:4180} INFO - Setting next_dagrun for crawl_f1_data to 2025-04-01 00:00:00+00:00, run_after=2025-05-01 00:00:00+00:00
[2025-04-24T08:02:27.575+0000] {processor.py:208} INFO - Processing /opt/airflow/dags/crawl_f1_data.py took 0.137 seconds
[2025-04-24T08:02:57.686+0000] {processor.py:186} INFO - Started process (PID=1158) to work on /opt/airflow/dags/crawl_f1_data.py
[2025-04-24T08:02:57.687+0000] {processor.py:914} INFO - Processing file /opt/airflow/dags/crawl_f1_data.py for tasks to queue
[2025-04-24T08:02:57.689+0000] {logging_mixin.py:190} INFO - [2025-04-24T08:02:57.689+0000] {dagbag.py:588} INFO - Filling up the DagBag from /opt/airflow/dags/crawl_f1_data.py
[2025-04-24T08:02:57.716+0000] {processor.py:925} INFO - DAG(s) 'crawl_f1_data' retrieved from /opt/airflow/dags/crawl_f1_data.py
[2025-04-24T08:02:57.744+0000] {logging_mixin.py:190} INFO - [2025-04-24T08:02:57.744+0000] {dag.py:3239} INFO - Sync 1 DAGs
[2025-04-24T08:02:57.770+0000] {logging_mixin.py:190} INFO - [2025-04-24T08:02:57.770+0000] {dag.py:4180} INFO - Setting next_dagrun for crawl_f1_data to 2025-04-01 00:00:00+00:00, run_after=2025-05-01 00:00:00+00:00
[2025-04-24T08:02:57.949+0000] {processor.py:208} INFO - Processing /opt/airflow/dags/crawl_f1_data.py took 0.268 seconds
[2025-04-24T08:03:28.106+0000] {processor.py:186} INFO - Started process (PID=1163) to work on /opt/airflow/dags/crawl_f1_data.py
[2025-04-24T08:03:28.107+0000] {processor.py:914} INFO - Processing file /opt/airflow/dags/crawl_f1_data.py for tasks to queue
[2025-04-24T08:03:28.110+0000] {logging_mixin.py:190} INFO - [2025-04-24T08:03:28.110+0000] {dagbag.py:588} INFO - Filling up the DagBag from /opt/airflow/dags/crawl_f1_data.py
[2025-04-24T08:03:28.140+0000] {processor.py:925} INFO - DAG(s) 'crawl_f1_data' retrieved from /opt/airflow/dags/crawl_f1_data.py
[2025-04-24T08:03:28.174+0000] {logging_mixin.py:190} INFO - [2025-04-24T08:03:28.174+0000] {dag.py:3239} INFO - Sync 1 DAGs
[2025-04-24T08:03:28.421+0000] {logging_mixin.py:190} INFO - [2025-04-24T08:03:28.421+0000] {dag.py:4180} INFO - Setting next_dagrun for crawl_f1_data to 2025-04-01 00:00:00+00:00, run_after=2025-05-01 00:00:00+00:00
[2025-04-24T08:03:28.446+0000] {processor.py:208} INFO - Processing /opt/airflow/dags/crawl_f1_data.py took 0.346 seconds
[2025-04-24T08:03:58.542+0000] {processor.py:186} INFO - Started process (PID=1168) to work on /opt/airflow/dags/crawl_f1_data.py
[2025-04-24T08:03:58.543+0000] {processor.py:914} INFO - Processing file /opt/airflow/dags/crawl_f1_data.py for tasks to queue
[2025-04-24T08:03:58.545+0000] {logging_mixin.py:190} INFO - [2025-04-24T08:03:58.545+0000] {dagbag.py:588} INFO - Filling up the DagBag from /opt/airflow/dags/crawl_f1_data.py
[2025-04-24T08:03:58.574+0000] {processor.py:925} INFO - DAG(s) 'crawl_f1_data' retrieved from /opt/airflow/dags/crawl_f1_data.py
[2025-04-24T08:03:58.607+0000] {logging_mixin.py:190} INFO - [2025-04-24T08:03:58.607+0000] {dag.py:3239} INFO - Sync 1 DAGs
[2025-04-24T08:03:58.645+0000] {logging_mixin.py:190} INFO - [2025-04-24T08:03:58.644+0000] {dag.py:4180} INFO - Setting next_dagrun for crawl_f1_data to 2025-04-01 00:00:00+00:00, run_after=2025-05-01 00:00:00+00:00
[2025-04-24T08:03:58.668+0000] {processor.py:208} INFO - Processing /opt/airflow/dags/crawl_f1_data.py took 0.132 seconds
[2025-04-24T08:04:28.817+0000] {processor.py:186} INFO - Started process (PID=1173) to work on /opt/airflow/dags/crawl_f1_data.py
[2025-04-24T08:04:28.818+0000] {processor.py:914} INFO - Processing file /opt/airflow/dags/crawl_f1_data.py for tasks to queue
[2025-04-24T08:04:28.821+0000] {logging_mixin.py:190} INFO - [2025-04-24T08:04:28.820+0000] {dagbag.py:588} INFO - Filling up the DagBag from /opt/airflow/dags/crawl_f1_data.py
[2025-04-24T08:04:28.855+0000] {processor.py:925} INFO - DAG(s) 'crawl_f1_data' retrieved from /opt/airflow/dags/crawl_f1_data.py
[2025-04-24T08:04:28.891+0000] {logging_mixin.py:190} INFO - [2025-04-24T08:04:28.891+0000] {dag.py:3239} INFO - Sync 1 DAGs
[2025-04-24T08:04:28.919+0000] {logging_mixin.py:190} INFO - [2025-04-24T08:04:28.919+0000] {dag.py:4180} INFO - Setting next_dagrun for crawl_f1_data to 2025-04-01 00:00:00+00:00, run_after=2025-05-01 00:00:00+00:00
[2025-04-24T08:04:28.950+0000] {processor.py:208} INFO - Processing /opt/airflow/dags/crawl_f1_data.py took 0.141 seconds
[2025-04-24T08:04:59.198+0000] {processor.py:186} INFO - Started process (PID=1178) to work on /opt/airflow/dags/crawl_f1_data.py
[2025-04-24T08:04:59.199+0000] {processor.py:914} INFO - Processing file /opt/airflow/dags/crawl_f1_data.py for tasks to queue
[2025-04-24T08:04:59.201+0000] {logging_mixin.py:190} INFO - [2025-04-24T08:04:59.201+0000] {dagbag.py:588} INFO - Filling up the DagBag from /opt/airflow/dags/crawl_f1_data.py
[2025-04-24T08:04:59.229+0000] {processor.py:925} INFO - DAG(s) 'crawl_f1_data' retrieved from /opt/airflow/dags/crawl_f1_data.py
[2025-04-24T08:04:59.259+0000] {logging_mixin.py:190} INFO - [2025-04-24T08:04:59.258+0000] {dag.py:3239} INFO - Sync 1 DAGs
[2025-04-24T08:04:59.285+0000] {logging_mixin.py:190} INFO - [2025-04-24T08:04:59.285+0000] {dag.py:4180} INFO - Setting next_dagrun for crawl_f1_data to 2025-04-01 00:00:00+00:00, run_after=2025-05-01 00:00:00+00:00
[2025-04-24T08:04:59.309+0000] {processor.py:208} INFO - Processing /opt/airflow/dags/crawl_f1_data.py took 0.117 seconds
[2025-04-24T08:05:29.462+0000] {processor.py:186} INFO - Started process (PID=1183) to work on /opt/airflow/dags/crawl_f1_data.py
[2025-04-24T08:05:29.463+0000] {processor.py:914} INFO - Processing file /opt/airflow/dags/crawl_f1_data.py for tasks to queue
[2025-04-24T08:05:29.466+0000] {logging_mixin.py:190} INFO - [2025-04-24T08:05:29.466+0000] {dagbag.py:588} INFO - Filling up the DagBag from /opt/airflow/dags/crawl_f1_data.py
[2025-04-24T08:05:29.493+0000] {processor.py:925} INFO - DAG(s) 'crawl_f1_data' retrieved from /opt/airflow/dags/crawl_f1_data.py
[2025-04-24T08:05:29.524+0000] {logging_mixin.py:190} INFO - [2025-04-24T08:05:29.523+0000] {dag.py:3239} INFO - Sync 1 DAGs
[2025-04-24T08:05:29.552+0000] {logging_mixin.py:190} INFO - [2025-04-24T08:05:29.551+0000] {dag.py:4180} INFO - Setting next_dagrun for crawl_f1_data to 2025-04-01 00:00:00+00:00, run_after=2025-05-01 00:00:00+00:00
[2025-04-24T08:05:29.576+0000] {processor.py:208} INFO - Processing /opt/airflow/dags/crawl_f1_data.py took 0.119 seconds
[2025-04-24T08:05:59.808+0000] {processor.py:186} INFO - Started process (PID=1188) to work on /opt/airflow/dags/crawl_f1_data.py
[2025-04-24T08:05:59.809+0000] {processor.py:914} INFO - Processing file /opt/airflow/dags/crawl_f1_data.py for tasks to queue
[2025-04-24T08:05:59.813+0000] {logging_mixin.py:190} INFO - [2025-04-24T08:05:59.812+0000] {dagbag.py:588} INFO - Filling up the DagBag from /opt/airflow/dags/crawl_f1_data.py
[2025-04-24T08:05:59.840+0000] {processor.py:925} INFO - DAG(s) 'crawl_f1_data' retrieved from /opt/airflow/dags/crawl_f1_data.py
[2025-04-24T08:05:59.867+0000] {logging_mixin.py:190} INFO - [2025-04-24T08:05:59.867+0000] {dag.py:3239} INFO - Sync 1 DAGs
[2025-04-24T08:05:59.893+0000] {logging_mixin.py:190} INFO - [2025-04-24T08:05:59.893+0000] {dag.py:4180} INFO - Setting next_dagrun for crawl_f1_data to 2025-04-01 00:00:00+00:00, run_after=2025-05-01 00:00:00+00:00
[2025-04-24T08:06:00.052+0000] {processor.py:208} INFO - Processing /opt/airflow/dags/crawl_f1_data.py took 0.249 seconds
[2025-04-24T08:06:30.343+0000] {processor.py:186} INFO - Started process (PID=1193) to work on /opt/airflow/dags/crawl_f1_data.py
[2025-04-24T08:06:30.344+0000] {processor.py:914} INFO - Processing file /opt/airflow/dags/crawl_f1_data.py for tasks to queue
[2025-04-24T08:06:30.349+0000] {logging_mixin.py:190} INFO - [2025-04-24T08:06:30.348+0000] {dagbag.py:588} INFO - Filling up the DagBag from /opt/airflow/dags/crawl_f1_data.py
[2025-04-24T08:06:30.376+0000] {processor.py:925} INFO - DAG(s) 'crawl_f1_data' retrieved from /opt/airflow/dags/crawl_f1_data.py
[2025-04-24T08:06:30.408+0000] {logging_mixin.py:190} INFO - [2025-04-24T08:06:30.408+0000] {dag.py:3239} INFO - Sync 1 DAGs
[2025-04-24T08:06:30.643+0000] {logging_mixin.py:190} INFO - [2025-04-24T08:06:30.642+0000] {dag.py:4180} INFO - Setting next_dagrun for crawl_f1_data to 2025-04-01 00:00:00+00:00, run_after=2025-05-01 00:00:00+00:00
[2025-04-24T08:06:30.673+0000] {processor.py:208} INFO - Processing /opt/airflow/dags/crawl_f1_data.py took 0.336 seconds
[2025-04-24T08:07:00.947+0000] {processor.py:186} INFO - Started process (PID=1198) to work on /opt/airflow/dags/crawl_f1_data.py
[2025-04-24T08:07:00.948+0000] {processor.py:914} INFO - Processing file /opt/airflow/dags/crawl_f1_data.py for tasks to queue
[2025-04-24T08:07:00.951+0000] {logging_mixin.py:190} INFO - [2025-04-24T08:07:00.951+0000] {dagbag.py:588} INFO - Filling up the DagBag from /opt/airflow/dags/crawl_f1_data.py
[2025-04-24T08:07:00.981+0000] {processor.py:925} INFO - DAG(s) 'crawl_f1_data' retrieved from /opt/airflow/dags/crawl_f1_data.py
[2025-04-24T08:07:01.011+0000] {logging_mixin.py:190} INFO - [2025-04-24T08:07:01.010+0000] {dag.py:3239} INFO - Sync 1 DAGs
[2025-04-24T08:07:01.037+0000] {logging_mixin.py:190} INFO - [2025-04-24T08:07:01.037+0000] {dag.py:4180} INFO - Setting next_dagrun for crawl_f1_data to 2025-04-01 00:00:00+00:00, run_after=2025-05-01 00:00:00+00:00
[2025-04-24T08:07:01.061+0000] {processor.py:208} INFO - Processing /opt/airflow/dags/crawl_f1_data.py took 0.120 seconds
[2025-04-24T08:07:31.200+0000] {processor.py:186} INFO - Started process (PID=1203) to work on /opt/airflow/dags/crawl_f1_data.py
[2025-04-24T08:07:31.201+0000] {processor.py:914} INFO - Processing file /opt/airflow/dags/crawl_f1_data.py for tasks to queue
[2025-04-24T08:07:31.204+0000] {logging_mixin.py:190} INFO - [2025-04-24T08:07:31.203+0000] {dagbag.py:588} INFO - Filling up the DagBag from /opt/airflow/dags/crawl_f1_data.py
[2025-04-24T08:07:31.235+0000] {processor.py:925} INFO - DAG(s) 'crawl_f1_data' retrieved from /opt/airflow/dags/crawl_f1_data.py
[2025-04-24T08:07:31.269+0000] {logging_mixin.py:190} INFO - [2025-04-24T08:07:31.268+0000] {dag.py:3239} INFO - Sync 1 DAGs
[2025-04-24T08:07:31.295+0000] {logging_mixin.py:190} INFO - [2025-04-24T08:07:31.295+0000] {dag.py:4180} INFO - Setting next_dagrun for crawl_f1_data to 2025-04-01 00:00:00+00:00, run_after=2025-05-01 00:00:00+00:00
[2025-04-24T08:07:31.318+0000] {processor.py:208} INFO - Processing /opt/airflow/dags/crawl_f1_data.py took 0.123 seconds
[2025-04-24T08:08:01.576+0000] {processor.py:186} INFO - Started process (PID=1208) to work on /opt/airflow/dags/crawl_f1_data.py
[2025-04-24T08:08:01.577+0000] {processor.py:914} INFO - Processing file /opt/airflow/dags/crawl_f1_data.py for tasks to queue
[2025-04-24T08:08:01.580+0000] {logging_mixin.py:190} INFO - [2025-04-24T08:08:01.580+0000] {dagbag.py:588} INFO - Filling up the DagBag from /opt/airflow/dags/crawl_f1_data.py
[2025-04-24T08:08:01.606+0000] {processor.py:925} INFO - DAG(s) 'crawl_f1_data' retrieved from /opt/airflow/dags/crawl_f1_data.py
[2025-04-24T08:08:01.637+0000] {logging_mixin.py:190} INFO - [2025-04-24T08:08:01.637+0000] {dag.py:3239} INFO - Sync 1 DAGs
[2025-04-24T08:08:01.664+0000] {logging_mixin.py:190} INFO - [2025-04-24T08:08:01.664+0000] {dag.py:4180} INFO - Setting next_dagrun for crawl_f1_data to 2025-04-01 00:00:00+00:00, run_after=2025-05-01 00:00:00+00:00
[2025-04-24T08:08:01.696+0000] {processor.py:208} INFO - Processing /opt/airflow/dags/crawl_f1_data.py took 0.126 seconds
[2025-04-24T08:08:31.838+0000] {processor.py:186} INFO - Started process (PID=1213) to work on /opt/airflow/dags/crawl_f1_data.py
[2025-04-24T08:08:31.839+0000] {processor.py:914} INFO - Processing file /opt/airflow/dags/crawl_f1_data.py for tasks to queue
[2025-04-24T08:08:31.841+0000] {logging_mixin.py:190} INFO - [2025-04-24T08:08:31.841+0000] {dagbag.py:588} INFO - Filling up the DagBag from /opt/airflow/dags/crawl_f1_data.py
[2025-04-24T08:08:31.870+0000] {processor.py:925} INFO - DAG(s) 'crawl_f1_data' retrieved from /opt/airflow/dags/crawl_f1_data.py
[2025-04-24T08:08:31.898+0000] {logging_mixin.py:190} INFO - [2025-04-24T08:08:31.898+0000] {dag.py:3239} INFO - Sync 1 DAGs
[2025-04-24T08:08:31.928+0000] {logging_mixin.py:190} INFO - [2025-04-24T08:08:31.927+0000] {dag.py:4180} INFO - Setting next_dagrun for crawl_f1_data to 2025-04-01 00:00:00+00:00, run_after=2025-05-01 00:00:00+00:00
[2025-04-24T08:08:31.960+0000] {processor.py:208} INFO - Processing /opt/airflow/dags/crawl_f1_data.py took 0.127 seconds
[2025-04-24T08:09:02.255+0000] {processor.py:186} INFO - Started process (PID=1218) to work on /opt/airflow/dags/crawl_f1_data.py
[2025-04-24T08:09:02.256+0000] {processor.py:914} INFO - Processing file /opt/airflow/dags/crawl_f1_data.py for tasks to queue
[2025-04-24T08:09:02.258+0000] {logging_mixin.py:190} INFO - [2025-04-24T08:09:02.258+0000] {dagbag.py:588} INFO - Filling up the DagBag from /opt/airflow/dags/crawl_f1_data.py
[2025-04-24T08:09:02.286+0000] {processor.py:925} INFO - DAG(s) 'crawl_f1_data' retrieved from /opt/airflow/dags/crawl_f1_data.py
[2025-04-24T08:09:02.313+0000] {logging_mixin.py:190} INFO - [2025-04-24T08:09:02.312+0000] {dag.py:3239} INFO - Sync 1 DAGs
[2025-04-24T08:09:02.466+0000] {logging_mixin.py:190} INFO - [2025-04-24T08:09:02.466+0000] {dag.py:4180} INFO - Setting next_dagrun for crawl_f1_data to 2025-04-01 00:00:00+00:00, run_after=2025-05-01 00:00:00+00:00
[2025-04-24T08:09:02.495+0000] {processor.py:208} INFO - Processing /opt/airflow/dags/crawl_f1_data.py took 0.245 seconds
[2025-04-24T08:09:32.799+0000] {processor.py:186} INFO - Started process (PID=1223) to work on /opt/airflow/dags/crawl_f1_data.py
[2025-04-24T08:09:32.800+0000] {processor.py:914} INFO - Processing file /opt/airflow/dags/crawl_f1_data.py for tasks to queue
[2025-04-24T08:09:32.803+0000] {logging_mixin.py:190} INFO - [2025-04-24T08:09:32.803+0000] {dagbag.py:588} INFO - Filling up the DagBag from /opt/airflow/dags/crawl_f1_data.py
[2025-04-24T08:09:32.830+0000] {processor.py:925} INFO - DAG(s) 'crawl_f1_data' retrieved from /opt/airflow/dags/crawl_f1_data.py
[2025-04-24T08:09:32.857+0000] {logging_mixin.py:190} INFO - [2025-04-24T08:09:32.857+0000] {dag.py:3239} INFO - Sync 1 DAGs
[2025-04-24T08:09:32.883+0000] {logging_mixin.py:190} INFO - [2025-04-24T08:09:32.883+0000] {dag.py:4180} INFO - Setting next_dagrun for crawl_f1_data to 2025-04-01 00:00:00+00:00, run_after=2025-05-01 00:00:00+00:00
[2025-04-24T08:09:32.913+0000] {processor.py:208} INFO - Processing /opt/airflow/dags/crawl_f1_data.py took 0.119 seconds
[2025-04-24T08:10:03.053+0000] {processor.py:186} INFO - Started process (PID=1228) to work on /opt/airflow/dags/crawl_f1_data.py
[2025-04-24T08:10:03.054+0000] {processor.py:914} INFO - Processing file /opt/airflow/dags/crawl_f1_data.py for tasks to queue
[2025-04-24T08:10:03.057+0000] {logging_mixin.py:190} INFO - [2025-04-24T08:10:03.056+0000] {dagbag.py:588} INFO - Filling up the DagBag from /opt/airflow/dags/crawl_f1_data.py
[2025-04-24T08:10:03.090+0000] {processor.py:925} INFO - DAG(s) 'crawl_f1_data' retrieved from /opt/airflow/dags/crawl_f1_data.py
[2025-04-24T08:10:03.128+0000] {logging_mixin.py:190} INFO - [2025-04-24T08:10:03.128+0000] {dag.py:3239} INFO - Sync 1 DAGs
[2025-04-24T08:10:03.156+0000] {logging_mixin.py:190} INFO - [2025-04-24T08:10:03.156+0000] {dag.py:4180} INFO - Setting next_dagrun for crawl_f1_data to 2025-04-01 00:00:00+00:00, run_after=2025-05-01 00:00:00+00:00
[2025-04-24T08:10:03.180+0000] {processor.py:208} INFO - Processing /opt/airflow/dags/crawl_f1_data.py took 0.133 seconds
[2025-04-24T08:10:33.453+0000] {processor.py:186} INFO - Started process (PID=1233) to work on /opt/airflow/dags/crawl_f1_data.py
[2025-04-24T08:10:33.454+0000] {processor.py:914} INFO - Processing file /opt/airflow/dags/crawl_f1_data.py for tasks to queue
[2025-04-24T08:10:33.458+0000] {logging_mixin.py:190} INFO - [2025-04-24T08:10:33.457+0000] {dagbag.py:588} INFO - Filling up the DagBag from /opt/airflow/dags/crawl_f1_data.py
[2025-04-24T08:10:33.487+0000] {processor.py:925} INFO - DAG(s) 'crawl_f1_data' retrieved from /opt/airflow/dags/crawl_f1_data.py
[2025-04-24T08:10:33.519+0000] {logging_mixin.py:190} INFO - [2025-04-24T08:10:33.519+0000] {dag.py:3239} INFO - Sync 1 DAGs
[2025-04-24T08:10:33.547+0000] {logging_mixin.py:190} INFO - [2025-04-24T08:10:33.547+0000] {dag.py:4180} INFO - Setting next_dagrun for crawl_f1_data to 2025-04-01 00:00:00+00:00, run_after=2025-05-01 00:00:00+00:00
[2025-04-24T08:10:33.574+0000] {processor.py:208} INFO - Processing /opt/airflow/dags/crawl_f1_data.py took 0.126 seconds
[2025-04-24T08:11:03.728+0000] {processor.py:186} INFO - Started process (PID=1238) to work on /opt/airflow/dags/crawl_f1_data.py
[2025-04-24T08:11:03.729+0000] {processor.py:914} INFO - Processing file /opt/airflow/dags/crawl_f1_data.py for tasks to queue
[2025-04-24T08:11:03.731+0000] {logging_mixin.py:190} INFO - [2025-04-24T08:11:03.731+0000] {dagbag.py:588} INFO - Filling up the DagBag from /opt/airflow/dags/crawl_f1_data.py
[2025-04-24T08:11:03.757+0000] {processor.py:925} INFO - DAG(s) 'crawl_f1_data' retrieved from /opt/airflow/dags/crawl_f1_data.py
[2025-04-24T08:11:03.785+0000] {logging_mixin.py:190} INFO - [2025-04-24T08:11:03.785+0000] {dag.py:3239} INFO - Sync 1 DAGs
[2025-04-24T08:11:03.811+0000] {logging_mixin.py:190} INFO - [2025-04-24T08:11:03.811+0000] {dag.py:4180} INFO - Setting next_dagrun for crawl_f1_data to 2025-04-01 00:00:00+00:00, run_after=2025-05-01 00:00:00+00:00
[2025-04-24T08:11:03.840+0000] {processor.py:208} INFO - Processing /opt/airflow/dags/crawl_f1_data.py took 0.117 seconds
[2025-04-24T08:11:34.123+0000] {processor.py:186} INFO - Started process (PID=1243) to work on /opt/airflow/dags/crawl_f1_data.py
[2025-04-24T08:11:34.124+0000] {processor.py:914} INFO - Processing file /opt/airflow/dags/crawl_f1_data.py for tasks to queue
[2025-04-24T08:11:34.126+0000] {logging_mixin.py:190} INFO - [2025-04-24T08:11:34.126+0000] {dagbag.py:588} INFO - Filling up the DagBag from /opt/airflow/dags/crawl_f1_data.py
[2025-04-24T08:11:34.162+0000] {processor.py:925} INFO - DAG(s) 'crawl_f1_data' retrieved from /opt/airflow/dags/crawl_f1_data.py
[2025-04-24T08:11:34.199+0000] {logging_mixin.py:190} INFO - [2025-04-24T08:11:34.199+0000] {dag.py:3239} INFO - Sync 1 DAGs
[2025-04-24T08:11:34.225+0000] {logging_mixin.py:190} INFO - [2025-04-24T08:11:34.225+0000] {dag.py:4180} INFO - Setting next_dagrun for crawl_f1_data to 2025-04-01 00:00:00+00:00, run_after=2025-05-01 00:00:00+00:00
[2025-04-24T08:11:34.376+0000] {processor.py:208} INFO - Processing /opt/airflow/dags/crawl_f1_data.py took 0.262 seconds
[2025-04-24T08:12:04.658+0000] {processor.py:186} INFO - Started process (PID=1248) to work on /opt/airflow/dags/crawl_f1_data.py
[2025-04-24T08:12:04.659+0000] {processor.py:914} INFO - Processing file /opt/airflow/dags/crawl_f1_data.py for tasks to queue
[2025-04-24T08:12:04.661+0000] {logging_mixin.py:190} INFO - [2025-04-24T08:12:04.661+0000] {dagbag.py:588} INFO - Filling up the DagBag from /opt/airflow/dags/crawl_f1_data.py
[2025-04-24T08:12:04.689+0000] {processor.py:925} INFO - DAG(s) 'crawl_f1_data' retrieved from /opt/airflow/dags/crawl_f1_data.py
[2025-04-24T08:12:04.717+0000] {logging_mixin.py:190} INFO - [2025-04-24T08:12:04.717+0000] {dag.py:3239} INFO - Sync 1 DAGs
[2025-04-24T08:12:04.903+0000] {logging_mixin.py:190} INFO - [2025-04-24T08:12:04.903+0000] {dag.py:4180} INFO - Setting next_dagrun for crawl_f1_data to 2025-04-01 00:00:00+00:00, run_after=2025-05-01 00:00:00+00:00
[2025-04-24T08:12:04.928+0000] {processor.py:208} INFO - Processing /opt/airflow/dags/crawl_f1_data.py took 0.275 seconds
[2025-04-24T08:12:35.229+0000] {processor.py:186} INFO - Started process (PID=1253) to work on /opt/airflow/dags/crawl_f1_data.py
[2025-04-24T08:12:35.231+0000] {processor.py:914} INFO - Processing file /opt/airflow/dags/crawl_f1_data.py for tasks to queue
[2025-04-24T08:12:35.233+0000] {logging_mixin.py:190} INFO - [2025-04-24T08:12:35.233+0000] {dagbag.py:588} INFO - Filling up the DagBag from /opt/airflow/dags/crawl_f1_data.py
[2025-04-24T08:12:35.264+0000] {processor.py:925} INFO - DAG(s) 'crawl_f1_data' retrieved from /opt/airflow/dags/crawl_f1_data.py
[2025-04-24T08:12:35.295+0000] {logging_mixin.py:190} INFO - [2025-04-24T08:12:35.295+0000] {dag.py:3239} INFO - Sync 1 DAGs
[2025-04-24T08:12:35.320+0000] {logging_mixin.py:190} INFO - [2025-04-24T08:12:35.320+0000] {dag.py:4180} INFO - Setting next_dagrun for crawl_f1_data to 2025-04-01 00:00:00+00:00, run_after=2025-05-01 00:00:00+00:00
[2025-04-24T08:12:35.342+0000] {processor.py:208} INFO - Processing /opt/airflow/dags/crawl_f1_data.py took 0.118 seconds
[2025-04-24T08:13:05.499+0000] {processor.py:186} INFO - Started process (PID=1258) to work on /opt/airflow/dags/crawl_f1_data.py
[2025-04-24T08:13:05.500+0000] {processor.py:914} INFO - Processing file /opt/airflow/dags/crawl_f1_data.py for tasks to queue
[2025-04-24T08:13:05.502+0000] {logging_mixin.py:190} INFO - [2025-04-24T08:13:05.502+0000] {dagbag.py:588} INFO - Filling up the DagBag from /opt/airflow/dags/crawl_f1_data.py
[2025-04-24T08:13:05.531+0000] {processor.py:925} INFO - DAG(s) 'crawl_f1_data' retrieved from /opt/airflow/dags/crawl_f1_data.py
[2025-04-24T08:13:05.563+0000] {logging_mixin.py:190} INFO - [2025-04-24T08:13:05.562+0000] {dag.py:3239} INFO - Sync 1 DAGs
[2025-04-24T08:13:05.596+0000] {logging_mixin.py:190} INFO - [2025-04-24T08:13:05.596+0000] {dag.py:4180} INFO - Setting next_dagrun for crawl_f1_data to 2025-04-01 00:00:00+00:00, run_after=2025-05-01 00:00:00+00:00
[2025-04-24T08:13:05.628+0000] {processor.py:208} INFO - Processing /opt/airflow/dags/crawl_f1_data.py took 0.135 seconds
[2025-04-24T08:13:35.901+0000] {processor.py:186} INFO - Started process (PID=1263) to work on /opt/airflow/dags/crawl_f1_data.py
[2025-04-24T08:13:35.902+0000] {processor.py:914} INFO - Processing file /opt/airflow/dags/crawl_f1_data.py for tasks to queue
[2025-04-24T08:13:35.905+0000] {logging_mixin.py:190} INFO - [2025-04-24T08:13:35.904+0000] {dagbag.py:588} INFO - Filling up the DagBag from /opt/airflow/dags/crawl_f1_data.py
[2025-04-24T08:13:35.939+0000] {processor.py:925} INFO - DAG(s) 'crawl_f1_data' retrieved from /opt/airflow/dags/crawl_f1_data.py
[2025-04-24T08:13:35.980+0000] {logging_mixin.py:190} INFO - [2025-04-24T08:13:35.979+0000] {dag.py:3239} INFO - Sync 1 DAGs
[2025-04-24T08:13:36.005+0000] {logging_mixin.py:190} INFO - [2025-04-24T08:13:36.005+0000] {dag.py:4180} INFO - Setting next_dagrun for crawl_f1_data to 2025-04-01 00:00:00+00:00, run_after=2025-05-01 00:00:00+00:00
[2025-04-24T08:13:36.029+0000] {processor.py:208} INFO - Processing /opt/airflow/dags/crawl_f1_data.py took 0.143 seconds
[2025-04-24T08:14:06.171+0000] {processor.py:186} INFO - Started process (PID=1268) to work on /opt/airflow/dags/crawl_f1_data.py
[2025-04-24T08:14:06.172+0000] {processor.py:914} INFO - Processing file /opt/airflow/dags/crawl_f1_data.py for tasks to queue
[2025-04-24T08:14:06.175+0000] {logging_mixin.py:190} INFO - [2025-04-24T08:14:06.175+0000] {dagbag.py:588} INFO - Filling up the DagBag from /opt/airflow/dags/crawl_f1_data.py
[2025-04-24T08:14:06.204+0000] {processor.py:925} INFO - DAG(s) 'crawl_f1_data' retrieved from /opt/airflow/dags/crawl_f1_data.py
[2025-04-24T08:14:06.236+0000] {logging_mixin.py:190} INFO - [2025-04-24T08:14:06.236+0000] {dag.py:3239} INFO - Sync 1 DAGs
[2025-04-24T08:14:06.263+0000] {logging_mixin.py:190} INFO - [2025-04-24T08:14:06.263+0000] {dag.py:4180} INFO - Setting next_dagrun for crawl_f1_data to 2025-04-01 00:00:00+00:00, run_after=2025-05-01 00:00:00+00:00
[2025-04-24T08:14:06.290+0000] {processor.py:208} INFO - Processing /opt/airflow/dags/crawl_f1_data.py took 0.125 seconds
[2025-04-24T08:14:36.429+0000] {processor.py:186} INFO - Started process (PID=1273) to work on /opt/airflow/dags/crawl_f1_data.py
[2025-04-24T08:14:36.430+0000] {processor.py:914} INFO - Processing file /opt/airflow/dags/crawl_f1_data.py for tasks to queue
[2025-04-24T08:14:36.433+0000] {logging_mixin.py:190} INFO - [2025-04-24T08:14:36.433+0000] {dagbag.py:588} INFO - Filling up the DagBag from /opt/airflow/dags/crawl_f1_data.py
[2025-04-24T08:14:36.459+0000] {processor.py:925} INFO - DAG(s) 'crawl_f1_data' retrieved from /opt/airflow/dags/crawl_f1_data.py
[2025-04-24T08:14:36.487+0000] {logging_mixin.py:190} INFO - [2025-04-24T08:14:36.487+0000] {dag.py:3239} INFO - Sync 1 DAGs
[2025-04-24T08:14:36.512+0000] {logging_mixin.py:190} INFO - [2025-04-24T08:14:36.512+0000] {dag.py:4180} INFO - Setting next_dagrun for crawl_f1_data to 2025-04-01 00:00:00+00:00, run_after=2025-05-01 00:00:00+00:00
[2025-04-24T08:14:36.679+0000] {processor.py:208} INFO - Processing /opt/airflow/dags/crawl_f1_data.py took 0.257 seconds
[2025-04-24T08:15:06.797+0000] {processor.py:186} INFO - Started process (PID=1278) to work on /opt/airflow/dags/crawl_f1_data.py
[2025-04-24T08:15:06.798+0000] {processor.py:914} INFO - Processing file /opt/airflow/dags/crawl_f1_data.py for tasks to queue
[2025-04-24T08:15:06.800+0000] {logging_mixin.py:190} INFO - [2025-04-24T08:15:06.800+0000] {dagbag.py:588} INFO - Filling up the DagBag from /opt/airflow/dags/crawl_f1_data.py
[2025-04-24T08:15:06.828+0000] {processor.py:925} INFO - DAG(s) 'crawl_f1_data' retrieved from /opt/airflow/dags/crawl_f1_data.py
[2025-04-24T08:15:06.857+0000] {logging_mixin.py:190} INFO - [2025-04-24T08:15:06.856+0000] {dag.py:3239} INFO - Sync 1 DAGs
[2025-04-24T08:15:07.023+0000] {logging_mixin.py:190} INFO - [2025-04-24T08:15:07.023+0000] {dag.py:4180} INFO - Setting next_dagrun for crawl_f1_data to 2025-04-01 00:00:00+00:00, run_after=2025-05-01 00:00:00+00:00
[2025-04-24T08:15:07.054+0000] {processor.py:208} INFO - Processing /opt/airflow/dags/crawl_f1_data.py took 0.262 seconds
[2025-04-24T08:15:37.197+0000] {processor.py:186} INFO - Started process (PID=1283) to work on /opt/airflow/dags/crawl_f1_data.py
[2025-04-24T08:15:37.199+0000] {processor.py:914} INFO - Processing file /opt/airflow/dags/crawl_f1_data.py for tasks to queue
[2025-04-24T08:15:37.201+0000] {logging_mixin.py:190} INFO - [2025-04-24T08:15:37.201+0000] {dagbag.py:588} INFO - Filling up the DagBag from /opt/airflow/dags/crawl_f1_data.py
[2025-04-24T08:15:37.229+0000] {processor.py:925} INFO - DAG(s) 'crawl_f1_data' retrieved from /opt/airflow/dags/crawl_f1_data.py
[2025-04-24T08:15:37.259+0000] {logging_mixin.py:190} INFO - [2025-04-24T08:15:37.258+0000] {dag.py:3239} INFO - Sync 1 DAGs
[2025-04-24T08:15:37.285+0000] {logging_mixin.py:190} INFO - [2025-04-24T08:15:37.285+0000] {dag.py:4180} INFO - Setting next_dagrun for crawl_f1_data to 2025-04-01 00:00:00+00:00, run_after=2025-05-01 00:00:00+00:00
[2025-04-24T08:15:37.309+0000] {processor.py:208} INFO - Processing /opt/airflow/dags/crawl_f1_data.py took 0.117 seconds
[2025-04-24T08:16:07.575+0000] {processor.py:186} INFO - Started process (PID=1288) to work on /opt/airflow/dags/crawl_f1_data.py
[2025-04-24T08:16:07.576+0000] {processor.py:914} INFO - Processing file /opt/airflow/dags/crawl_f1_data.py for tasks to queue
[2025-04-24T08:16:07.579+0000] {logging_mixin.py:190} INFO - [2025-04-24T08:16:07.578+0000] {dagbag.py:588} INFO - Filling up the DagBag from /opt/airflow/dags/crawl_f1_data.py
[2025-04-24T08:16:07.614+0000] {processor.py:925} INFO - DAG(s) 'crawl_f1_data' retrieved from /opt/airflow/dags/crawl_f1_data.py
[2025-04-24T08:16:07.652+0000] {logging_mixin.py:190} INFO - [2025-04-24T08:16:07.652+0000] {dag.py:3239} INFO - Sync 1 DAGs
[2025-04-24T08:16:07.677+0000] {logging_mixin.py:190} INFO - [2025-04-24T08:16:07.677+0000] {dag.py:4180} INFO - Setting next_dagrun for crawl_f1_data to 2025-04-01 00:00:00+00:00, run_after=2025-05-01 00:00:00+00:00
[2025-04-24T08:16:07.702+0000] {processor.py:208} INFO - Processing /opt/airflow/dags/crawl_f1_data.py took 0.136 seconds
[2025-04-24T08:16:37.821+0000] {processor.py:186} INFO - Started process (PID=1293) to work on /opt/airflow/dags/crawl_f1_data.py
[2025-04-24T08:16:37.822+0000] {processor.py:914} INFO - Processing file /opt/airflow/dags/crawl_f1_data.py for tasks to queue
[2025-04-24T08:16:37.824+0000] {logging_mixin.py:190} INFO - [2025-04-24T08:16:37.824+0000] {dagbag.py:588} INFO - Filling up the DagBag from /opt/airflow/dags/crawl_f1_data.py
[2025-04-24T08:16:37.851+0000] {processor.py:925} INFO - DAG(s) 'crawl_f1_data' retrieved from /opt/airflow/dags/crawl_f1_data.py
[2025-04-24T08:16:37.880+0000] {logging_mixin.py:190} INFO - [2025-04-24T08:16:37.879+0000] {dag.py:3239} INFO - Sync 1 DAGs
[2025-04-24T08:16:37.909+0000] {logging_mixin.py:190} INFO - [2025-04-24T08:16:37.908+0000] {dag.py:4180} INFO - Setting next_dagrun for crawl_f1_data to 2025-04-01 00:00:00+00:00, run_after=2025-05-01 00:00:00+00:00
[2025-04-24T08:16:37.939+0000] {processor.py:208} INFO - Processing /opt/airflow/dags/crawl_f1_data.py took 0.123 seconds
[2025-04-24T08:17:08.214+0000] {processor.py:186} INFO - Started process (PID=1298) to work on /opt/airflow/dags/crawl_f1_data.py
[2025-04-24T08:17:08.215+0000] {processor.py:914} INFO - Processing file /opt/airflow/dags/crawl_f1_data.py for tasks to queue
[2025-04-24T08:17:08.218+0000] {logging_mixin.py:190} INFO - [2025-04-24T08:17:08.217+0000] {dagbag.py:588} INFO - Filling up the DagBag from /opt/airflow/dags/crawl_f1_data.py
[2025-04-24T08:17:08.247+0000] {processor.py:925} INFO - DAG(s) 'crawl_f1_data' retrieved from /opt/airflow/dags/crawl_f1_data.py
[2025-04-24T08:17:08.274+0000] {logging_mixin.py:190} INFO - [2025-04-24T08:17:08.274+0000] {dag.py:3239} INFO - Sync 1 DAGs
[2025-04-24T08:17:08.301+0000] {logging_mixin.py:190} INFO - [2025-04-24T08:17:08.300+0000] {dag.py:4180} INFO - Setting next_dagrun for crawl_f1_data to 2025-04-01 00:00:00+00:00, run_after=2025-05-01 00:00:00+00:00
[2025-04-24T08:17:08.333+0000] {processor.py:208} INFO - Processing /opt/airflow/dags/crawl_f1_data.py took 0.124 seconds
[2025-04-24T08:17:38.470+0000] {processor.py:186} INFO - Started process (PID=1303) to work on /opt/airflow/dags/crawl_f1_data.py
[2025-04-24T08:17:38.472+0000] {processor.py:914} INFO - Processing file /opt/airflow/dags/crawl_f1_data.py for tasks to queue
[2025-04-24T08:17:38.474+0000] {logging_mixin.py:190} INFO - [2025-04-24T08:17:38.474+0000] {dagbag.py:588} INFO - Filling up the DagBag from /opt/airflow/dags/crawl_f1_data.py
[2025-04-24T08:17:38.503+0000] {processor.py:925} INFO - DAG(s) 'crawl_f1_data' retrieved from /opt/airflow/dags/crawl_f1_data.py
[2025-04-24T08:17:38.532+0000] {logging_mixin.py:190} INFO - [2025-04-24T08:17:38.532+0000] {dag.py:3239} INFO - Sync 1 DAGs
[2025-04-24T08:17:38.695+0000] {logging_mixin.py:190} INFO - [2025-04-24T08:17:38.695+0000] {dag.py:4180} INFO - Setting next_dagrun for crawl_f1_data to 2025-04-01 00:00:00+00:00, run_after=2025-05-01 00:00:00+00:00
[2025-04-24T08:17:38.725+0000] {processor.py:208} INFO - Processing /opt/airflow/dags/crawl_f1_data.py took 0.260 seconds
[2025-04-24T08:18:08.817+0000] {processor.py:186} INFO - Started process (PID=1308) to work on /opt/airflow/dags/crawl_f1_data.py
[2025-04-24T08:18:08.818+0000] {processor.py:914} INFO - Processing file /opt/airflow/dags/crawl_f1_data.py for tasks to queue
[2025-04-24T08:18:08.822+0000] {logging_mixin.py:190} INFO - [2025-04-24T08:18:08.822+0000] {dagbag.py:588} INFO - Filling up the DagBag from /opt/airflow/dags/crawl_f1_data.py
[2025-04-24T08:18:08.849+0000] {processor.py:925} INFO - DAG(s) 'crawl_f1_data' retrieved from /opt/airflow/dags/crawl_f1_data.py
[2025-04-24T08:18:08.878+0000] {logging_mixin.py:190} INFO - [2025-04-24T08:18:08.878+0000] {dag.py:3239} INFO - Sync 1 DAGs
[2025-04-24T08:18:09.045+0000] {logging_mixin.py:190} INFO - [2025-04-24T08:18:09.044+0000] {dag.py:4180} INFO - Setting next_dagrun for crawl_f1_data to 2025-04-01 00:00:00+00:00, run_after=2025-05-01 00:00:00+00:00
[2025-04-24T08:18:09.069+0000] {processor.py:208} INFO - Processing /opt/airflow/dags/crawl_f1_data.py took 0.257 seconds
[2025-04-24T08:18:39.237+0000] {processor.py:186} INFO - Started process (PID=1313) to work on /opt/airflow/dags/crawl_f1_data.py
[2025-04-24T08:18:39.238+0000] {processor.py:914} INFO - Processing file /opt/airflow/dags/crawl_f1_data.py for tasks to queue
[2025-04-24T08:18:39.240+0000] {logging_mixin.py:190} INFO - [2025-04-24T08:18:39.240+0000] {dagbag.py:588} INFO - Filling up the DagBag from /opt/airflow/dags/crawl_f1_data.py
[2025-04-24T08:18:39.269+0000] {processor.py:925} INFO - DAG(s) 'crawl_f1_data' retrieved from /opt/airflow/dags/crawl_f1_data.py
[2025-04-24T08:18:39.302+0000] {logging_mixin.py:190} INFO - [2025-04-24T08:18:39.302+0000] {dag.py:3239} INFO - Sync 1 DAGs
[2025-04-24T08:18:39.329+0000] {logging_mixin.py:190} INFO - [2025-04-24T08:18:39.329+0000] {dag.py:4180} INFO - Setting next_dagrun for crawl_f1_data to 2025-04-01 00:00:00+00:00, run_after=2025-05-01 00:00:00+00:00
[2025-04-24T08:18:39.363+0000] {processor.py:208} INFO - Processing /opt/airflow/dags/crawl_f1_data.py took 0.131 seconds
[2025-04-24T08:19:09.619+0000] {processor.py:186} INFO - Started process (PID=1318) to work on /opt/airflow/dags/crawl_f1_data.py
[2025-04-24T08:19:09.620+0000] {processor.py:914} INFO - Processing file /opt/airflow/dags/crawl_f1_data.py for tasks to queue
[2025-04-24T08:19:09.626+0000] {logging_mixin.py:190} INFO - [2025-04-24T08:19:09.625+0000] {dagbag.py:588} INFO - Filling up the DagBag from /opt/airflow/dags/crawl_f1_data.py
[2025-04-24T08:19:09.659+0000] {processor.py:925} INFO - DAG(s) 'crawl_f1_data' retrieved from /opt/airflow/dags/crawl_f1_data.py
[2025-04-24T08:19:09.688+0000] {logging_mixin.py:190} INFO - [2025-04-24T08:19:09.688+0000] {dag.py:3239} INFO - Sync 1 DAGs
[2025-04-24T08:19:09.714+0000] {logging_mixin.py:190} INFO - [2025-04-24T08:19:09.714+0000] {dag.py:4180} INFO - Setting next_dagrun for crawl_f1_data to 2025-04-01 00:00:00+00:00, run_after=2025-05-01 00:00:00+00:00
[2025-04-24T08:19:09.774+0000] {processor.py:208} INFO - Processing /opt/airflow/dags/crawl_f1_data.py took 0.161 seconds
[2025-04-24T08:19:39.871+0000] {processor.py:186} INFO - Started process (PID=1323) to work on /opt/airflow/dags/crawl_f1_data.py
[2025-04-24T08:19:39.871+0000] {processor.py:914} INFO - Processing file /opt/airflow/dags/crawl_f1_data.py for tasks to queue
[2025-04-24T08:19:39.874+0000] {logging_mixin.py:190} INFO - [2025-04-24T08:19:39.874+0000] {dagbag.py:588} INFO - Filling up the DagBag from /opt/airflow/dags/crawl_f1_data.py
[2025-04-24T08:19:39.904+0000] {processor.py:925} INFO - DAG(s) 'crawl_f1_data' retrieved from /opt/airflow/dags/crawl_f1_data.py
[2025-04-24T08:19:39.938+0000] {logging_mixin.py:190} INFO - [2025-04-24T08:19:39.938+0000] {dag.py:3239} INFO - Sync 1 DAGs
[2025-04-24T08:19:39.965+0000] {logging_mixin.py:190} INFO - [2025-04-24T08:19:39.964+0000] {dag.py:4180} INFO - Setting next_dagrun for crawl_f1_data to 2025-04-01 00:00:00+00:00, run_after=2025-05-01 00:00:00+00:00
[2025-04-24T08:19:39.988+0000] {processor.py:208} INFO - Processing /opt/airflow/dags/crawl_f1_data.py took 0.123 seconds
[2025-04-24T08:20:10.268+0000] {processor.py:186} INFO - Started process (PID=1328) to work on /opt/airflow/dags/crawl_f1_data.py
[2025-04-24T08:20:10.269+0000] {processor.py:914} INFO - Processing file /opt/airflow/dags/crawl_f1_data.py for tasks to queue
[2025-04-24T08:20:10.272+0000] {logging_mixin.py:190} INFO - [2025-04-24T08:20:10.271+0000] {dagbag.py:588} INFO - Filling up the DagBag from /opt/airflow/dags/crawl_f1_data.py
[2025-04-24T08:20:10.299+0000] {processor.py:925} INFO - DAG(s) 'crawl_f1_data' retrieved from /opt/airflow/dags/crawl_f1_data.py
[2025-04-24T08:20:10.333+0000] {logging_mixin.py:190} INFO - [2025-04-24T08:20:10.333+0000] {dag.py:3239} INFO - Sync 1 DAGs
[2025-04-24T08:20:10.366+0000] {logging_mixin.py:190} INFO - [2025-04-24T08:20:10.365+0000] {dag.py:4180} INFO - Setting next_dagrun for crawl_f1_data to 2025-04-01 00:00:00+00:00, run_after=2025-05-01 00:00:00+00:00
[2025-04-24T08:20:10.534+0000] {processor.py:208} INFO - Processing /opt/airflow/dags/crawl_f1_data.py took 0.271 seconds
[2025-04-24T08:20:40.823+0000] {processor.py:186} INFO - Started process (PID=1333) to work on /opt/airflow/dags/crawl_f1_data.py
[2025-04-24T08:20:40.824+0000] {processor.py:914} INFO - Processing file /opt/airflow/dags/crawl_f1_data.py for tasks to queue
[2025-04-24T08:20:40.826+0000] {logging_mixin.py:190} INFO - [2025-04-24T08:20:40.826+0000] {dagbag.py:588} INFO - Filling up the DagBag from /opt/airflow/dags/crawl_f1_data.py
[2025-04-24T08:20:40.855+0000] {processor.py:925} INFO - DAG(s) 'crawl_f1_data' retrieved from /opt/airflow/dags/crawl_f1_data.py
[2025-04-24T08:20:40.885+0000] {logging_mixin.py:190} INFO - [2025-04-24T08:20:40.885+0000] {dag.py:3239} INFO - Sync 1 DAGs
[2025-04-24T08:20:41.066+0000] {logging_mixin.py:190} INFO - [2025-04-24T08:20:41.066+0000] {dag.py:4180} INFO - Setting next_dagrun for crawl_f1_data to 2025-04-01 00:00:00+00:00, run_after=2025-05-01 00:00:00+00:00
[2025-04-24T08:20:41.091+0000] {processor.py:208} INFO - Processing /opt/airflow/dags/crawl_f1_data.py took 0.274 seconds
[2025-04-24T08:21:11.372+0000] {processor.py:186} INFO - Started process (PID=1338) to work on /opt/airflow/dags/crawl_f1_data.py
[2025-04-24T08:21:11.373+0000] {processor.py:914} INFO - Processing file /opt/airflow/dags/crawl_f1_data.py for tasks to queue
[2025-04-24T08:21:11.375+0000] {logging_mixin.py:190} INFO - [2025-04-24T08:21:11.375+0000] {dagbag.py:588} INFO - Filling up the DagBag from /opt/airflow/dags/crawl_f1_data.py
[2025-04-24T08:21:11.403+0000] {processor.py:925} INFO - DAG(s) 'crawl_f1_data' retrieved from /opt/airflow/dags/crawl_f1_data.py
[2025-04-24T08:21:11.433+0000] {logging_mixin.py:190} INFO - [2025-04-24T08:21:11.433+0000] {dag.py:3239} INFO - Sync 1 DAGs
[2025-04-24T08:21:11.592+0000] {logging_mixin.py:190} INFO - [2025-04-24T08:21:11.592+0000] {dag.py:4180} INFO - Setting next_dagrun for crawl_f1_data to 2025-04-01 00:00:00+00:00, run_after=2025-05-01 00:00:00+00:00
[2025-04-24T08:21:11.616+0000] {processor.py:208} INFO - Processing /opt/airflow/dags/crawl_f1_data.py took 0.249 seconds
[2025-04-24T08:21:41.892+0000] {processor.py:186} INFO - Started process (PID=1343) to work on /opt/airflow/dags/crawl_f1_data.py
[2025-04-24T08:21:41.893+0000] {processor.py:914} INFO - Processing file /opt/airflow/dags/crawl_f1_data.py for tasks to queue
[2025-04-24T08:21:41.895+0000] {logging_mixin.py:190} INFO - [2025-04-24T08:21:41.895+0000] {dagbag.py:588} INFO - Filling up the DagBag from /opt/airflow/dags/crawl_f1_data.py
[2025-04-24T08:21:41.924+0000] {processor.py:925} INFO - DAG(s) 'crawl_f1_data' retrieved from /opt/airflow/dags/crawl_f1_data.py
[2025-04-24T08:21:41.953+0000] {logging_mixin.py:190} INFO - [2025-04-24T08:21:41.952+0000] {dag.py:3239} INFO - Sync 1 DAGs
[2025-04-24T08:21:41.977+0000] {logging_mixin.py:190} INFO - [2025-04-24T08:21:41.977+0000] {dag.py:4180} INFO - Setting next_dagrun for crawl_f1_data to 2025-04-01 00:00:00+00:00, run_after=2025-05-01 00:00:00+00:00
[2025-04-24T08:21:42.002+0000] {processor.py:208} INFO - Processing /opt/airflow/dags/crawl_f1_data.py took 0.115 seconds
[2025-04-24T08:22:12.141+0000] {processor.py:186} INFO - Started process (PID=1348) to work on /opt/airflow/dags/crawl_f1_data.py
[2025-04-24T08:22:12.142+0000] {processor.py:914} INFO - Processing file /opt/airflow/dags/crawl_f1_data.py for tasks to queue
[2025-04-24T08:22:12.145+0000] {logging_mixin.py:190} INFO - [2025-04-24T08:22:12.145+0000] {dagbag.py:588} INFO - Filling up the DagBag from /opt/airflow/dags/crawl_f1_data.py
[2025-04-24T08:22:12.173+0000] {processor.py:925} INFO - DAG(s) 'crawl_f1_data' retrieved from /opt/airflow/dags/crawl_f1_data.py
[2025-04-24T08:22:12.202+0000] {logging_mixin.py:190} INFO - [2025-04-24T08:22:12.202+0000] {dag.py:3239} INFO - Sync 1 DAGs
[2025-04-24T08:22:12.231+0000] {logging_mixin.py:190} INFO - [2025-04-24T08:22:12.230+0000] {dag.py:4180} INFO - Setting next_dagrun for crawl_f1_data to 2025-04-01 00:00:00+00:00, run_after=2025-05-01 00:00:00+00:00
[2025-04-24T08:22:12.254+0000] {processor.py:208} INFO - Processing /opt/airflow/dags/crawl_f1_data.py took 0.118 seconds
[2025-04-24T08:22:42.507+0000] {processor.py:186} INFO - Started process (PID=1353) to work on /opt/airflow/dags/crawl_f1_data.py
[2025-04-24T08:22:42.508+0000] {processor.py:914} INFO - Processing file /opt/airflow/dags/crawl_f1_data.py for tasks to queue
[2025-04-24T08:22:42.510+0000] {logging_mixin.py:190} INFO - [2025-04-24T08:22:42.510+0000] {dagbag.py:588} INFO - Filling up the DagBag from /opt/airflow/dags/crawl_f1_data.py
[2025-04-24T08:22:42.538+0000] {processor.py:925} INFO - DAG(s) 'crawl_f1_data' retrieved from /opt/airflow/dags/crawl_f1_data.py
[2025-04-24T08:22:42.574+0000] {logging_mixin.py:190} INFO - [2025-04-24T08:22:42.573+0000] {dag.py:3239} INFO - Sync 1 DAGs
[2025-04-24T08:22:42.608+0000] {logging_mixin.py:190} INFO - [2025-04-24T08:22:42.608+0000] {dag.py:4180} INFO - Setting next_dagrun for crawl_f1_data to 2025-04-01 00:00:00+00:00, run_after=2025-05-01 00:00:00+00:00
[2025-04-24T08:22:42.637+0000] {processor.py:208} INFO - Processing /opt/airflow/dags/crawl_f1_data.py took 0.135 seconds
[2025-04-24T08:23:12.763+0000] {processor.py:186} INFO - Started process (PID=1358) to work on /opt/airflow/dags/crawl_f1_data.py
[2025-04-24T08:23:12.765+0000] {processor.py:914} INFO - Processing file /opt/airflow/dags/crawl_f1_data.py for tasks to queue
[2025-04-24T08:23:12.768+0000] {logging_mixin.py:190} INFO - [2025-04-24T08:23:12.767+0000] {dagbag.py:588} INFO - Filling up the DagBag from /opt/airflow/dags/crawl_f1_data.py
[2025-04-24T08:23:12.796+0000] {processor.py:925} INFO - DAG(s) 'crawl_f1_data' retrieved from /opt/airflow/dags/crawl_f1_data.py
[2025-04-24T08:23:12.827+0000] {logging_mixin.py:190} INFO - [2025-04-24T08:23:12.827+0000] {dag.py:3239} INFO - Sync 1 DAGs
[2025-04-24T08:23:12.855+0000] {logging_mixin.py:190} INFO - [2025-04-24T08:23:12.855+0000] {dag.py:4180} INFO - Setting next_dagrun for crawl_f1_data to 2025-04-01 00:00:00+00:00, run_after=2025-05-01 00:00:00+00:00
[2025-04-24T08:23:13.045+0000] {processor.py:208} INFO - Processing /opt/airflow/dags/crawl_f1_data.py took 0.288 seconds
[2025-04-24T08:23:43.247+0000] {processor.py:186} INFO - Started process (PID=1363) to work on /opt/airflow/dags/crawl_f1_data.py
[2025-04-24T08:23:43.248+0000] {processor.py:914} INFO - Processing file /opt/airflow/dags/crawl_f1_data.py for tasks to queue
[2025-04-24T08:23:43.252+0000] {logging_mixin.py:190} INFO - [2025-04-24T08:23:43.251+0000] {dagbag.py:588} INFO - Filling up the DagBag from /opt/airflow/dags/crawl_f1_data.py
[2025-04-24T08:23:43.287+0000] {processor.py:925} INFO - DAG(s) 'crawl_f1_data' retrieved from /opt/airflow/dags/crawl_f1_data.py
[2025-04-24T08:23:43.322+0000] {logging_mixin.py:190} INFO - [2025-04-24T08:23:43.321+0000] {dag.py:3239} INFO - Sync 1 DAGs
[2025-04-24T08:23:43.515+0000] {logging_mixin.py:190} INFO - [2025-04-24T08:23:43.515+0000] {dag.py:4180} INFO - Setting next_dagrun for crawl_f1_data to 2025-04-01 00:00:00+00:00, run_after=2025-05-01 00:00:00+00:00
[2025-04-24T08:23:43.542+0000] {processor.py:208} INFO - Processing /opt/airflow/dags/crawl_f1_data.py took 0.310 seconds
[2025-04-24T08:24:13.827+0000] {processor.py:186} INFO - Started process (PID=1368) to work on /opt/airflow/dags/crawl_f1_data.py
[2025-04-24T08:24:13.828+0000] {processor.py:914} INFO - Processing file /opt/airflow/dags/crawl_f1_data.py for tasks to queue
[2025-04-24T08:24:13.831+0000] {logging_mixin.py:190} INFO - [2025-04-24T08:24:13.831+0000] {dagbag.py:588} INFO - Filling up the DagBag from /opt/airflow/dags/crawl_f1_data.py
[2025-04-24T08:24:13.857+0000] {processor.py:925} INFO - DAG(s) 'crawl_f1_data' retrieved from /opt/airflow/dags/crawl_f1_data.py
[2025-04-24T08:24:13.887+0000] {logging_mixin.py:190} INFO - [2025-04-24T08:24:13.887+0000] {dag.py:3239} INFO - Sync 1 DAGs
[2025-04-24T08:24:13.915+0000] {logging_mixin.py:190} INFO - [2025-04-24T08:24:13.914+0000] {dag.py:4180} INFO - Setting next_dagrun for crawl_f1_data to 2025-04-01 00:00:00+00:00, run_after=2025-05-01 00:00:00+00:00
[2025-04-24T08:24:13.939+0000] {processor.py:208} INFO - Processing /opt/airflow/dags/crawl_f1_data.py took 0.119 seconds
[2025-04-24T08:24:44.067+0000] {processor.py:186} INFO - Started process (PID=1373) to work on /opt/airflow/dags/crawl_f1_data.py
[2025-04-24T08:24:44.069+0000] {processor.py:914} INFO - Processing file /opt/airflow/dags/crawl_f1_data.py for tasks to queue
[2025-04-24T08:24:44.071+0000] {logging_mixin.py:190} INFO - [2025-04-24T08:24:44.071+0000] {dagbag.py:588} INFO - Filling up the DagBag from /opt/airflow/dags/crawl_f1_data.py
[2025-04-24T08:24:44.109+0000] {processor.py:925} INFO - DAG(s) 'crawl_f1_data' retrieved from /opt/airflow/dags/crawl_f1_data.py
[2025-04-24T08:24:44.148+0000] {logging_mixin.py:190} INFO - [2025-04-24T08:24:44.148+0000] {dag.py:3239} INFO - Sync 1 DAGs
[2025-04-24T08:24:44.175+0000] {logging_mixin.py:190} INFO - [2025-04-24T08:24:44.175+0000] {dag.py:4180} INFO - Setting next_dagrun for crawl_f1_data to 2025-04-01 00:00:00+00:00, run_after=2025-05-01 00:00:00+00:00
[2025-04-24T08:24:44.198+0000] {processor.py:208} INFO - Processing /opt/airflow/dags/crawl_f1_data.py took 0.140 seconds
[2025-04-24T08:25:14.440+0000] {processor.py:186} INFO - Started process (PID=1378) to work on /opt/airflow/dags/crawl_f1_data.py
[2025-04-24T08:25:14.441+0000] {processor.py:914} INFO - Processing file /opt/airflow/dags/crawl_f1_data.py for tasks to queue
[2025-04-24T08:25:14.444+0000] {logging_mixin.py:190} INFO - [2025-04-24T08:25:14.443+0000] {dagbag.py:588} INFO - Filling up the DagBag from /opt/airflow/dags/crawl_f1_data.py
[2025-04-24T08:25:14.472+0000] {processor.py:925} INFO - DAG(s) 'crawl_f1_data' retrieved from /opt/airflow/dags/crawl_f1_data.py
[2025-04-24T08:25:14.500+0000] {logging_mixin.py:190} INFO - [2025-04-24T08:25:14.500+0000] {dag.py:3239} INFO - Sync 1 DAGs
[2025-04-24T08:25:14.528+0000] {logging_mixin.py:190} INFO - [2025-04-24T08:25:14.527+0000] {dag.py:4180} INFO - Setting next_dagrun for crawl_f1_data to 2025-04-01 00:00:00+00:00, run_after=2025-05-01 00:00:00+00:00
[2025-04-24T08:25:14.551+0000] {processor.py:208} INFO - Processing /opt/airflow/dags/crawl_f1_data.py took 0.116 seconds
[2025-04-24T08:25:44.697+0000] {processor.py:186} INFO - Started process (PID=1383) to work on /opt/airflow/dags/crawl_f1_data.py
[2025-04-24T08:25:44.698+0000] {processor.py:914} INFO - Processing file /opt/airflow/dags/crawl_f1_data.py for tasks to queue
[2025-04-24T08:25:44.700+0000] {logging_mixin.py:190} INFO - [2025-04-24T08:25:44.700+0000] {dagbag.py:588} INFO - Filling up the DagBag from /opt/airflow/dags/crawl_f1_data.py
[2025-04-24T08:25:44.729+0000] {processor.py:925} INFO - DAG(s) 'crawl_f1_data' retrieved from /opt/airflow/dags/crawl_f1_data.py
[2025-04-24T08:25:44.759+0000] {logging_mixin.py:190} INFO - [2025-04-24T08:25:44.758+0000] {dag.py:3239} INFO - Sync 1 DAGs
[2025-04-24T08:25:44.787+0000] {logging_mixin.py:190} INFO - [2025-04-24T08:25:44.787+0000] {dag.py:4180} INFO - Setting next_dagrun for crawl_f1_data to 2025-04-01 00:00:00+00:00, run_after=2025-05-01 00:00:00+00:00
[2025-04-24T08:25:44.957+0000] {processor.py:208} INFO - Processing /opt/airflow/dags/crawl_f1_data.py took 0.266 seconds
[2025-04-24T08:26:15.045+0000] {processor.py:186} INFO - Started process (PID=1388) to work on /opt/airflow/dags/crawl_f1_data.py
[2025-04-24T08:26:15.046+0000] {processor.py:914} INFO - Processing file /opt/airflow/dags/crawl_f1_data.py for tasks to queue
[2025-04-24T08:26:15.049+0000] {logging_mixin.py:190} INFO - [2025-04-24T08:26:15.049+0000] {dagbag.py:588} INFO - Filling up the DagBag from /opt/airflow/dags/crawl_f1_data.py
[2025-04-24T08:26:15.077+0000] {processor.py:925} INFO - DAG(s) 'crawl_f1_data' retrieved from /opt/airflow/dags/crawl_f1_data.py
[2025-04-24T08:26:15.106+0000] {logging_mixin.py:190} INFO - [2025-04-24T08:26:15.105+0000] {dag.py:3239} INFO - Sync 1 DAGs
[2025-04-24T08:26:15.280+0000] {logging_mixin.py:190} INFO - [2025-04-24T08:26:15.280+0000] {dag.py:4180} INFO - Setting next_dagrun for crawl_f1_data to 2025-04-01 00:00:00+00:00, run_after=2025-05-01 00:00:00+00:00
[2025-04-24T08:26:15.300+0000] {processor.py:208} INFO - Processing /opt/airflow/dags/crawl_f1_data.py took 0.260 seconds
[2025-04-24T08:26:45.468+0000] {processor.py:186} INFO - Started process (PID=1393) to work on /opt/airflow/dags/crawl_f1_data.py
[2025-04-24T08:26:45.469+0000] {processor.py:914} INFO - Processing file /opt/airflow/dags/crawl_f1_data.py for tasks to queue
[2025-04-24T08:26:45.472+0000] {logging_mixin.py:190} INFO - [2025-04-24T08:26:45.472+0000] {dagbag.py:588} INFO - Filling up the DagBag from /opt/airflow/dags/crawl_f1_data.py
[2025-04-24T08:26:45.505+0000] {processor.py:925} INFO - DAG(s) 'crawl_f1_data' retrieved from /opt/airflow/dags/crawl_f1_data.py
[2025-04-24T08:26:45.556+0000] {logging_mixin.py:190} INFO - [2025-04-24T08:26:45.556+0000] {dag.py:3239} INFO - Sync 1 DAGs
[2025-04-24T08:26:45.747+0000] {logging_mixin.py:190} INFO - [2025-04-24T08:26:45.747+0000] {dag.py:4180} INFO - Setting next_dagrun for crawl_f1_data to 2025-04-01 00:00:00+00:00, run_after=2025-05-01 00:00:00+00:00
[2025-04-24T08:26:45.774+0000] {processor.py:208} INFO - Processing /opt/airflow/dags/crawl_f1_data.py took 0.314 seconds
[2025-04-24T08:27:16.049+0000] {processor.py:186} INFO - Started process (PID=1398) to work on /opt/airflow/dags/crawl_f1_data.py
[2025-04-24T08:27:16.050+0000] {processor.py:914} INFO - Processing file /opt/airflow/dags/crawl_f1_data.py for tasks to queue
[2025-04-24T08:27:16.053+0000] {logging_mixin.py:190} INFO - [2025-04-24T08:27:16.053+0000] {dagbag.py:588} INFO - Filling up the DagBag from /opt/airflow/dags/crawl_f1_data.py
[2025-04-24T08:27:16.083+0000] {processor.py:925} INFO - DAG(s) 'crawl_f1_data' retrieved from /opt/airflow/dags/crawl_f1_data.py
[2025-04-24T08:27:16.111+0000] {logging_mixin.py:190} INFO - [2025-04-24T08:27:16.111+0000] {dag.py:3239} INFO - Sync 1 DAGs
[2025-04-24T08:27:16.139+0000] {logging_mixin.py:190} INFO - [2025-04-24T08:27:16.139+0000] {dag.py:4180} INFO - Setting next_dagrun for crawl_f1_data to 2025-04-01 00:00:00+00:00, run_after=2025-05-01 00:00:00+00:00
[2025-04-24T08:27:16.163+0000] {processor.py:208} INFO - Processing /opt/airflow/dags/crawl_f1_data.py took 0.119 seconds
[2025-04-24T08:27:46.304+0000] {processor.py:186} INFO - Started process (PID=1403) to work on /opt/airflow/dags/crawl_f1_data.py
[2025-04-24T08:27:46.305+0000] {processor.py:914} INFO - Processing file /opt/airflow/dags/crawl_f1_data.py for tasks to queue
[2025-04-24T08:27:46.308+0000] {logging_mixin.py:190} INFO - [2025-04-24T08:27:46.307+0000] {dagbag.py:588} INFO - Filling up the DagBag from /opt/airflow/dags/crawl_f1_data.py
[2025-04-24T08:27:46.343+0000] {processor.py:925} INFO - DAG(s) 'crawl_f1_data' retrieved from /opt/airflow/dags/crawl_f1_data.py
[2025-04-24T08:27:46.381+0000] {logging_mixin.py:190} INFO - [2025-04-24T08:27:46.381+0000] {dag.py:3239} INFO - Sync 1 DAGs
[2025-04-24T08:27:46.409+0000] {logging_mixin.py:190} INFO - [2025-04-24T08:27:46.408+0000] {dag.py:4180} INFO - Setting next_dagrun for crawl_f1_data to 2025-04-01 00:00:00+00:00, run_after=2025-05-01 00:00:00+00:00
[2025-04-24T08:27:46.434+0000] {processor.py:208} INFO - Processing /opt/airflow/dags/crawl_f1_data.py took 0.137 seconds
[2025-04-24T08:28:16.658+0000] {processor.py:186} INFO - Started process (PID=1408) to work on /opt/airflow/dags/crawl_f1_data.py
[2025-04-24T08:28:16.659+0000] {processor.py:914} INFO - Processing file /opt/airflow/dags/crawl_f1_data.py for tasks to queue
[2025-04-24T08:28:16.661+0000] {logging_mixin.py:190} INFO - [2025-04-24T08:28:16.660+0000] {dagbag.py:588} INFO - Filling up the DagBag from /opt/airflow/dags/crawl_f1_data.py
[2025-04-24T08:28:16.687+0000] {processor.py:925} INFO - DAG(s) 'crawl_f1_data' retrieved from /opt/airflow/dags/crawl_f1_data.py
[2025-04-24T08:28:16.716+0000] {logging_mixin.py:190} INFO - [2025-04-24T08:28:16.716+0000] {dag.py:3239} INFO - Sync 1 DAGs
[2025-04-24T08:28:16.745+0000] {logging_mixin.py:190} INFO - [2025-04-24T08:28:16.745+0000] {dag.py:4180} INFO - Setting next_dagrun for crawl_f1_data to 2025-04-01 00:00:00+00:00, run_after=2025-05-01 00:00:00+00:00
[2025-04-24T08:28:16.770+0000] {processor.py:208} INFO - Processing /opt/airflow/dags/crawl_f1_data.py took 0.118 seconds
[2025-04-24T08:28:46.975+0000] {processor.py:186} INFO - Started process (PID=1413) to work on /opt/airflow/dags/crawl_f1_data.py
[2025-04-24T08:28:46.976+0000] {processor.py:914} INFO - Processing file /opt/airflow/dags/crawl_f1_data.py for tasks to queue
[2025-04-24T08:28:46.979+0000] {logging_mixin.py:190} INFO - [2025-04-24T08:28:46.979+0000] {dagbag.py:588} INFO - Filling up the DagBag from /opt/airflow/dags/crawl_f1_data.py
[2025-04-24T08:28:47.006+0000] {processor.py:925} INFO - DAG(s) 'crawl_f1_data' retrieved from /opt/airflow/dags/crawl_f1_data.py
[2025-04-24T08:28:47.035+0000] {logging_mixin.py:190} INFO - [2025-04-24T08:28:47.034+0000] {dag.py:3239} INFO - Sync 1 DAGs
[2025-04-24T08:28:47.063+0000] {logging_mixin.py:190} INFO - [2025-04-24T08:28:47.062+0000] {dag.py:4180} INFO - Setting next_dagrun for crawl_f1_data to 2025-04-01 00:00:00+00:00, run_after=2025-05-01 00:00:00+00:00
[2025-04-24T08:28:47.230+0000] {processor.py:208} INFO - Processing /opt/airflow/dags/crawl_f1_data.py took 0.260 seconds
[2025-04-24T08:29:17.501+0000] {processor.py:186} INFO - Started process (PID=1418) to work on /opt/airflow/dags/crawl_f1_data.py
[2025-04-24T08:29:17.502+0000] {processor.py:914} INFO - Processing file /opt/airflow/dags/crawl_f1_data.py for tasks to queue
[2025-04-24T08:29:17.505+0000] {logging_mixin.py:190} INFO - [2025-04-24T08:29:17.505+0000] {dagbag.py:588} INFO - Filling up the DagBag from /opt/airflow/dags/crawl_f1_data.py
[2025-04-24T08:29:17.536+0000] {processor.py:925} INFO - DAG(s) 'crawl_f1_data' retrieved from /opt/airflow/dags/crawl_f1_data.py
[2025-04-24T08:29:17.568+0000] {logging_mixin.py:190} INFO - [2025-04-24T08:29:17.568+0000] {dag.py:3239} INFO - Sync 1 DAGs
[2025-04-24T08:29:17.757+0000] {logging_mixin.py:190} INFO - [2025-04-24T08:29:17.756+0000] {dag.py:4180} INFO - Setting next_dagrun for crawl_f1_data to 2025-04-01 00:00:00+00:00, run_after=2025-05-01 00:00:00+00:00
[2025-04-24T08:29:17.779+0000] {processor.py:208} INFO - Processing /opt/airflow/dags/crawl_f1_data.py took 0.284 seconds
[2025-04-24T08:29:48.073+0000] {processor.py:186} INFO - Started process (PID=1423) to work on /opt/airflow/dags/crawl_f1_data.py
[2025-04-24T08:29:48.074+0000] {processor.py:914} INFO - Processing file /opt/airflow/dags/crawl_f1_data.py for tasks to queue
[2025-04-24T08:29:48.076+0000] {logging_mixin.py:190} INFO - [2025-04-24T08:29:48.076+0000] {dagbag.py:588} INFO - Filling up the DagBag from /opt/airflow/dags/crawl_f1_data.py
[2025-04-24T08:29:48.112+0000] {processor.py:925} INFO - DAG(s) 'crawl_f1_data' retrieved from /opt/airflow/dags/crawl_f1_data.py
[2025-04-24T08:29:48.290+0000] {logging_mixin.py:190} INFO - [2025-04-24T08:29:48.290+0000] {dag.py:3239} INFO - Sync 1 DAGs
[2025-04-24T08:29:48.313+0000] {logging_mixin.py:190} INFO - [2025-04-24T08:29:48.313+0000] {dag.py:4180} INFO - Setting next_dagrun for crawl_f1_data to 2025-04-01 00:00:00+00:00, run_after=2025-05-01 00:00:00+00:00
[2025-04-24T08:29:48.337+0000] {processor.py:208} INFO - Processing /opt/airflow/dags/crawl_f1_data.py took 0.270 seconds
[2025-04-24T08:30:18.631+0000] {processor.py:186} INFO - Started process (PID=1428) to work on /opt/airflow/dags/crawl_f1_data.py
[2025-04-24T08:30:18.633+0000] {processor.py:914} INFO - Processing file /opt/airflow/dags/crawl_f1_data.py for tasks to queue
[2025-04-24T08:30:18.636+0000] {logging_mixin.py:190} INFO - [2025-04-24T08:30:18.635+0000] {dagbag.py:588} INFO - Filling up the DagBag from /opt/airflow/dags/crawl_f1_data.py
[2025-04-24T08:30:18.664+0000] {processor.py:925} INFO - DAG(s) 'crawl_f1_data' retrieved from /opt/airflow/dags/crawl_f1_data.py
[2025-04-24T08:30:18.693+0000] {logging_mixin.py:190} INFO - [2025-04-24T08:30:18.693+0000] {dag.py:3239} INFO - Sync 1 DAGs
[2025-04-24T08:30:18.720+0000] {logging_mixin.py:190} INFO - [2025-04-24T08:30:18.720+0000] {dag.py:4180} INFO - Setting next_dagrun for crawl_f1_data to 2025-04-01 00:00:00+00:00, run_after=2025-05-01 00:00:00+00:00
[2025-04-24T08:30:18.744+0000] {processor.py:208} INFO - Processing /opt/airflow/dags/crawl_f1_data.py took 0.119 seconds
[2025-04-24T08:30:48.905+0000] {processor.py:186} INFO - Started process (PID=1433) to work on /opt/airflow/dags/crawl_f1_data.py
[2025-04-24T08:30:48.906+0000] {processor.py:914} INFO - Processing file /opt/airflow/dags/crawl_f1_data.py for tasks to queue
[2025-04-24T08:30:48.910+0000] {logging_mixin.py:190} INFO - [2025-04-24T08:30:48.910+0000] {dagbag.py:588} INFO - Filling up the DagBag from /opt/airflow/dags/crawl_f1_data.py
[2025-04-24T08:30:48.940+0000] {processor.py:925} INFO - DAG(s) 'crawl_f1_data' retrieved from /opt/airflow/dags/crawl_f1_data.py
[2025-04-24T08:30:48.973+0000] {logging_mixin.py:190} INFO - [2025-04-24T08:30:48.973+0000] {dag.py:3239} INFO - Sync 1 DAGs
[2025-04-24T08:30:49.029+0000] {logging_mixin.py:190} INFO - [2025-04-24T08:30:49.029+0000] {dag.py:4180} INFO - Setting next_dagrun for crawl_f1_data to 2025-04-01 00:00:00+00:00, run_after=2025-05-01 00:00:00+00:00
[2025-04-24T08:30:49.055+0000] {processor.py:208} INFO - Processing /opt/airflow/dags/crawl_f1_data.py took 0.157 seconds
[2025-04-24T08:31:19.250+0000] {processor.py:186} INFO - Started process (PID=1438) to work on /opt/airflow/dags/crawl_f1_data.py
[2025-04-24T08:31:19.251+0000] {processor.py:914} INFO - Processing file /opt/airflow/dags/crawl_f1_data.py for tasks to queue
[2025-04-24T08:31:19.253+0000] {logging_mixin.py:190} INFO - [2025-04-24T08:31:19.253+0000] {dagbag.py:588} INFO - Filling up the DagBag from /opt/airflow/dags/crawl_f1_data.py
[2025-04-24T08:31:19.272+0000] {processor.py:925} INFO - DAG(s) 'crawl_f1_data' retrieved from /opt/airflow/dags/crawl_f1_data.py
[2025-04-24T08:31:19.295+0000] {logging_mixin.py:190} INFO - [2025-04-24T08:31:19.294+0000] {dag.py:3239} INFO - Sync 1 DAGs
[2025-04-24T08:31:19.316+0000] {logging_mixin.py:190} INFO - [2025-04-24T08:31:19.315+0000] {dag.py:4180} INFO - Setting next_dagrun for crawl_f1_data to 2025-04-01 00:00:00+00:00, run_after=2025-05-01 00:00:00+00:00
[2025-04-24T08:31:19.334+0000] {processor.py:208} INFO - Processing /opt/airflow/dags/crawl_f1_data.py took 0.089 seconds
[2025-04-24T08:31:49.492+0000] {processor.py:186} INFO - Started process (PID=1443) to work on /opt/airflow/dags/crawl_f1_data.py
[2025-04-24T08:31:49.493+0000] {processor.py:914} INFO - Processing file /opt/airflow/dags/crawl_f1_data.py for tasks to queue
[2025-04-24T08:31:49.495+0000] {logging_mixin.py:190} INFO - [2025-04-24T08:31:49.494+0000] {dagbag.py:588} INFO - Filling up the DagBag from /opt/airflow/dags/crawl_f1_data.py
[2025-04-24T08:31:49.515+0000] {processor.py:925} INFO - DAG(s) 'crawl_f1_data' retrieved from /opt/airflow/dags/crawl_f1_data.py
[2025-04-24T08:31:49.542+0000] {logging_mixin.py:190} INFO - [2025-04-24T08:31:49.541+0000] {dag.py:3239} INFO - Sync 1 DAGs
[2025-04-24T08:31:49.707+0000] {logging_mixin.py:190} INFO - [2025-04-24T08:31:49.707+0000] {dag.py:4180} INFO - Setting next_dagrun for crawl_f1_data to 2025-04-01 00:00:00+00:00, run_after=2025-05-01 00:00:00+00:00
[2025-04-24T08:31:49.727+0000] {processor.py:208} INFO - Processing /opt/airflow/dags/crawl_f1_data.py took 0.240 seconds
[2025-04-24T08:32:19.941+0000] {processor.py:186} INFO - Started process (PID=1448) to work on /opt/airflow/dags/crawl_f1_data.py
[2025-04-24T08:32:19.942+0000] {processor.py:914} INFO - Processing file /opt/airflow/dags/crawl_f1_data.py for tasks to queue
[2025-04-24T08:32:19.944+0000] {logging_mixin.py:190} INFO - [2025-04-24T08:32:19.943+0000] {dagbag.py:588} INFO - Filling up the DagBag from /opt/airflow/dags/crawl_f1_data.py
[2025-04-24T08:32:19.963+0000] {processor.py:925} INFO - DAG(s) 'crawl_f1_data' retrieved from /opt/airflow/dags/crawl_f1_data.py
[2025-04-24T08:32:19.988+0000] {logging_mixin.py:190} INFO - [2025-04-24T08:32:19.988+0000] {dag.py:3239} INFO - Sync 1 DAGs
[2025-04-24T08:32:20.163+0000] {logging_mixin.py:190} INFO - [2025-04-24T08:32:20.163+0000] {dag.py:4180} INFO - Setting next_dagrun for crawl_f1_data to 2025-04-01 00:00:00+00:00, run_after=2025-05-01 00:00:00+00:00
[2025-04-24T08:32:20.202+0000] {processor.py:208} INFO - Processing /opt/airflow/dags/crawl_f1_data.py took 0.266 seconds
[2025-04-24T08:32:50.433+0000] {processor.py:186} INFO - Started process (PID=1453) to work on /opt/airflow/dags/crawl_f1_data.py
[2025-04-24T08:32:50.434+0000] {processor.py:914} INFO - Processing file /opt/airflow/dags/crawl_f1_data.py for tasks to queue
[2025-04-24T08:32:50.437+0000] {logging_mixin.py:190} INFO - [2025-04-24T08:32:50.436+0000] {dagbag.py:588} INFO - Filling up the DagBag from /opt/airflow/dags/crawl_f1_data.py
[2025-04-24T08:32:50.461+0000] {processor.py:925} INFO - DAG(s) 'crawl_f1_data' retrieved from /opt/airflow/dags/crawl_f1_data.py
[2025-04-24T08:32:50.633+0000] {logging_mixin.py:190} INFO - [2025-04-24T08:32:50.633+0000] {dag.py:3239} INFO - Sync 1 DAGs
[2025-04-24T08:32:50.658+0000] {logging_mixin.py:190} INFO - [2025-04-24T08:32:50.657+0000] {dag.py:4180} INFO - Setting next_dagrun for crawl_f1_data to 2025-04-01 00:00:00+00:00, run_after=2025-05-01 00:00:00+00:00
[2025-04-24T08:32:50.678+0000] {processor.py:208} INFO - Processing /opt/airflow/dags/crawl_f1_data.py took 0.251 seconds
[2025-04-24T08:33:20.929+0000] {processor.py:186} INFO - Started process (PID=1458) to work on /opt/airflow/dags/crawl_f1_data.py
[2025-04-24T08:33:20.930+0000] {processor.py:914} INFO - Processing file /opt/airflow/dags/crawl_f1_data.py for tasks to queue
[2025-04-24T08:33:20.932+0000] {logging_mixin.py:190} INFO - [2025-04-24T08:33:20.932+0000] {dagbag.py:588} INFO - Filling up the DagBag from /opt/airflow/dags/crawl_f1_data.py
[2025-04-24T08:33:20.955+0000] {processor.py:925} INFO - DAG(s) 'crawl_f1_data' retrieved from /opt/airflow/dags/crawl_f1_data.py
[2025-04-24T08:33:20.981+0000] {logging_mixin.py:190} INFO - [2025-04-24T08:33:20.980+0000] {dag.py:3239} INFO - Sync 1 DAGs
[2025-04-24T08:33:21.007+0000] {logging_mixin.py:190} INFO - [2025-04-24T08:33:21.007+0000] {dag.py:4180} INFO - Setting next_dagrun for crawl_f1_data to 2025-04-01 00:00:00+00:00, run_after=2025-05-01 00:00:00+00:00
[2025-04-24T08:33:21.028+0000] {processor.py:208} INFO - Processing /opt/airflow/dags/crawl_f1_data.py took 0.107 seconds
[2025-04-24T08:33:51.180+0000] {processor.py:186} INFO - Started process (PID=1463) to work on /opt/airflow/dags/crawl_f1_data.py
[2025-04-24T08:33:51.181+0000] {processor.py:914} INFO - Processing file /opt/airflow/dags/crawl_f1_data.py for tasks to queue
[2025-04-24T08:33:51.183+0000] {logging_mixin.py:190} INFO - [2025-04-24T08:33:51.183+0000] {dagbag.py:588} INFO - Filling up the DagBag from /opt/airflow/dags/crawl_f1_data.py
[2025-04-24T08:33:51.204+0000] {processor.py:925} INFO - DAG(s) 'crawl_f1_data' retrieved from /opt/airflow/dags/crawl_f1_data.py
[2025-04-24T08:33:51.229+0000] {logging_mixin.py:190} INFO - [2025-04-24T08:33:51.229+0000] {dag.py:3239} INFO - Sync 1 DAGs
[2025-04-24T08:33:51.256+0000] {logging_mixin.py:190} INFO - [2025-04-24T08:33:51.255+0000] {dag.py:4180} INFO - Setting next_dagrun for crawl_f1_data to 2025-04-01 00:00:00+00:00, run_after=2025-05-01 00:00:00+00:00
[2025-04-24T08:33:51.277+0000] {processor.py:208} INFO - Processing /opt/airflow/dags/crawl_f1_data.py took 0.102 seconds
[2025-04-24T08:34:21.473+0000] {processor.py:186} INFO - Started process (PID=1468) to work on /opt/airflow/dags/crawl_f1_data.py
[2025-04-24T08:34:21.474+0000] {processor.py:914} INFO - Processing file /opt/airflow/dags/crawl_f1_data.py for tasks to queue
[2025-04-24T08:34:21.476+0000] {logging_mixin.py:190} INFO - [2025-04-24T08:34:21.476+0000] {dagbag.py:588} INFO - Filling up the DagBag from /opt/airflow/dags/crawl_f1_data.py
[2025-04-24T08:34:21.498+0000] {processor.py:925} INFO - DAG(s) 'crawl_f1_data' retrieved from /opt/airflow/dags/crawl_f1_data.py
[2025-04-24T08:34:21.524+0000] {logging_mixin.py:190} INFO - [2025-04-24T08:34:21.524+0000] {dag.py:3239} INFO - Sync 1 DAGs
[2025-04-24T08:34:21.545+0000] {logging_mixin.py:190} INFO - [2025-04-24T08:34:21.545+0000] {dag.py:4180} INFO - Setting next_dagrun for crawl_f1_data to 2025-04-01 00:00:00+00:00, run_after=2025-05-01 00:00:00+00:00
[2025-04-24T08:34:21.687+0000] {processor.py:208} INFO - Processing /opt/airflow/dags/crawl_f1_data.py took 0.220 seconds
[2025-04-24T08:34:51.892+0000] {processor.py:186} INFO - Started process (PID=1473) to work on /opt/airflow/dags/crawl_f1_data.py
[2025-04-24T08:34:51.893+0000] {processor.py:914} INFO - Processing file /opt/airflow/dags/crawl_f1_data.py for tasks to queue
[2025-04-24T08:34:51.895+0000] {logging_mixin.py:190} INFO - [2025-04-24T08:34:51.895+0000] {dagbag.py:588} INFO - Filling up the DagBag from /opt/airflow/dags/crawl_f1_data.py
[2025-04-24T08:34:51.914+0000] {processor.py:925} INFO - DAG(s) 'crawl_f1_data' retrieved from /opt/airflow/dags/crawl_f1_data.py
[2025-04-24T08:34:51.937+0000] {logging_mixin.py:190} INFO - [2025-04-24T08:34:51.937+0000] {dag.py:3239} INFO - Sync 1 DAGs
[2025-04-24T08:34:52.077+0000] {logging_mixin.py:190} INFO - [2025-04-24T08:34:52.077+0000] {dag.py:4180} INFO - Setting next_dagrun for crawl_f1_data to 2025-04-01 00:00:00+00:00, run_after=2025-05-01 00:00:00+00:00
[2025-04-24T08:34:52.093+0000] {processor.py:208} INFO - Processing /opt/airflow/dags/crawl_f1_data.py took 0.205 seconds
[2025-04-24T08:35:22.297+0000] {processor.py:186} INFO - Started process (PID=1478) to work on /opt/airflow/dags/crawl_f1_data.py
[2025-04-24T08:35:22.298+0000] {processor.py:914} INFO - Processing file /opt/airflow/dags/crawl_f1_data.py for tasks to queue
[2025-04-24T08:35:22.300+0000] {logging_mixin.py:190} INFO - [2025-04-24T08:35:22.299+0000] {dagbag.py:588} INFO - Filling up the DagBag from /opt/airflow/dags/crawl_f1_data.py
[2025-04-24T08:35:22.318+0000] {processor.py:925} INFO - DAG(s) 'crawl_f1_data' retrieved from /opt/airflow/dags/crawl_f1_data.py
[2025-04-24T08:35:22.347+0000] {logging_mixin.py:190} INFO - [2025-04-24T08:35:22.347+0000] {dag.py:3239} INFO - Sync 1 DAGs
[2025-04-24T08:35:22.498+0000] {logging_mixin.py:190} INFO - [2025-04-24T08:35:22.498+0000] {dag.py:4180} INFO - Setting next_dagrun for crawl_f1_data to 2025-04-01 00:00:00+00:00, run_after=2025-05-01 00:00:00+00:00
[2025-04-24T08:35:22.514+0000] {processor.py:208} INFO - Processing /opt/airflow/dags/crawl_f1_data.py took 0.221 seconds
[2025-04-24T08:35:52.728+0000] {processor.py:186} INFO - Started process (PID=1483) to work on /opt/airflow/dags/crawl_f1_data.py
[2025-04-24T08:35:52.729+0000] {processor.py:914} INFO - Processing file /opt/airflow/dags/crawl_f1_data.py for tasks to queue
[2025-04-24T08:35:52.730+0000] {logging_mixin.py:190} INFO - [2025-04-24T08:35:52.730+0000] {dagbag.py:588} INFO - Filling up the DagBag from /opt/airflow/dags/crawl_f1_data.py
[2025-04-24T08:35:52.749+0000] {processor.py:925} INFO - DAG(s) 'crawl_f1_data' retrieved from /opt/airflow/dags/crawl_f1_data.py
[2025-04-24T08:35:52.773+0000] {logging_mixin.py:190} INFO - [2025-04-24T08:35:52.773+0000] {dag.py:3239} INFO - Sync 1 DAGs
[2025-04-24T08:35:52.794+0000] {logging_mixin.py:190} INFO - [2025-04-24T08:35:52.794+0000] {dag.py:4180} INFO - Setting next_dagrun for crawl_f1_data to 2025-04-01 00:00:00+00:00, run_after=2025-05-01 00:00:00+00:00
[2025-04-24T08:35:52.820+0000] {processor.py:208} INFO - Processing /opt/airflow/dags/crawl_f1_data.py took 0.097 seconds
[2025-04-24T08:36:22.926+0000] {processor.py:186} INFO - Started process (PID=1488) to work on /opt/airflow/dags/crawl_f1_data.py
[2025-04-24T08:36:22.927+0000] {processor.py:914} INFO - Processing file /opt/airflow/dags/crawl_f1_data.py for tasks to queue
[2025-04-24T08:36:22.929+0000] {logging_mixin.py:190} INFO - [2025-04-24T08:36:22.929+0000] {dagbag.py:588} INFO - Filling up the DagBag from /opt/airflow/dags/crawl_f1_data.py
[2025-04-24T08:36:22.949+0000] {processor.py:925} INFO - DAG(s) 'crawl_f1_data' retrieved from /opt/airflow/dags/crawl_f1_data.py
[2025-04-24T08:36:22.973+0000] {logging_mixin.py:190} INFO - [2025-04-24T08:36:22.973+0000] {dag.py:3239} INFO - Sync 1 DAGs
[2025-04-24T08:36:22.997+0000] {logging_mixin.py:190} INFO - [2025-04-24T08:36:22.997+0000] {dag.py:4180} INFO - Setting next_dagrun for crawl_f1_data to 2025-04-01 00:00:00+00:00, run_after=2025-05-01 00:00:00+00:00
[2025-04-24T08:36:23.019+0000] {processor.py:208} INFO - Processing /opt/airflow/dags/crawl_f1_data.py took 0.098 seconds
[2025-04-24T08:36:53.225+0000] {processor.py:186} INFO - Started process (PID=1493) to work on /opt/airflow/dags/crawl_f1_data.py
[2025-04-24T08:36:53.226+0000] {processor.py:914} INFO - Processing file /opt/airflow/dags/crawl_f1_data.py for tasks to queue
[2025-04-24T08:36:53.228+0000] {logging_mixin.py:190} INFO - [2025-04-24T08:36:53.227+0000] {dagbag.py:588} INFO - Filling up the DagBag from /opt/airflow/dags/crawl_f1_data.py
[2025-04-24T08:36:53.248+0000] {processor.py:925} INFO - DAG(s) 'crawl_f1_data' retrieved from /opt/airflow/dags/crawl_f1_data.py
[2025-04-24T08:36:53.274+0000] {logging_mixin.py:190} INFO - [2025-04-24T08:36:53.274+0000] {dag.py:3239} INFO - Sync 1 DAGs
[2025-04-24T08:36:53.305+0000] {logging_mixin.py:190} INFO - [2025-04-24T08:36:53.305+0000] {dag.py:4180} INFO - Setting next_dagrun for crawl_f1_data to 2025-04-01 00:00:00+00:00, run_after=2025-05-01 00:00:00+00:00
[2025-04-24T08:36:53.337+0000] {processor.py:208} INFO - Processing /opt/airflow/dags/crawl_f1_data.py took 0.117 seconds
[2025-04-24T08:37:23.444+0000] {processor.py:186} INFO - Started process (PID=1498) to work on /opt/airflow/dags/crawl_f1_data.py
[2025-04-24T08:37:23.444+0000] {processor.py:914} INFO - Processing file /opt/airflow/dags/crawl_f1_data.py for tasks to queue
[2025-04-24T08:37:23.447+0000] {logging_mixin.py:190} INFO - [2025-04-24T08:37:23.446+0000] {dagbag.py:588} INFO - Filling up the DagBag from /opt/airflow/dags/crawl_f1_data.py
[2025-04-24T08:37:23.476+0000] {processor.py:925} INFO - DAG(s) 'crawl_f1_data' retrieved from /opt/airflow/dags/crawl_f1_data.py
[2025-04-24T08:37:23.518+0000] {logging_mixin.py:190} INFO - [2025-04-24T08:37:23.518+0000] {dag.py:3239} INFO - Sync 1 DAGs
[2025-04-24T08:37:23.554+0000] {logging_mixin.py:190} INFO - [2025-04-24T08:37:23.553+0000] {dag.py:4180} INFO - Setting next_dagrun for crawl_f1_data to 2025-04-01 00:00:00+00:00, run_after=2025-05-01 00:00:00+00:00
[2025-04-24T08:37:23.744+0000] {processor.py:208} INFO - Processing /opt/airflow/dags/crawl_f1_data.py took 0.306 seconds
[2025-04-24T08:37:53.962+0000] {processor.py:186} INFO - Started process (PID=1503) to work on /opt/airflow/dags/crawl_f1_data.py
[2025-04-24T08:37:53.962+0000] {processor.py:914} INFO - Processing file /opt/airflow/dags/crawl_f1_data.py for tasks to queue
[2025-04-24T08:37:53.965+0000] {logging_mixin.py:190} INFO - [2025-04-24T08:37:53.964+0000] {dagbag.py:588} INFO - Filling up the DagBag from /opt/airflow/dags/crawl_f1_data.py
[2025-04-24T08:37:53.985+0000] {processor.py:925} INFO - DAG(s) 'crawl_f1_data' retrieved from /opt/airflow/dags/crawl_f1_data.py
[2025-04-24T08:37:54.011+0000] {logging_mixin.py:190} INFO - [2025-04-24T08:37:54.011+0000] {dag.py:3239} INFO - Sync 1 DAGs
[2025-04-24T08:37:54.160+0000] {logging_mixin.py:190} INFO - [2025-04-24T08:37:54.160+0000] {dag.py:4180} INFO - Setting next_dagrun for crawl_f1_data to 2025-04-01 00:00:00+00:00, run_after=2025-05-01 00:00:00+00:00
[2025-04-24T08:37:54.180+0000] {processor.py:208} INFO - Processing /opt/airflow/dags/crawl_f1_data.py took 0.223 seconds
[2025-04-24T08:38:24.384+0000] {processor.py:186} INFO - Started process (PID=1508) to work on /opt/airflow/dags/crawl_f1_data.py
[2025-04-24T08:38:24.384+0000] {processor.py:914} INFO - Processing file /opt/airflow/dags/crawl_f1_data.py for tasks to queue
[2025-04-24T08:38:24.386+0000] {logging_mixin.py:190} INFO - [2025-04-24T08:38:24.386+0000] {dagbag.py:588} INFO - Filling up the DagBag from /opt/airflow/dags/crawl_f1_data.py
[2025-04-24T08:38:24.403+0000] {processor.py:925} INFO - DAG(s) 'crawl_f1_data' retrieved from /opt/airflow/dags/crawl_f1_data.py
[2025-04-24T08:38:24.543+0000] {logging_mixin.py:190} INFO - [2025-04-24T08:38:24.543+0000] {dag.py:3239} INFO - Sync 1 DAGs
[2025-04-24T08:38:24.563+0000] {logging_mixin.py:190} INFO - [2025-04-24T08:38:24.563+0000] {dag.py:4180} INFO - Setting next_dagrun for crawl_f1_data to 2025-04-01 00:00:00+00:00, run_after=2025-05-01 00:00:00+00:00
[2025-04-24T08:38:24.580+0000] {processor.py:208} INFO - Processing /opt/airflow/dags/crawl_f1_data.py took 0.200 seconds
[2025-04-24T08:38:54.792+0000] {processor.py:186} INFO - Started process (PID=1513) to work on /opt/airflow/dags/crawl_f1_data.py
[2025-04-24T08:38:54.793+0000] {processor.py:914} INFO - Processing file /opt/airflow/dags/crawl_f1_data.py for tasks to queue
[2025-04-24T08:38:54.795+0000] {logging_mixin.py:190} INFO - [2025-04-24T08:38:54.795+0000] {dagbag.py:588} INFO - Filling up the DagBag from /opt/airflow/dags/crawl_f1_data.py
[2025-04-24T08:38:54.812+0000] {processor.py:925} INFO - DAG(s) 'crawl_f1_data' retrieved from /opt/airflow/dags/crawl_f1_data.py
[2025-04-24T08:38:54.837+0000] {logging_mixin.py:190} INFO - [2025-04-24T08:38:54.837+0000] {dag.py:3239} INFO - Sync 1 DAGs
[2025-04-24T08:38:54.860+0000] {logging_mixin.py:190} INFO - [2025-04-24T08:38:54.859+0000] {dag.py:4180} INFO - Setting next_dagrun for crawl_f1_data to 2025-04-01 00:00:00+00:00, run_after=2025-05-01 00:00:00+00:00
[2025-04-24T08:38:54.879+0000] {processor.py:208} INFO - Processing /opt/airflow/dags/crawl_f1_data.py took 0.092 seconds
[2025-04-24T08:39:24.990+0000] {processor.py:186} INFO - Started process (PID=1518) to work on /opt/airflow/dags/crawl_f1_data.py
[2025-04-24T08:39:24.991+0000] {processor.py:914} INFO - Processing file /opt/airflow/dags/crawl_f1_data.py for tasks to queue
[2025-04-24T08:39:24.993+0000] {logging_mixin.py:190} INFO - [2025-04-24T08:39:24.992+0000] {dagbag.py:588} INFO - Filling up the DagBag from /opt/airflow/dags/crawl_f1_data.py
[2025-04-24T08:39:25.012+0000] {processor.py:925} INFO - DAG(s) 'crawl_f1_data' retrieved from /opt/airflow/dags/crawl_f1_data.py
[2025-04-24T08:39:25.035+0000] {logging_mixin.py:190} INFO - [2025-04-24T08:39:25.035+0000] {dag.py:3239} INFO - Sync 1 DAGs
[2025-04-24T08:39:25.057+0000] {logging_mixin.py:190} INFO - [2025-04-24T08:39:25.056+0000] {dag.py:4180} INFO - Setting next_dagrun for crawl_f1_data to 2025-04-01 00:00:00+00:00, run_after=2025-05-01 00:00:00+00:00
[2025-04-24T08:39:25.076+0000] {processor.py:208} INFO - Processing /opt/airflow/dags/crawl_f1_data.py took 0.091 seconds
[2025-04-24T08:39:55.273+0000] {processor.py:186} INFO - Started process (PID=1523) to work on /opt/airflow/dags/crawl_f1_data.py
[2025-04-24T08:39:55.274+0000] {processor.py:914} INFO - Processing file /opt/airflow/dags/crawl_f1_data.py for tasks to queue
[2025-04-24T08:39:55.276+0000] {logging_mixin.py:190} INFO - [2025-04-24T08:39:55.275+0000] {dagbag.py:588} INFO - Filling up the DagBag from /opt/airflow/dags/crawl_f1_data.py
[2025-04-24T08:39:55.293+0000] {processor.py:925} INFO - DAG(s) 'crawl_f1_data' retrieved from /opt/airflow/dags/crawl_f1_data.py
[2025-04-24T08:39:55.318+0000] {logging_mixin.py:190} INFO - [2025-04-24T08:39:55.318+0000] {dag.py:3239} INFO - Sync 1 DAGs
[2025-04-24T08:39:55.342+0000] {logging_mixin.py:190} INFO - [2025-04-24T08:39:55.342+0000] {dag.py:4180} INFO - Setting next_dagrun for crawl_f1_data to 2025-04-01 00:00:00+00:00, run_after=2025-05-01 00:00:00+00:00
[2025-04-24T08:39:55.362+0000] {processor.py:208} INFO - Processing /opt/airflow/dags/crawl_f1_data.py took 0.093 seconds
[2025-04-24T08:40:25.478+0000] {processor.py:186} INFO - Started process (PID=1528) to work on /opt/airflow/dags/crawl_f1_data.py
[2025-04-24T08:40:25.479+0000] {processor.py:914} INFO - Processing file /opt/airflow/dags/crawl_f1_data.py for tasks to queue
[2025-04-24T08:40:25.481+0000] {logging_mixin.py:190} INFO - [2025-04-24T08:40:25.481+0000] {dagbag.py:588} INFO - Filling up the DagBag from /opt/airflow/dags/crawl_f1_data.py
[2025-04-24T08:40:25.501+0000] {processor.py:925} INFO - DAG(s) 'crawl_f1_data' retrieved from /opt/airflow/dags/crawl_f1_data.py
[2025-04-24T08:40:25.525+0000] {logging_mixin.py:190} INFO - [2025-04-24T08:40:25.525+0000] {dag.py:3239} INFO - Sync 1 DAGs
[2025-04-24T08:40:25.677+0000] {logging_mixin.py:190} INFO - [2025-04-24T08:40:25.677+0000] {dag.py:4180} INFO - Setting next_dagrun for crawl_f1_data to 2025-04-01 00:00:00+00:00, run_after=2025-05-01 00:00:00+00:00
[2025-04-24T08:40:25.694+0000] {processor.py:208} INFO - Processing /opt/airflow/dags/crawl_f1_data.py took 0.221 seconds
[2025-04-24T08:40:55.753+0000] {processor.py:186} INFO - Started process (PID=1533) to work on /opt/airflow/dags/crawl_f1_data.py
[2025-04-24T08:40:55.754+0000] {processor.py:914} INFO - Processing file /opt/airflow/dags/crawl_f1_data.py for tasks to queue
[2025-04-24T08:40:55.756+0000] {logging_mixin.py:190} INFO - [2025-04-24T08:40:55.756+0000] {dagbag.py:588} INFO - Filling up the DagBag from /opt/airflow/dags/crawl_f1_data.py
[2025-04-24T08:40:55.776+0000] {processor.py:925} INFO - DAG(s) 'crawl_f1_data' retrieved from /opt/airflow/dags/crawl_f1_data.py
[2025-04-24T08:40:55.800+0000] {logging_mixin.py:190} INFO - [2025-04-24T08:40:55.800+0000] {dag.py:3239} INFO - Sync 1 DAGs
[2025-04-24T08:40:55.947+0000] {logging_mixin.py:190} INFO - [2025-04-24T08:40:55.947+0000] {dag.py:4180} INFO - Setting next_dagrun for crawl_f1_data to 2025-04-01 00:00:00+00:00, run_after=2025-05-01 00:00:00+00:00
[2025-04-24T08:40:55.973+0000] {processor.py:208} INFO - Processing /opt/airflow/dags/crawl_f1_data.py took 0.224 seconds
[2025-04-24T08:41:26.091+0000] {processor.py:186} INFO - Started process (PID=1538) to work on /opt/airflow/dags/crawl_f1_data.py
[2025-04-24T08:41:26.092+0000] {processor.py:914} INFO - Processing file /opt/airflow/dags/crawl_f1_data.py for tasks to queue
[2025-04-24T08:41:26.094+0000] {logging_mixin.py:190} INFO - [2025-04-24T08:41:26.093+0000] {dagbag.py:588} INFO - Filling up the DagBag from /opt/airflow/dags/crawl_f1_data.py
[2025-04-24T08:41:26.114+0000] {processor.py:925} INFO - DAG(s) 'crawl_f1_data' retrieved from /opt/airflow/dags/crawl_f1_data.py
[2025-04-24T08:41:26.275+0000] {logging_mixin.py:190} INFO - [2025-04-24T08:41:26.275+0000] {dag.py:3239} INFO - Sync 1 DAGs
[2025-04-24T08:41:26.305+0000] {logging_mixin.py:190} INFO - [2025-04-24T08:41:26.305+0000] {dag.py:4180} INFO - Setting next_dagrun for crawl_f1_data to 2025-04-01 00:00:00+00:00, run_after=2025-05-01 00:00:00+00:00
[2025-04-24T08:41:26.332+0000] {processor.py:208} INFO - Processing /opt/airflow/dags/crawl_f1_data.py took 0.245 seconds
[2025-04-24T08:41:56.386+0000] {processor.py:186} INFO - Started process (PID=1543) to work on /opt/airflow/dags/crawl_f1_data.py
[2025-04-24T08:41:56.387+0000] {processor.py:914} INFO - Processing file /opt/airflow/dags/crawl_f1_data.py for tasks to queue
[2025-04-24T08:41:56.389+0000] {logging_mixin.py:190} INFO - [2025-04-24T08:41:56.388+0000] {dagbag.py:588} INFO - Filling up the DagBag from /opt/airflow/dags/crawl_f1_data.py
[2025-04-24T08:41:56.407+0000] {processor.py:925} INFO - DAG(s) 'crawl_f1_data' retrieved from /opt/airflow/dags/crawl_f1_data.py
[2025-04-24T08:41:56.430+0000] {logging_mixin.py:190} INFO - [2025-04-24T08:41:56.430+0000] {dag.py:3239} INFO - Sync 1 DAGs
[2025-04-24T08:41:56.450+0000] {logging_mixin.py:190} INFO - [2025-04-24T08:41:56.450+0000] {dag.py:4180} INFO - Setting next_dagrun for crawl_f1_data to 2025-04-01 00:00:00+00:00, run_after=2025-05-01 00:00:00+00:00
[2025-04-24T08:41:56.467+0000] {processor.py:208} INFO - Processing /opt/airflow/dags/crawl_f1_data.py took 0.085 seconds
[2025-04-24T08:42:26.588+0000] {processor.py:186} INFO - Started process (PID=1548) to work on /opt/airflow/dags/crawl_f1_data.py
[2025-04-24T08:42:26.626+0000] {processor.py:914} INFO - Processing file /opt/airflow/dags/crawl_f1_data.py for tasks to queue
[2025-04-24T08:42:26.629+0000] {logging_mixin.py:190} INFO - [2025-04-24T08:42:26.628+0000] {dagbag.py:588} INFO - Filling up the DagBag from /opt/airflow/dags/crawl_f1_data.py
[2025-04-24T08:42:26.647+0000] {processor.py:925} INFO - DAG(s) 'crawl_f1_data' retrieved from /opt/airflow/dags/crawl_f1_data.py
[2025-04-24T08:42:26.669+0000] {logging_mixin.py:190} INFO - [2025-04-24T08:42:26.669+0000] {dag.py:3239} INFO - Sync 1 DAGs
[2025-04-24T08:42:26.689+0000] {logging_mixin.py:190} INFO - [2025-04-24T08:42:26.689+0000] {dag.py:4180} INFO - Setting next_dagrun for crawl_f1_data to 2025-04-01 00:00:00+00:00, run_after=2025-05-01 00:00:00+00:00
[2025-04-24T08:42:26.707+0000] {processor.py:208} INFO - Processing /opt/airflow/dags/crawl_f1_data.py took 0.124 seconds
[2025-04-24T08:42:56.857+0000] {processor.py:186} INFO - Started process (PID=1553) to work on /opt/airflow/dags/crawl_f1_data.py
[2025-04-24T08:42:56.858+0000] {processor.py:914} INFO - Processing file /opt/airflow/dags/crawl_f1_data.py for tasks to queue
[2025-04-24T08:42:56.860+0000] {logging_mixin.py:190} INFO - [2025-04-24T08:42:56.860+0000] {dagbag.py:588} INFO - Filling up the DagBag from /opt/airflow/dags/crawl_f1_data.py
[2025-04-24T08:42:56.879+0000] {processor.py:925} INFO - DAG(s) 'crawl_f1_data' retrieved from /opt/airflow/dags/crawl_f1_data.py
[2025-04-24T08:42:56.902+0000] {logging_mixin.py:190} INFO - [2025-04-24T08:42:56.901+0000] {dag.py:3239} INFO - Sync 1 DAGs
[2025-04-24T08:42:56.923+0000] {logging_mixin.py:190} INFO - [2025-04-24T08:42:56.923+0000] {dag.py:4180} INFO - Setting next_dagrun for crawl_f1_data to 2025-04-01 00:00:00+00:00, run_after=2025-05-01 00:00:00+00:00
[2025-04-24T08:42:57.065+0000] {processor.py:208} INFO - Processing /opt/airflow/dags/crawl_f1_data.py took 0.212 seconds
[2025-04-24T08:43:27.304+0000] {processor.py:186} INFO - Started process (PID=1558) to work on /opt/airflow/dags/crawl_f1_data.py
[2025-04-24T08:43:27.305+0000] {processor.py:914} INFO - Processing file /opt/airflow/dags/crawl_f1_data.py for tasks to queue
[2025-04-24T08:43:27.307+0000] {logging_mixin.py:190} INFO - [2025-04-24T08:43:27.307+0000] {dagbag.py:588} INFO - Filling up the DagBag from /opt/airflow/dags/crawl_f1_data.py
[2025-04-24T08:43:27.327+0000] {processor.py:925} INFO - DAG(s) 'crawl_f1_data' retrieved from /opt/airflow/dags/crawl_f1_data.py
[2025-04-24T08:43:27.357+0000] {logging_mixin.py:190} INFO - [2025-04-24T08:43:27.357+0000] {dag.py:3239} INFO - Sync 1 DAGs
[2025-04-24T08:43:27.522+0000] {logging_mixin.py:190} INFO - [2025-04-24T08:43:27.521+0000] {dag.py:4180} INFO - Setting next_dagrun for crawl_f1_data to 2025-04-01 00:00:00+00:00, run_after=2025-05-01 00:00:00+00:00
[2025-04-24T08:43:27.539+0000] {processor.py:208} INFO - Processing /opt/airflow/dags/crawl_f1_data.py took 0.240 seconds
[2025-04-24T08:43:57.789+0000] {processor.py:186} INFO - Started process (PID=1563) to work on /opt/airflow/dags/crawl_f1_data.py
[2025-04-24T08:43:57.790+0000] {processor.py:914} INFO - Processing file /opt/airflow/dags/crawl_f1_data.py for tasks to queue
[2025-04-24T08:43:57.791+0000] {logging_mixin.py:190} INFO - [2025-04-24T08:43:57.791+0000] {dagbag.py:588} INFO - Filling up the DagBag from /opt/airflow/dags/crawl_f1_data.py
[2025-04-24T08:43:57.810+0000] {processor.py:925} INFO - DAG(s) 'crawl_f1_data' retrieved from /opt/airflow/dags/crawl_f1_data.py
[2025-04-24T08:43:57.834+0000] {logging_mixin.py:190} INFO - [2025-04-24T08:43:57.834+0000] {dag.py:3239} INFO - Sync 1 DAGs
[2025-04-24T08:43:57.983+0000] {logging_mixin.py:190} INFO - [2025-04-24T08:43:57.982+0000] {dag.py:4180} INFO - Setting next_dagrun for crawl_f1_data to 2025-04-01 00:00:00+00:00, run_after=2025-05-01 00:00:00+00:00
[2025-04-24T08:43:58.001+0000] {processor.py:208} INFO - Processing /opt/airflow/dags/crawl_f1_data.py took 0.217 seconds
[2025-04-24T08:44:28.212+0000] {processor.py:186} INFO - Started process (PID=1568) to work on /opt/airflow/dags/crawl_f1_data.py
[2025-04-24T08:44:28.213+0000] {processor.py:914} INFO - Processing file /opt/airflow/dags/crawl_f1_data.py for tasks to queue
[2025-04-24T08:44:28.215+0000] {logging_mixin.py:190} INFO - [2025-04-24T08:44:28.214+0000] {dagbag.py:588} INFO - Filling up the DagBag from /opt/airflow/dags/crawl_f1_data.py
[2025-04-24T08:44:28.236+0000] {processor.py:925} INFO - DAG(s) 'crawl_f1_data' retrieved from /opt/airflow/dags/crawl_f1_data.py
[2025-04-24T08:44:28.265+0000] {logging_mixin.py:190} INFO - [2025-04-24T08:44:28.264+0000] {dag.py:3239} INFO - Sync 1 DAGs
[2025-04-24T08:44:28.290+0000] {logging_mixin.py:190} INFO - [2025-04-24T08:44:28.289+0000] {dag.py:4180} INFO - Setting next_dagrun for crawl_f1_data to 2025-04-01 00:00:00+00:00, run_after=2025-05-01 00:00:00+00:00
[2025-04-24T08:44:28.312+0000] {processor.py:208} INFO - Processing /opt/airflow/dags/crawl_f1_data.py took 0.106 seconds
[2025-04-24T08:44:58.408+0000] {processor.py:186} INFO - Started process (PID=1573) to work on /opt/airflow/dags/crawl_f1_data.py
[2025-04-24T08:44:58.409+0000] {processor.py:914} INFO - Processing file /opt/airflow/dags/crawl_f1_data.py for tasks to queue
[2025-04-24T08:44:58.412+0000] {logging_mixin.py:190} INFO - [2025-04-24T08:44:58.411+0000] {dagbag.py:588} INFO - Filling up the DagBag from /opt/airflow/dags/crawl_f1_data.py
[2025-04-24T08:44:58.437+0000] {processor.py:925} INFO - DAG(s) 'crawl_f1_data' retrieved from /opt/airflow/dags/crawl_f1_data.py
[2025-04-24T08:44:58.463+0000] {logging_mixin.py:190} INFO - [2025-04-24T08:44:58.463+0000] {dag.py:3239} INFO - Sync 1 DAGs
[2025-04-24T08:44:58.490+0000] {logging_mixin.py:190} INFO - [2025-04-24T08:44:58.490+0000] {dag.py:4180} INFO - Setting next_dagrun for crawl_f1_data to 2025-04-01 00:00:00+00:00, run_after=2025-05-01 00:00:00+00:00
[2025-04-24T08:44:58.513+0000] {processor.py:208} INFO - Processing /opt/airflow/dags/crawl_f1_data.py took 0.111 seconds
[2025-04-24T08:45:28.707+0000] {processor.py:186} INFO - Started process (PID=1578) to work on /opt/airflow/dags/crawl_f1_data.py
[2025-04-24T08:45:28.708+0000] {processor.py:914} INFO - Processing file /opt/airflow/dags/crawl_f1_data.py for tasks to queue
[2025-04-24T08:45:28.710+0000] {logging_mixin.py:190} INFO - [2025-04-24T08:45:28.709+0000] {dagbag.py:588} INFO - Filling up the DagBag from /opt/airflow/dags/crawl_f1_data.py
[2025-04-24T08:45:28.728+0000] {processor.py:925} INFO - DAG(s) 'crawl_f1_data' retrieved from /opt/airflow/dags/crawl_f1_data.py
[2025-04-24T08:45:28.754+0000] {logging_mixin.py:190} INFO - [2025-04-24T08:45:28.753+0000] {dag.py:3239} INFO - Sync 1 DAGs
[2025-04-24T08:45:28.782+0000] {logging_mixin.py:190} INFO - [2025-04-24T08:45:28.781+0000] {dag.py:4180} INFO - Setting next_dagrun for crawl_f1_data to 2025-04-01 00:00:00+00:00, run_after=2025-05-01 00:00:00+00:00
[2025-04-24T08:45:28.802+0000] {processor.py:208} INFO - Processing /opt/airflow/dags/crawl_f1_data.py took 0.098 seconds
[2025-04-24T08:45:58.914+0000] {processor.py:186} INFO - Started process (PID=1583) to work on /opt/airflow/dags/crawl_f1_data.py
[2025-04-24T08:45:58.915+0000] {processor.py:914} INFO - Processing file /opt/airflow/dags/crawl_f1_data.py for tasks to queue
[2025-04-24T08:45:58.917+0000] {logging_mixin.py:190} INFO - [2025-04-24T08:45:58.917+0000] {dagbag.py:588} INFO - Filling up the DagBag from /opt/airflow/dags/crawl_f1_data.py
[2025-04-24T08:45:58.937+0000] {processor.py:925} INFO - DAG(s) 'crawl_f1_data' retrieved from /opt/airflow/dags/crawl_f1_data.py
[2025-04-24T08:45:58.962+0000] {logging_mixin.py:190} INFO - [2025-04-24T08:45:58.961+0000] {dag.py:3239} INFO - Sync 1 DAGs
[2025-04-24T08:45:58.988+0000] {logging_mixin.py:190} INFO - [2025-04-24T08:45:58.987+0000] {dag.py:4180} INFO - Setting next_dagrun for crawl_f1_data to 2025-04-01 00:00:00+00:00, run_after=2025-05-01 00:00:00+00:00
[2025-04-24T08:45:59.131+0000] {processor.py:208} INFO - Processing /opt/airflow/dags/crawl_f1_data.py took 0.221 seconds
[2025-04-24T08:46:29.194+0000] {processor.py:186} INFO - Started process (PID=1588) to work on /opt/airflow/dags/crawl_f1_data.py
[2025-04-24T08:46:29.195+0000] {processor.py:914} INFO - Processing file /opt/airflow/dags/crawl_f1_data.py for tasks to queue
[2025-04-24T08:46:29.197+0000] {logging_mixin.py:190} INFO - [2025-04-24T08:46:29.196+0000] {dagbag.py:588} INFO - Filling up the DagBag from /opt/airflow/dags/crawl_f1_data.py
[2025-04-24T08:46:29.215+0000] {processor.py:925} INFO - DAG(s) 'crawl_f1_data' retrieved from /opt/airflow/dags/crawl_f1_data.py
[2025-04-24T08:46:29.239+0000] {logging_mixin.py:190} INFO - [2025-04-24T08:46:29.239+0000] {dag.py:3239} INFO - Sync 1 DAGs
[2025-04-24T08:46:29.389+0000] {logging_mixin.py:190} INFO - [2025-04-24T08:46:29.388+0000] {dag.py:4180} INFO - Setting next_dagrun for crawl_f1_data to 2025-04-01 00:00:00+00:00, run_after=2025-05-01 00:00:00+00:00
[2025-04-24T08:46:29.406+0000] {processor.py:208} INFO - Processing /opt/airflow/dags/crawl_f1_data.py took 0.217 seconds
[2025-04-24T08:46:59.535+0000] {processor.py:186} INFO - Started process (PID=1593) to work on /opt/airflow/dags/crawl_f1_data.py
[2025-04-24T08:46:59.536+0000] {processor.py:914} INFO - Processing file /opt/airflow/dags/crawl_f1_data.py for tasks to queue
[2025-04-24T08:46:59.539+0000] {logging_mixin.py:190} INFO - [2025-04-24T08:46:59.539+0000] {dagbag.py:588} INFO - Filling up the DagBag from /opt/airflow/dags/crawl_f1_data.py
[2025-04-24T08:46:59.561+0000] {processor.py:925} INFO - DAG(s) 'crawl_f1_data' retrieved from /opt/airflow/dags/crawl_f1_data.py
[2025-04-24T08:46:59.707+0000] {logging_mixin.py:190} INFO - [2025-04-24T08:46:59.706+0000] {dag.py:3239} INFO - Sync 1 DAGs
[2025-04-24T08:46:59.726+0000] {logging_mixin.py:190} INFO - [2025-04-24T08:46:59.726+0000] {dag.py:4180} INFO - Setting next_dagrun for crawl_f1_data to 2025-04-01 00:00:00+00:00, run_after=2025-05-01 00:00:00+00:00
[2025-04-24T08:46:59.743+0000] {processor.py:208} INFO - Processing /opt/airflow/dags/crawl_f1_data.py took 0.212 seconds
[2025-04-24T08:47:29.802+0000] {processor.py:186} INFO - Started process (PID=1598) to work on /opt/airflow/dags/crawl_f1_data.py
[2025-04-24T08:47:29.803+0000] {processor.py:914} INFO - Processing file /opt/airflow/dags/crawl_f1_data.py for tasks to queue
[2025-04-24T08:47:29.805+0000] {logging_mixin.py:190} INFO - [2025-04-24T08:47:29.804+0000] {dagbag.py:588} INFO - Filling up the DagBag from /opt/airflow/dags/crawl_f1_data.py
[2025-04-24T08:47:29.822+0000] {processor.py:925} INFO - DAG(s) 'crawl_f1_data' retrieved from /opt/airflow/dags/crawl_f1_data.py
[2025-04-24T08:47:29.845+0000] {logging_mixin.py:190} INFO - [2025-04-24T08:47:29.844+0000] {dag.py:3239} INFO - Sync 1 DAGs
[2025-04-24T08:47:29.866+0000] {logging_mixin.py:190} INFO - [2025-04-24T08:47:29.866+0000] {dag.py:4180} INFO - Setting next_dagrun for crawl_f1_data to 2025-04-01 00:00:00+00:00, run_after=2025-05-01 00:00:00+00:00
[2025-04-24T08:47:29.883+0000] {processor.py:208} INFO - Processing /opt/airflow/dags/crawl_f1_data.py took 0.085 seconds
[2025-04-24T08:48:00.005+0000] {processor.py:186} INFO - Started process (PID=1603) to work on /opt/airflow/dags/crawl_f1_data.py
[2025-04-24T08:48:00.005+0000] {processor.py:914} INFO - Processing file /opt/airflow/dags/crawl_f1_data.py for tasks to queue
[2025-04-24T08:48:00.007+0000] {logging_mixin.py:190} INFO - [2025-04-24T08:48:00.007+0000] {dagbag.py:588} INFO - Filling up the DagBag from /opt/airflow/dags/crawl_f1_data.py
[2025-04-24T08:48:00.027+0000] {processor.py:925} INFO - DAG(s) 'crawl_f1_data' retrieved from /opt/airflow/dags/crawl_f1_data.py
[2025-04-24T08:48:00.050+0000] {logging_mixin.py:190} INFO - [2025-04-24T08:48:00.049+0000] {dag.py:3239} INFO - Sync 1 DAGs
[2025-04-24T08:48:00.070+0000] {logging_mixin.py:190} INFO - [2025-04-24T08:48:00.070+0000] {dag.py:4180} INFO - Setting next_dagrun for crawl_f1_data to 2025-04-01 00:00:00+00:00, run_after=2025-05-01 00:00:00+00:00
[2025-04-24T08:48:00.087+0000] {processor.py:208} INFO - Processing /opt/airflow/dags/crawl_f1_data.py took 0.087 seconds
[2025-04-24T08:48:30.273+0000] {processor.py:186} INFO - Started process (PID=1608) to work on /opt/airflow/dags/crawl_f1_data.py
[2025-04-24T08:48:30.274+0000] {processor.py:914} INFO - Processing file /opt/airflow/dags/crawl_f1_data.py for tasks to queue
[2025-04-24T08:48:30.277+0000] {logging_mixin.py:190} INFO - [2025-04-24T08:48:30.277+0000] {dagbag.py:588} INFO - Filling up the DagBag from /opt/airflow/dags/crawl_f1_data.py
[2025-04-24T08:48:30.295+0000] {processor.py:925} INFO - DAG(s) 'crawl_f1_data' retrieved from /opt/airflow/dags/crawl_f1_data.py
[2025-04-24T08:48:30.319+0000] {logging_mixin.py:190} INFO - [2025-04-24T08:48:30.319+0000] {dag.py:3239} INFO - Sync 1 DAGs
[2025-04-24T08:48:30.341+0000] {logging_mixin.py:190} INFO - [2025-04-24T08:48:30.341+0000] {dag.py:4180} INFO - Setting next_dagrun for crawl_f1_data to 2025-04-01 00:00:00+00:00, run_after=2025-05-01 00:00:00+00:00
[2025-04-24T08:48:30.361+0000] {processor.py:208} INFO - Processing /opt/airflow/dags/crawl_f1_data.py took 0.092 seconds
[2025-04-24T08:49:00.505+0000] {processor.py:186} INFO - Started process (PID=1613) to work on /opt/airflow/dags/crawl_f1_data.py
[2025-04-24T08:49:00.506+0000] {processor.py:914} INFO - Processing file /opt/airflow/dags/crawl_f1_data.py for tasks to queue
[2025-04-24T08:49:00.508+0000] {logging_mixin.py:190} INFO - [2025-04-24T08:49:00.507+0000] {dagbag.py:588} INFO - Filling up the DagBag from /opt/airflow/dags/crawl_f1_data.py
[2025-04-24T08:49:00.527+0000] {processor.py:925} INFO - DAG(s) 'crawl_f1_data' retrieved from /opt/airflow/dags/crawl_f1_data.py
[2025-04-24T08:49:00.551+0000] {logging_mixin.py:190} INFO - [2025-04-24T08:49:00.551+0000] {dag.py:3239} INFO - Sync 1 DAGs
[2025-04-24T08:49:00.701+0000] {logging_mixin.py:190} INFO - [2025-04-24T08:49:00.701+0000] {dag.py:4180} INFO - Setting next_dagrun for crawl_f1_data to 2025-04-01 00:00:00+00:00, run_after=2025-05-01 00:00:00+00:00
[2025-04-24T08:49:00.719+0000] {processor.py:208} INFO - Processing /opt/airflow/dags/crawl_f1_data.py took 0.219 seconds
